0 0.7618630530189836 -0.08195189147777959 -1.1830997920821744 -0.007852995354389363 -0.23256317511837982 -0.03321923851526121 0.9719820865130323
1 0.8001712198433755 -0.0840304703214636 -1.1576889891277213 -0.0070628420693769275 -0.21379973328849466 -0.03327029546506891 0.9762852236978637
2 0.8415622382302836 -0.08737135481116598 -1.1398824934708627 -0.006727096137559977 -0.1948532404911033 -0.03257502561968783 0.980268229918966
3 0.8845353869804098 -0.09094564031718344 -1.1253655411014547 -0.0063460033753117515 -0.17584045359288394 -0.03243058442787025 0.9838639173870982
4 0.929897109476602 -0.09570050589964496 -1.119560245049771 -0.006132173907422355 -0.15648697000211995 -0.032913873815205906 0.9871123944482789
5 0.9770459624482759 -0.10110913787505282 -1.1182337839414922 -0.005845449223086351 -0.13705532023968597 -0.034453942974413315 0.9899467712720583
6 1.0260662292415308 -0.10652081803184865 -1.1216913743291048 -0.005371998918327675 -0.11757060531064259 -0.03641271601565961 0.9923821881537603
7 1.0790248229012014 -0.11266744270347928 -1.1319210898094587 -0.004856148389014446 -0.0984509412217843 -0.038131692618743954 0.9943992413263963
8 1.1377724250486176 -0.12067548763927138 -1.1604207050704958 -0.00458602383081565 -0.0789524881585969 -0.038474079855540286 0.9961251048220736
9 1.1977983770726617 -0.1299981131181862 -1.2002412521707715 -0.004622657119090337 -0.060078292030143164 -0.0386046397376676 0.9974361723601718
10 1.2576058900946325 -0.14107029222822387 -1.2329677301743474 -0.0045729772844670235 -0.04047116338848606 -0.03954478982647409 0.9983873924851272
11 0.6426261670140243 -0.11506165446514832 -0.9359872813032353 0.005035792116468379 -0.2345436686844911 -0.02974489068537125 0.9716373683589309
12 0.6835987661938077 -0.11846284908778648 -0.914587258551087 0.005389822752765593 -0.21343289451621134 -0.029219525358557562 0.9765057966936281
13 0.7353019213039464 -0.12438930792602965 -0.9156143844032018 0.005303289942355794 -0.19238679189117533 -0.029403599631156147 0.9808642437022921
14 0.7914659088060247 -0.12491001062924317 -0.9011506710656848 0.00698524715028877 -0.17408669027780294 -0.0304123112245509 0.9842358294002966
15 0.84961845560239 -0.12775754489055968 -0.8858228839895941 0.007962504588456014 -0.15650205768502723 -0.031420229691217036 0.987145627091642
16 0.9036832058321111 -0.13516713690358628 -0.8814504038195521 0.00808906790578696 -0.1367823450951014 -0.03469868813306349 0.9899602130519515
17 0.9574257832459869 -0.14340228161220586 -0.8841110011724584 0.008415914008313362 -0.11602502586469499 -0.03873502260814418 0.9924550334054986
18 1.0081499124608593 -0.14602009800081994 -0.8642646825644056 0.00923897015213782 -0.0956853611062669 -0.03686036509940145 0.9946860145799845
19 1.066126522561495 -0.14787652024536035 -0.8687836992480353 0.010122131460263325 -0.07564857606857567 -0.03646677735382228 0.9964160696894426
20 1.1217476963673407 -0.1550031628582802 -0.8949994738891316 0.010333316939919769 -0.054209812801692694 -0.03572215511550982 0.997836917658478
21 1.1782241712181223 -0.16146767352155655 -0.9186496522315957 0.010416922039362508 -0.03429730109715373 -0.035733514559037914 0.998718349375421
22 0.6248370037522746 -0.165584069085293 -0.677025375254123 0.020065001866778554 -0.1898390847167438 -0.025857173796202122 0.9812695473953239
23 0.6900674178165247 -0.17059548486866838 -0.6562737665881367 0.020761183721312904 -0.17213809517041712 -0.028003510288030192 0.9844558395010471
24 0.7626675306270184 -0.1748343768283125 -0.6322391082805852 0.02166494077446802 -0.15668503951122267 -0.0293373925501704 0.9869750743301353
25 0.8288267698955005 -0.18017091311418243 -0.6169032860579942 0.022533692506258474 -0.1383794733463051 -0.03239672392613341 0.9895927562599615
26 0.8809446950909436 -0.1890155749687752 -0.6131831177224601 0.022955485641343386 -0.11530670568367725 -0.038394169446490295 0.992322176706448
27 0.935387866227687 -0.19571172568407946 -0.6189461876690153 0.023794771006419434 -0.09208448585905966 -0.04176745105151774 0.9945902603873981
28 0.9946869229726523 -0.19934300428965224 -0.6326375115959864 0.02458820403199721 -0.06951082493852741 -0.04077691434606416 0.996444161806351
29 1.0527756702237712 -0.20011650748664644 -0.655604510715419 0.02523999189549918 -0.047309149036864076 -0.039536581231475264 0.9977783692971357
30 1.1084691938484212 -0.20578868112807225 -0.6939990134335073 0.025713585612162738 -0.024371502751036514 -0.03940369142920669 0.9985951226096225
31 0.7259254673840976 -0.1389255300819392 -0.8359239547125401 0.02374214193090852 -0.19849273912370294 -0.025520024531651486 0.9794823597560463
32 0.45996765887333263 -0.20126203478063598 -0.4432915818272871 0.04032170017411396 -0.21194186236074236 -0.025516063905425684 0.9761166508484012
33 0.5099136564552362 -0.20601682415584088 -0.42501515791535194 0.04021322727140437 -0.18665029099066088 -0.023050530781842948 0.9813323833724557
34 0.5599594690726983 -0.20908283507998426 -0.4078309726496232 0.04096358573156488 -0.16115227852864394 -0.022883714380699152 0.9858135051713706
35 0.6744047804210384 -0.2380736240798682 -0.3841990144433378 0.03483468366030438 -0.1558810849766845 -0.028621457175508375 0.9867463915193277
36 0.7520326889559108 -0.24236937741663134 -0.35536422212654184 0.035815705670896 -0.13958040255964987 -0.029237390918566437 0.9891307933786675
37 0.8314079097979346 -0.25043667110115075 -0.343262061322566 0.036011573672123216 -0.12240437197632836 -0.03160570485554545 0.9913230494344396
38 0.9137993392973912 -0.2614813103366034 -0.3492358835699635 0.03568529827659509 -0.10509841374309309 -0.03402905251594096 0.9932385982124969
39 0.9998225482292676 -0.2688052325346897 -0.3628561959314095 0.03576184178022676 -0.08808312426297846 -0.035057585197985845 0.9948534779876614
40 1.0952137897687528 -0.27734760624003396 -0.4109634725291168 0.03524047625281323 -0.07066928307769664 -0.03646490917045294 0.9962099792885107
41 1.2026117003866434 -0.2890936200710854 -0.4817045348757273 0.034478017820575385 -0.05465124600165145 -0.03706489637294619 0.9972214915771134
42 0.7475745154527407 -0.2705602902989661 -0.05681889757459313 0.04163552420620315 -0.1519859880602469 -0.09748971193377891 0.9826812932503184
43 0.32579021577868583 -0.27724075698962236 -0.1481385459152027 0.05475102350015747 -0.21365430179080128 -0.009535853303393073 0.9753272369405657
44 0.37739645676864986 -0.27645365320619264 -0.11135991992294736 0.05838820492953374 -0.18592451924480818 -0.016992161300987144 0.980680473234391
45 0.44311011770098113 -0.27822702033796587 -0.11041018673054959 0.05962178328341402 -0.15829151415291037 -0.01931296962475237 0.9854014736574286
46 0.5839814805418567 -0.32124513593825244 -0.09673727213377448 0.04658691311160345 -0.1584667654333167 -0.029246828372053467 0.9858309030717854
47 0.6547874508187767 -0.32466695326525097 -0.017467668111521117 0.0489477640969893 -0.14095264501065047 -0.030041728964309677 0.9883490980176525
48 0.7476307257863316 -0.334508277991481 -0.01739028931719866 0.04861558227037141 -0.1238425065586753 -0.03167059026553479 0.9906041284522494
49 0.843289384103095 -0.348280707055028 -0.02737206466473041 0.04790752580376311 -0.10634678650447253 -0.0347813396273757 0.99256512822181
50 0.9336081047753293 -0.3577084936458892 -0.028516883930568504 0.04826644087071041 -0.08790808380491627 -0.03648926126685025 0.9942892371956089
51 1.0312747640555038 -0.36695424915533437 -0.04921161556109688 0.048280601241410724 -0.07002770832003437 -0.03722549748825153 0.995680382918946
52 1.137940581032902 -0.3755506075230919 -0.08513628943894536 0.04818976327730256 -0.05281406058613809 -0.03605618771954157 0.9967890313727348
53 0.7193600752520396 -0.3124653173304525 0.1915686357472326 0.048923572026969314 -0.15148811140056423 -0.01652358999932876 0.9871093300146494
54 0.24329876524792815 -0.38060044138691906 0.18169102439327478 0.07389740562481163 -0.18248649998640137 -0.007480874439890194 0.9803988519199222
55 0.31757392797190415 -0.3807912732179446 0.24905552919605256 0.07683553797959437 -0.15837787069576162 -0.00907392692171963 0.984342657799213
56 0.4840259929510893 -0.41463369803866 0.26832128485234463 0.06112591882599592 -0.1633749248183939 -0.0315279301138859 0.9841637536099179
57 0.5557950230922821 -0.4217379244845323 0.3211724036521266 0.062385774159840535 -0.1423713676161124 -0.03143051957308811 0.9873452032060127
58 0.6293344680888313 -0.42810151976480704 0.3597324159190336 0.06354229420074634 -0.12130735314553007 -0.030506840260936665 0.990109211913687
59 0.7493199302687985 -0.4590147299979792 0.36569176947470616 0.060590204825280575 -0.10669073630995381 -0.036825486637498725 0.9917609657136203
60 0.8328977021156998 -0.4693281781699201 0.38596314266578124 0.06124174939397088 -0.0858080073048975 -0.03823416643055495 0.9936924056991313
61 0.9171369087072669 -0.4771943106609555 0.42438996927121053 0.06229050320115523 -0.06570832370101905 -0.0367683464631704 0.9952137594186234
62 1.0139327347178195 -0.481714764228494 0.4160575030278464 0.06261591431570428 -0.046130682102786785 -0.03527837988603167 0.9963466622401838
63 0.6593364897165853 -0.33233654705782656 0.34411680302803305 0.0794459688346137 -0.14550897626217105 -0.012148313248504513 0.9860871577748981
64 0.058506887552486564 -0.5291678087939442 0.6756925411324533 0.08824116998946284 -0.18537821628691117 0.015267741757716743 0.9785781886035834
65 0.06850955521205737 -0.5484959988822309 0.8660730429641497 0.09065163193747305 -0.1566151984483987 0.012284061917797266 0.9834139764916147
66 0.3280042326838901 -0.5384428445742269 0.6925010500717246 0.07582527013559359 -0.16344719689580942 -0.029374116447414937 0.9831951579035226
67 0.42770080252121956 -0.543313568038458 0.7110589750229384 0.07629038520715432 -0.14186508365693903 -0.02588736244512422 0.9866022390047693
68 0.5123204997375506 -0.5503441990971698 0.7490138484036231 0.07674781729125311 -0.11950191811953212 -0.0238886204836149 0.9895748447589537
69 0.5935607452633567 -0.5562046985712168 0.7861426795389299 0.0775460353053743 -0.09673807468497143 -0.021990219813065887 0.9920407134082527
70 0.6682079379030661 -0.5616055054449727 0.8193025328210726 0.07811799098696307 -0.07363227466326239 -0.018261822823597458 0.9940535201788663
71 0.7434560844916323 -0.5652349117977653 0.8292645956920754 0.07849471651382676 -0.050022261490806935 -0.016450841652106928 0.9955228478469629
72 0.8203717087392932 -0.5675555928977098 0.8173909351077835 0.07874770953131797 -0.026463088916679752 -0.014790761883433505 0.9964335366936948
73 0.7851224135878234 -0.43158869140715783 0.2351101729219751 0.07643151931379273 -0.064638337596948 0.008652391910391846 0.994939801369524
74 0.8731992214716834 -0.39062221129152863 -0.037710469872356045 0.0764671713831831 -0.03863528028726252 -0.0014763360128771201 0.9963222166855521
75 0.9511431905385244 -0.3887798334671159 -0.050852029259324416 0.07641164348313378 -0.015545545018804159 -0.0009203817135424225 0.9969547290668029
76 1.0364166022602679 -0.38826025512093615 -0.07243129562746525 0.07609885082775271 0.005840760706135946 0.00236803696244973 0.9970803405078097
77 1.1156392535679251 -0.3857196421119768 -0.09850889295288434 0.07563451171170267 0.029349534712017046 0.0021375328081491827 0.99670129087651
78 1.1998800298385603 -0.3824654508463572 -0.13041099587660243 0.0751105479380726 0.052177153789641335 0.0020061801549161253 0.9958071726524411
79 1.2869226730892132 -0.37959908484552773 -0.15870264631440056 0.07499614349380798 0.0742728192092599 0.0048173082161593085 0.9944022907873445
80 1.3724634871265071 -0.37431142295514763 -0.20823612577277384 0.07459044981136807 0.09634604474621623 0.006845348791672579 0.9925254711731035
81 1.454943623440338 -0.3662818845528524 -0.2851621127098367 0.0741786961892426 0.11836307006822613 0.008907710676881734 0.9901557229010401
82 1.5412886999526978 -0.3602844232412066 -0.3354342184774759 0.07362086819003645 0.14082988871211186 0.00981079155343769 0.9872439749715711
83 1.6250000834626368 -0.3552161870753472 -0.3864513837909098 0.07296678864528937 0.16362772948704676 0.009744595109633315 0.9837717751125215
84 1.1309419849747435 -0.17644192999840502 -2.367675635014704 0.07031804254685851 0.12443068523036521 0.024032786678757835 0.9894416540349155
85 1.26171897789681 -0.1683407106861159 -2.5372131231070583 0.06800368579804807 0.1464940923162577 0.017288055526496777 0.9867198732661169
86 1.3954090938403434 -0.1456329834153216 -2.869796123595771 0.06600789574187084 0.16643175404836424 0.015206295081099523 0.9837236368653003
87 1.4464722687487672 -0.1396030120726901 -3.2189234346354105 0.060760323667015455 0.19841249246981527 -0.001745907746520973 0.97823189526072
88 1.676909610882673 -0.12808459052890697 -3.3576426800558563 0.061103967048034315 0.22680144088957094 0.0011191013744844454 0.9720217002224166
89 1.8490327620395934 -0.10898839169525143 -3.629666254387118 0.0613725308253157 0.25483994372227786 0.0046518250479231586 0.965022514554983
90 2.0372572978594 -0.08417921712336707 -3.900131736019656 0.0613623187632218 0.2824389513576991 0.007071592361211655 0.957294583584254
91 2.2360771762914595 -0.06094414170167184 -4.155231540225884 0.060986769832147764 0.3099108109230093 0.00828874951617953 0.948771438067432
92 2.433487721410505 -0.03636643698510689 -4.404372155545923 0.060519444011441485 0.3375837826669043 0.009142990653273196 0.9393034912983037
93 0.9552816946031775 -0.09711546947982297 -1.1485615419221706 -0.010083623270270568 -0.1511729245901284 -0.03287748311268494 0.987908998124698
94 0.9984433397504318 -0.10130295510227172 -1.15010105633915 -0.009337104936534535 -0.1305569542737414 -0.03473846199200395 0.9907880360109699
95 0.9326427887811217 -0.11678199021389313 -1.0532486729799706 -0.016072298457681183 -0.1613183620750327 0.013723578099624574 0.9866761075287179
96 0.9806845400085462 -0.11440114960044445 -1.050977186820665 -0.015914497686928597 -0.14170708580337843 0.012976228791220306 0.9896956262956507
97 1.0324683876307537 -0.11460151437839006 -1.0527079170825622 -0.016786235915280265 -0.12271153604270699 0.013664535714342362 0.9922063405208038
98 1.0860016128220078 -0.1157696002415598 -1.0580355966829185 -0.018002211028736108 -0.1032914401622854 0.014408241170534842 0.9943838365355192
99 1.1393200758304576 -0.11589926762993152 -1.060970470741356 -0.01866384477407666 -0.08357747214605875 0.014013454891000702 0.9962279360277152
100 1.1934548456756886 -0.11810860478377383 -1.0697141983597858 -0.01991740295107234 -0.06365318712456056 0.01353722303384492 0.9976814631276051
101 1.2496661227773729 -0.11828554652145162 -1.0746626462723836 -0.020572827087490326 -0.04400580875225153 0.01378225324692588 0.9987243547715889
102 1.3075818229694967 -0.11832318817793142 -1.0817914983009387 -0.021256917175192493 -0.024696211477748833 0.014173888710401341 0.9993684830969009
103 1.3639385848555856 -0.11728937460999189 -1.0827133709353511 -0.021595009311247717 -0.0045715118458882 0.012422113177845705 0.9996791935963475
104 0.8758174008401449 -0.13087525408083833 -0.9339927306242433 0.003386599702187875 -0.14924483440322006 -0.030120114929560318 0.9883356267874055
105 0.9307458910080155 -0.13261907649764887 -0.9168718422353002 0.004594347908704825 -0.13014826511545458 -0.03028897297833252 0.99102114659727
106 0.8650656301599823 -0.14975929409852362 -0.8254714230314435 -0.0019164863619150832 -0.16336096707295839 0.014782060757432986 0.9864537678377604
107 0.9120484980056023 -0.14960683095415497 -0.812371602246746 -0.002225104806992227 -0.14163474431677994 0.012762264964148985 0.9898342098989704
108 0.9645729377144807 -0.1498976300449402 -0.8117290559071533 -0.002842887247520299 -0.12012471720600044 0.012412606931216496 0.9926771322486042
109 1.021645363694404 -0.15057861472814543 -0.8167842669949754 -0.0038600969194257265 -0.09913815357102031 0.01415332782405913 0.9949655239443871
110 1.0790533846777752 -0.15167208563457205 -0.8227557346502629 -0.004766976510431503 -0.07775871961396368 0.013303058055160065 0.9968720480896106
111 1.1371011227486076 -0.15140980212998745 -0.8290709111478632 -0.00521249037577923 -0.056394018058342495 0.012185416434603562 0.9983206371634178
112 1.2004921117786669 -0.15302468206564623 -0.8509766263262044 -0.006159565023090911 -0.03555012507387696 0.011589516838558633 0.9992817146798126
113 1.2668254587350787 -0.15355406233429636 -0.8651242688784091 -0.006890334402446932 -0.015277297017201636 0.011811907017501524 0.9997897895765692
114 1.3358710634850273 -0.15233585744413092 -0.8723310059010694 -0.007189553752110413 0.0045866354615185356 0.011369443296235883 0.9998990171824051
115 1.4057005058472547 -0.15196275946140592 -0.8859068636515077 -0.007698000212598269 0.024373875153539653 0.012909245793966751 0.9995899253703115
116 1.475516389767359 -0.1525305950351732 -0.8981542011567047 -0.008189913189369683 0.043867081509940266 0.013026112755527577 0.9989188951550882
117 1.4138779957101537 -0.13425535572409136 -0.6211274097509784 -0.0023728024514935407 0.021835790766656055 0.038616840656185515 0.9990126757447644
118 1.435658790768489 -0.14211582008818113 -0.489247531020769 -0.014402042207086584 0.05268811962310076 -0.04703685141116536 0.997398643722094
119 1.4613100503020922 -0.15316340231414002 -0.48025483691449294 -0.01636411740437885 0.0786551019418105 -0.07411128403665958 0.9940086082233505
120 1.4730914416124483 -0.15407127133150067 -0.5049612072801748 -0.013824209674504819 0.10735961050982666 -0.07238272399790492 0.9914855501460881
121 1.0154981819809965 -0.19893067318767832 -0.4789795932861295 0.01057618663619546 -0.07549113280657815 0.012188851541619422 0.9970158815238159
122 1.077729448607932 -0.19916422737399397 -0.48119203053867354 0.009936486237503787 -0.05223976145372646 0.011721169532509576 0.9985163530663899
123 1.143217793764687 -0.19979477075487162 -0.4900145049439327 0.009228401103209048 -0.029428223349646423 0.011657198037868188 0.9994563249035686
124 1.2080366293372917 -0.1992849493727611 -0.5020377874508133 0.008688547868809154 -0.006192114317843466 0.011614386404146932 0.9998756346258836
125 1.2771645163263432 -0.20034213881690233 -0.5359421102014427 0.007576911527457863 0.016550453531630295 0.013448372604784896 0.9997438982013988
126 1.3454246354481652 -0.20038416817661142 -0.5673431371427374 0.006801056026375557 0.039570761320763585 0.013697998873557835 0.999099728532307
127 1.4183030605077183 -0.19771884534866407 -0.5650291231523024 0.006614718866152255 0.06198394678891643 0.015220642312317319 0.9979391693107962
128 1.391333939794597 -0.20460406150231392 -0.21740340188375906 0.0029009548047073033 0.033872834737384123 0.030628126092081678 0.9989525256155496
129 1.4709066110255438 -0.16518739635519927 -0.20691500801276214 0.0023751192673185373 0.04957143086296071 -0.06267151478769459 0.9967995405785626
130 1.4908697033069753 -0.16721192431181198 -0.23537618982224903 0.004151845369235277 0.07922963569181989 -0.07546572821455073 0.9939871109284155
131 1.5071237678690494 -0.17124343781316048 -0.26487722270479636 0.005755816481129491 0.11030143896672949 -0.07855941002400446 0.9907718681946456
132 1.5326800208352789 -0.17546323964529975 -0.27133123197760023 0.007924250125259108 0.1401300450352978 -0.0793430120859137 0.9869171574353629
133 1.5568529177655748 -0.17884816718149132 -0.27942035002619614 0.010607333067708306 0.17015911375402512 -0.07749462311440442 0.9823074653395985
134 1.5764531875032186 -0.18185376964001843 -0.29454239370133317 0.012701842363560728 0.20029817984793452 -0.080227029493377 0.9763621162821595
135 1.2018714736183782 -0.263449163699654 -0.11852612317122568 0.02549905562674794 -0.005350071978424231 0.009844988937410839 0.9996120624275052
136 1.2775694622530276 -0.2640555975437964 -0.14527576086241223 0.024669827644871824 0.01984036789166001 0.010659736172543883 0.9994419299026244
137 1.3575237193924476 -0.26276255672571086 -0.18405673581913784 0.02400187186363806 0.044353317526826946 0.012442375256421445 0.998650049440962
138 1.439028127873542 -0.2601084687740395 -0.1808102751704721 0.023929127675566843 0.06906207769163476 0.013704280619794415 0.9972311818577231
139 1.4769746660987866 -0.20068937947708282 -0.12388105178497755 0.023210497254709 0.0025512211150933344 0.006783625906375648 0.9997043321533374
140 1.5022684572746774 -0.20114591056028625 -0.12708966968385982 0.022915041382216072 0.03563953776457459 0.013390240316860645 0.999012213352129
141 1.5110928915265542 -0.18847185334379102 -0.02264385939203606 0.027570201614054126 0.0818553738976583 -0.07854055292781985 0.9931620895081074
142 1.5943801068705548 -0.22599537834947525 0.09045430197036064 0.02396289719716237 0.10511171617148837 -0.0915798437345126 0.9899446639215945
143 1.632351048335123 -0.23147819065719855 0.10693106077863412 0.027085772004828822 0.13892513707673318 -0.09269629226616913 0.9855828519431705
144 1.6606983385045764 -0.23733762334520847 0.0883327008441448 0.030177724338375445 0.1723838871483165 -0.09089752128506408 0.9803625710431636
145 1.68395799244398 -0.24181713774768454 0.05136231452844364 0.03310043733168141 0.2058211575826557 -0.09022798567660399 0.9738587831765949
146 1.7013379982939432 -0.24561718856657944 0.0001025262140976757 0.0360645589067335 0.23892081746623414 -0.08932982068306876 0.966248620761415
147 1.7010144970375092 -0.2475228564851637 -0.08945024228239018 0.03870396313021602 0.2715794244009674 -0.08765114798060215 0.9576345527345744
148 1.7090298517611213 -0.2510506164294335 -0.17389717080775458 0.04182917787074835 0.30351987017148235 -0.08433558081075634 0.9481632266577038
149 1.5760441285163993 -0.3102876455126993 0.4519778790322455 0.046124624837852075 0.06517914239978953 0.006619054532905025 0.996785062362193
150 1.4967359618982163 -0.22831763665309823 0.17735855845052084 0.05135755289283943 -0.002169591569099824 -0.009541920320740251 0.9986323899212813
151 1.5141547545430878 -0.22922986256758385 0.16474780601989458 0.05140176608248069 0.039528637256566274 -0.001988818505893964 0.9978935064138159
152 1.5327389530588935 -0.2455747672389923 0.30706444365409136 0.045836045277792135 0.08834452438154955 -0.08413159135049049 0.9914717533124879
153 1.8236211953871395 -0.337432130126472 0.9712159956964976 0.05109728722088392 0.09797703037229248 -0.08864215112831958 0.9899152207559233
154 1.8791690104619256 -0.35170013338889383 0.9078834591978009 0.05232041907732106 0.13322210978628135 -0.09407652359116835 0.9852228449215689
155 1.91586013047737 -0.36363506299880033 0.7834741210817813 0.05468042191362244 0.16842354886092176 -0.09345630346421567 0.9797496818508868
156 1.9977711391109314 -0.37986573408309354 0.8186669892444873 0.05808542860688287 0.20439120518353324 -0.09282207309714273 0.9727458070023951
157 2.05492118093615 -0.39068351772399534 0.8049578782988056 0.061315499327300585 0.24059497048662876 -0.09307355490957778 0.9642052719393236
158 2.0752602426476714 -0.3934849755794021 0.7150237429940931 0.06397719104188979 0.27625677210652805 -0.09322477580781838 0.9544099213781944
159 2.251997345824725 -0.4151675981023786 0.7900102223989525 0.06635658549086093 0.30771931172353606 -0.09958783680903169 0.9439215712558101
160 1.9614217607034714 -0.3260934426463944 0.36389238629815457 0.06492153171116732 0.34368504017795204 -0.1140840930732851 0.9298659081335705
161 1.468157729918512 -0.2779605971248902 0.46236171329613374 0.08014865812722881 0.006978101306656356 -0.011735675940659863 0.9966894051752548
162 1.4684989829248793 -0.2796563597555144 0.47029878624118204 0.08045287910012508 0.03598094298988355 -0.0073273413287829 0.9960818346096272
163 1.5966882932461481 -0.33610258940089976 0.7187737440211719 0.06161691816541677 0.08666523842081325 -0.07671928985075901 0.9913660764257728
164 1.6014989072540573 -0.34100241466706516 0.745662654953757 0.06393296778530105 0.11567249997776385 -0.07368388802864098 0.9884852700112804
165 1.605703343364587 -0.34452918351784945 0.7612292264129364 0.06622016165188895 0.14436574486741136 -0.07091969714310034 0.9847557527379408
166 1.6187641622941975 -0.34389407982887527 0.7314065941005536 0.0677047403400751 0.16951328489692538 -0.06931929905067433 0.9807528581896073
167 2.3158387546142554 -0.596437799623649 1.8559591266829512 0.0882780779050064 0.20962109720399474 -0.08949328351758384 0.9696684759439388
168 2.321236007488695 -0.6012102410159601 1.8740489608533841 0.09268019338930604 0.24513724521386412 -0.08206264350611087 0.9615528183562174
169 2.2890596294236722 -0.5888575349767304 1.8512193501003944 0.09552566211440239 0.28318349876212634 -0.08037366608057821 0.9509059213038937
170 2.3684861103718866 -0.6120191292921193 1.9251132719625694 0.0982107859588817 0.3195498144393008 -0.07819169786151131 0.9392170282251965
171 2.395867431979499 -0.6320107541057451 1.9865891471152677 0.10129703246582682 0.35589903425160246 -0.07353731828673121 0.9261031496572736
172 1.5013061668123895 -0.3644092084006756 0.8646273951548888 0.10016388876483709 0.0020364384118768224 -0.012474797129301461 0.9948906757688486
173 1.499967708682332 -0.3680879574480116 0.8860593504829852 0.10050695537286605 0.03514597802466325 -0.00841155298734511 0.9942798179805347
174 1.5171685500429697 -0.3684908411957646 0.8844056961240345 0.10084897795596882 0.06500934793257658 -0.005150969302669393 0.9927621739101467
175 1.4996782366052972 -0.36404208099200996 0.8653429527030136 0.10085902132583445 0.10009290503929122 -0.0002352178835045542 0.9898529220914827
176 1.514232884910928 -0.3612888250880726 0.854435591883449 0.10064533190930615 0.13009411784759686 0.003029759171369285 0.9863755922887375
177 1.5423180663530776 -0.3573704877033381 0.8109828687007616 0.10010603234622333 0.15669696973076272 0.0035347724682436056 0.9825540229999975
178 1.5732234832462337 -0.3511982007883483 0.7702922418782121 0.09959641146525806 0.1827630392742152 0.004849065791885463 0.978087280082383
179 1.6132640781216476 -0.34488399398204006 0.7413219595246696 0.09932344679421976 0.20804755480495324 0.008844680273725872 0.9730225604804671
180 1.6526760796807811 -0.3393292050550425 0.7071063756421729 0.0994645837404815 0.2328529327779028 0.014232749214166606 0.9673074626324374
181 1.691417037300739 -0.3342657029732248 0.6726483215695991 0.09869519689075057 0.2581997363179618 0.015887895100375686 0.9609056793154624
182 1.7188248390930947 -0.3289103975467782 0.6178080683941785 0.09668421138280403 0.2840954596541159 0.015546317969875158 0.953782081801869
183 1.518022388053255 -0.46948805852282494 1.2631140464503823 0.12210632343303783 -0.0010268696405980862 -0.011679284444350216 0.9924477964167779
184 1.5319686607249894 -0.4730177165839028 1.2744222205443263 0.12244254317052235 0.03408821183386839 -0.00874642052532105 0.9918514493611392
185 1.545663029692106 -0.4694458156444439 1.2551241471001304 0.12265764899992827 0.06872513865817322 -0.005904634119185281 0.9900490401143957
186 1.5777225311570415 -0.46794389633805533 1.25101509758125 0.12304320405956327 0.10030797722564508 -0.0011753294388372646 0.9873182482594647
187 1.6052698117679531 -0.4671654658718314 1.2438273554488106 0.12298661691948208 0.13230762394482207 0.0005073963606527576 0.9835490364292031
188 1.640738747932769 -0.46436929981848163 1.2149308667939287 0.12219069205501198 0.16192873730160776 0.0023417547914230726 0.9792052863330512
189 1.6724482257363447 -0.45706489413278684 1.1755907835919484 0.12135298408991778 0.19146906365576027 0.0027311827813070954 0.973963865818623
190 1.7140627486348126 -0.4523939500887906 1.1493946477332129 0.12146459424424717 0.2197731708309882 0.007554646940909089 0.9679302623569569
191 1.7557378534763952 -0.4480526594463985 1.125792749352439 0.1214034075984514 0.24807806531622112 0.011369742901757613 0.961035475349509
192 1.7914777030020939 -0.44134294152463793 1.0877283814345278 0.12093816176226409 0.275988790601177 0.014819276964401142 0.9534068081847357
193 1.8338444938450833 -0.4357068912588069 1.0591798210003844 0.11996015287676229 0.3036570367256316 0.01644711972328275 0.9450563130932728
194 1.5159996343897033 -0.6076596931435874 1.6177716103445234 0.14166812702377313 -0.001650732159025484 -0.0006695426332980439 0.9899126241157027
195 1.552705391524262 -0.6155058902823881 1.6554958176900776 0.14178461909604648 0.033771958156663166 -0.00423350182669684 0.9893122259842495
196 1.5897802564150973 -0.6246746114379558 1.6992510927897264 0.1420031867685646 0.06848555147861927 -0.004688548161920567 0.9874830905456451
197 1.6374093947272539 -0.6085305895671924 1.6008339737009833 0.14353816285473803 0.10327927845918607 -0.0019084811696317488 0.9842390693181616
198 1.6993125110274816 -0.6200297398289618 1.6274606713678414 0.14234590852545592 0.13512232454380121 -0.002570976909844624 0.9805473052999455
199 1.866684054276866 -0.6393138133304503 1.7606592390478406 0.14525904123894096 0.15673700209678554 0.006567446399473841 0.9768777872388716
200 1.8917974390074375 -0.6455623744799475 1.7732638081082404 0.14419410925804846 0.19063851986116243 0.008261845168622823 0.9709772149009491
201 1.8887273799700064 -0.6292187793586361 1.7041433232174361 0.14393854976919232 0.22306882018043886 0.01488566496097858 0.9640023118432606
202 1.9149746513317283 -0.623990341863407 1.6837746339255384 0.14329935585726133 0.25484000382123484 0.019110421340991245 0.9561154167985716
203 1.94064850341018 -0.6199804982431512 1.6600476325603346 0.14228549332047638 0.2869987678037102 0.02242523048351662 0.9470394218380512
204 1.9748100197560028 -0.615370696744975 1.6414655066434667 0.14065719084635941 0.31757823452670836 0.02413968112454855 0.9374310309154268
205 1.517581563381468 -0.821845165033285 2.1934233290481986 0.16690680249539816 -0.004942326925357588 0.0016502301149814796 0.9859589367333095
206 1.5502443314138303 -0.8655822326912159 2.351015736425298 0.16687549546798403 0.03478267939227032 0.007053868711267697 0.9853390483987812
207 1.5843682051550125 -0.9031336559058991 2.4945147424074867 0.16684902261794476 0.07529236273575722 0.006752057103875298 0.9830802849836612
208 1.6277042775405688 -0.9070727284056042 2.507696649016194 0.1663877992719013 0.11096202414773489 0.01148071952344099 0.9797299173593563
209 1.6693462742079053 -0.9001642151202965 2.4919494836465788 0.1657740219257543 0.14632453126216394 0.01666099688250299 0.9751054269694007
210 1.9573730140279455 -0.716283012642859 1.9548285653879707 0.1639854725442296 0.1549499008951479 -0.035128923556017225 0.9735837367324518
211 1.9328430062590582 -0.6787696223457251 1.8602948801240489 0.16966936033189267 0.19166287953206526 -0.006604087102751164 0.9666613011718245
212 2.002410892509447 -0.7237134320832905 1.9053377064792292 0.16562507604852256 0.22353488128229174 -0.0026175770011178335 0.9605173882871965
213 2.04502108154052 -0.7335381055239323 1.9097956142313515 0.1680503205700947 0.2564858573660134 0.011964262794639966 0.9517515323587501
214 2.1073654032977345 -0.7411017815305112 1.910263127254785 0.1657316782744754 0.28966252620060395 0.016034953703021333 0.9425346212706542
215 2.13615955927581 -0.729700588702876 1.8611424128956071 0.16339308136764583 0.32167689303285696 0.016457988520562974 0.9324997992809376
216 1.2075333242640114 -0.2979631181585578 0.07626768040895371 0.14191760201780512 0.17250808709583493 0.048180182939760986 0.97353943402811
217 1.2204456631655431 -0.30021808266509087 0.08063336615620198 0.14016991684126107 0.21503450113958408 0.05805241015018718 0.9647499533092511
218 1.2064761646343032 -0.2983460282380248 0.0716110450598979 0.13798077532290803 0.257555520024122 0.06628922388910936 0.9540609235903589
219 1.2289472669692048 -0.2966571888918246 0.07017265995174071 0.1346001108831052 0.2959522881810654 0.06967411625667959 0.943101575230636
220 1.2388330784298243 -0.2947902160504814 0.06291501982135017 0.13224779118196395 0.3323876004147934 0.07694868557132516 0.9306491718521988
221 1.3233648575940105 -0.2753961237495739 0.019887409862697325 0.12811804368807686 0.3593943288365471 0.07371965745338968 0.9214048722444286
222 1.3313767873481246 -0.25638212999955456 -0.09884281139479612 0.11364235761439398 0.3901106667870403 0.056730510800432 0.9119653200020263
223 1.3649242875128558 -0.23896267579826347 -0.21512786937876882 0.10415714675050948 0.4189026701466608 0.046747038840760056 0.9008254782280994
224 1.3798602841712868 -0.21271867374193398 -0.378552763731137 0.10091015671623284 0.44225116173317736 0.049371159383813326 0.8898278232451973
225 1.482950391072929 -0.21120144553694153 -0.3138941147607536 0.049503115509152464 0.4996556738568271 -0.06778690207785285 0.862147657151997
226 -0.7589707500904637 0.5617862583612308 -5.933869807323276 0.07223772346297366 0.162811962997569 0.04988214136946338 0.9827439858915598
227 -0.79836179336775 0.520935385351863 -6.105230517069796 0.05757957039831461 0.19939118219025337 -0.036038353298126845 0.9775628040338369
228 -0.9581481081447443 0.5465366144258716 -6.236431659854313 0.05855827505230065 0.2543560314429469 -0.03775838464253828 0.9645974543727708
229 -1.2402194834011562 0.5883456401624487 -6.533108453065267 0.05995173216215005 0.3090333040120598 -0.03654810460186124 0.9484558336223625
230 -0.8111297769910868 0.513313152726866 -5.861332878939334 0.052841002964407004 0.36221495124847125 -0.06667666452223517 0.92820384946149
231 -1.5425459451625856 0.58606337872751 -6.738937809877168 0.05437590658093558 0.41648424106611 -0.06474358582557609 0.9052029431002979
232 -34108.12927036268 7792.948430363162 -33524.957583188276 0.05213149458761186 0.4545440375820759 -0.07318380514602156 0.8861806808231912
233 -1.2960329996253979 0.5645989350467335 -6.620512852288336 0.06515608293647795 0.3084054469328331 -0.005819516828890889 0.9490031166201346
234 -1.25928214136923 0.5641307742478556 -6.659065892171675 0.06470964836456732 0.3605751476887713 -0.0033264817540683547 0.9304768473083079
235 -1.205318186312054 0.5588057911220048 -6.617484184439858 0.06522657459892571 0.4122114327166715 0.00039032113011390376 0.9087503076943738
236 -0.29044947326658743 0.23587545040856384 -4.675241866733963 0.08835003555755802 0.16263790175664758 0.054740326365814114 0.9811965854952371
237 0.00047666144281066636 0.10116827784214011 -3.8272494016442575 0.07786997846963091 0.20039933270484675 -0.02495261381916271 0.9762959536141828
238 -0.02652495598260085 0.11092693136662923 -3.8649219928490792 0.07989247918823038 0.2666782038081927 -0.017578233363756576 0.9603077445391942
239 -0.31045622454593236 0.3526476079301233 -5.299090302706648 0.07860836344382413 0.3604665193722872 -0.07381803444751593 0.926517941913641
240 -0.8256393406625238 0.3198221820436207 -6.093206433461762 0.05899079140398676 0.41780255308679026 -0.11370177754059146 0.8994626540520273
241 -0.05775392884064656 0.1829816445063983 -5.5064862526615554 0.10618150967231028 0.4454381149154327 -0.007885241806809948 0.8889590543424122
242 -0.8694227154308822 0.5130257767955397 -6.150953820793134 0.07700242365247971 0.24903104458488234 0.01085720877167555 0.9653684833997687
243 -0.9042285149554727 0.5192171891842268 -6.19496587133844 0.07516987355476792 0.31318242393394263 0.011818541059505042 0.946639634771192
244 0.5307520194813975 -0.07957143853096404 -3.0715157955437267 0.11764623658704279 0.11839072218708063 0.07335669552913313 0.9832404652818714
245 0.08930835063368292 -0.02411163410645223 -3.6042880951142457 0.11164944763861229 0.16306078960168996 0.0689729304011712 0.9778488308602448
246 4.472505746089524 -0.38706113248629137 -0.7397427900598004 0.13229187429844336 0.3110747580426436 0.24736847587695693 0.908041949993563
247 1.7245122140961726 0.01017271154825039 0.030896308810467232 0.06676692046299904 0.246998880806235 -0.15972363883303817 0.9534264931907718
248 1.2177298889351535 -0.024332636059374302 -1.7347568003583387 0.060128130173006396 0.15299750996105838 0.02521851174322225 0.9860732174063821
249 1.1726081462827995 -0.11485417355433436 -1.449785487717254 -0.002221001833559202 -0.03539232760309578 -0.1236841243989148 0.9916877914964893
250 1.0053818919061377 -0.09599590299679783 -1.3682993374698735 -0.0019955712660421417 -0.01909795769613128 -0.11192251550025054 0.9935313983015195
251 1.2563010862472173 -0.031841424785591654 -1.8650970189297507 -0.006951643649684544 -0.09889219898190024 0.00449854414824779 0.9950637129172502
252 1.279457268038385 -0.0849665845520092 -1.8875353686703644 -0.007825482715650773 -0.11182888137939537 -0.022029395148043668 0.9934524522527914
253 1.2180304922170564 -0.08731274782545162 -1.6845591972851057 0.010145909678348192 -0.10792879067209987 -0.0023697209662277767 0.9941040437034765
254 1.1678041804890689 -0.10357066086550759 -1.480849888648269 0.02740971576203603 -0.10772204393268718 0.015054505461565282 0.9936891216248289
255 1.1636702595119088 -0.08343893279123016 -1.3359454918213487 0.0011250424744280955 -0.056730892756207046 0.017998690017188807 0.9982266198909011
256 1.1309348417091405 -0.09840921352599863 -1.4176655064180452 -0.004186647229168858 -0.056510979060095674 -0.12058088707782887 0.9910848753494365
257 1.126558615503698 -0.1174002446767961 -1.4663553695155034 -0.0035317800067884075 -0.03190861338907344 -0.11689953849021 0.9926247271662425
258 1.1354402611815537 -0.3427129166147145 -1.4395412689732288 -0.023270483400781646 -0.11632472905095784 -0.10316969599034014 0.9875641886456047
259 1.2467518935857036 -0.07791172895951494 -1.84458993026121 -0.009446884548160554 -0.13560914109330782 -0.000893092142664441 0.990716970849492
260 1.1996490301315623 -0.08677925234018602 -1.699998850285285 0.010655455024705846 -0.13264783586038228 -0.004364278213852761 0.9910963321070598
261 1.1392259138501615 -0.108136806671421 -1.447259163776798 0.02666232984895983 -0.13603668002233282 0.021025170726566247 0.990121763548915
262 1.113190653911884 -0.11342023078593932 -1.3856976085770283 0.033587540391367174 -0.14790844042296933 0.021680791690963493 0.9881927465683544
263 1.1471559195068437 -0.08487624275981492 -1.3421055212069706 0.0012829472825626003 -0.07930320237862791 0.01848295697413404 0.9966783640540814
264 1.0946146311608427 -0.081510962552646 -1.374806937696891 -0.00515716874922763 -0.07973763967455355 -0.11899656615457971 0.9896742461087636
265 1.1070340266764687 -0.11308307222580583 -1.435197600995676 -0.006378822298665814 -0.05716684385405146 -0.11552144843132894 0.9916380765277042
266 1.1191672802949202 -0.33848648976710116 -1.4018529307923153 -0.026276337643614634 -0.14274212723566146 -0.09944861468937574 0.9844004158493072
267 1.029771903456766 -0.32540926448341434 -1.1000539613206275 -0.004371409434298514 -0.14425193074546186 -0.11038874708855748 0.9833548042746962
268 0.9435520047320802 -0.33474072852241243 -0.7744825799535714 0.013612731420186755 -0.14949974816107908 -0.10303603770034098 0.9832843308981701
269 0.8660549572361784 -0.34673341980867756 -0.47156881565570696 0.032270369874709624 -0.15616216357814977 -0.06994280311680684 0.9847232868515833
270 0.8698496177994117 -0.3778078463528969 0.7025360051510183 0.030421843566649356 -0.006104818325564082 0.07808827142307764 0.9964634601905896
271 0.8657475428452144 -0.4955948685247915 0.48478983996769753 0.03264599269091295 -0.013096490439019953 0.00552219539650699 0.9993658886530523
272 1.0168035564218076 -0.38009709907299005 0.2674021851766255 0.03577183000689939 -0.07906982477252936 0.045116295796138205 0.9952049104398644
273 0.9676909388809829 -0.18699431322465188 -0.3492216738638989 0.03027135833361293 -0.036015825620489404 0.22760161433042145 0.9726170987748471
274 0.8256993105792656 -0.1226397779852102 -0.48533211195323356 0.03375187400359936 -0.151417307468275 0.03334354988186786 0.9873306391745463
275 1.6280397134647087 -0.2300731010627004 -1.842436661080273 0.03545455826084044 -0.2114622944925626 -0.09449413650000937 0.9721612628301214
276 1.1924276424139244 -0.09110095488685088 -1.7469618794841761 0.005109310989031759 -0.1925399939660587 0.02306502122734293 0.9810047128575828
277 1.118770578902926 -0.11620832297662242 -1.477465577884459 0.018990997188869593 -0.20121780246504128 0.061071257745319796 0.9774564237467137
278 1.0353835978639125 -0.12233613960555445 -1.2225609146312495 0.01867260122163354 -0.21698739127199027 0.1474251618335614 0.9647972003039738
279 1.0582766446649536 -0.11354177514543995 -1.2727766403338774 -0.003907152863031134 -0.03701228448402209 -0.11935003359560166 0.9921544287268753
280 1.0246633105897809 -0.10896486618503731 -1.2211509771247258 -0.0020930673952820134 -0.020374016870141416 -0.12039523048755021 0.9925147290422055
281 1.0037797575676288 -0.11739157513603407 -1.0731114086209887 -0.014630806372451738 -0.11798508117691532 -0.0021827114191583226 0.9929051694765966
282 0.9733171871463608 -0.1301697724783084 -1.0256356131343767 -0.01789958361892389 -0.07654545758568664 -0.12730741683756233 0.9887432707136793
283 1.0129461952791134 -0.07586404086357762 -0.9630701494862128 0.007415180009705794 -0.0855215321391054 -0.07061755832888479 0.9938029182187604
284 1.139376162352482 -0.15513716523519894 -1.6274842373639213 0.018389874392277905 -0.06585426098585895 -0.07448893192493801 0.9948750688965264
285 0.9471892153179917 -0.08831198612814184 -1.9860373509044695 0.006345107647460143 0.04558282827349627 -0.6026393918484085 0.7966854627380754
286 1.0034262481669292 -0.09927015404089556 -1.2858824307186583 -0.001272767697120905 -0.014267397377723097 -0.11560092398303234 0.9931924491433981
287 1.0027722055579362 -0.09572943837978243 -1.3403024461251547 -0.002116989738973723 -0.018640084461681482 -0.11462608177518385 0.9932315394642091
288 1.0147593245195303 -0.1071261617697501 -1.2129499744551944 -0.004822976985875502 -0.04312505265799633 -0.11730675298680016 0.992147212074118
289 0.8964586264990926 -0.07468698905513005 -1.1592007864657308 0.005018125021937511 -0.13866171322704263 -0.06429205800535066 0.9882379906877858
290 0.8650630996329709 -0.023629414019320616 -0.8511854510919868 0.01829880312555573 -0.08225991533677086 -0.08024331730643813 0.9932066646654782
291 0.7898550946853942 -0.056850983754881845 -0.4997139825895902 0.03705387764392189 -0.0815419591928792 -0.08912804609235203 0.9919849249026959
292 0.3408898539083296 0.00761146687571479 -0.7754242127329758 0.0594209117691343 0.06741784903430093 -0.32717890177952713 0.9406795150066144
293 0.8684958908223113 -0.0650442903345434 -0.6796443844661242 0.01785829038414108 -0.16896163229202632 0.12158256149343938 0.9779318631016366
294 0.5838629647957649 0.15047624532999038 -1.3421896008548275 0.03742254571516725 -0.06259489806757187 0.31668215326382004 0.9457239879022805
295 1.1151134884623604 -0.04664950472425056 -1.7872633974026497 0.027106029370508898 -0.1392444397667392 -0.06772351193586587 0.9875676364310026
296 1.0348994727225818 -0.07128149013878815 -1.5331595670479823 0.04877409354303538 -0.13980382248677325 -0.06406626008439835 0.9868999447729111
297 1.0448634373608936 -0.12524956780580232 -1.3709413538299857 0.014231060825861161 -0.27936131460770725 0.11408856299308458 0.9532777788880296
298 1.0076868027805137 -0.13582983332102305 -1.3031971257748516 0.03362224700178287 -0.28053005489553656 0.11359850946459009 0.9525060676521617
299 0.9894630516502225 -0.09588429717507152 -1.2987288638032828 -0.006940259649392047 -0.061916157623353785 -0.11148375316735488 0.9918112830024112
300 1.1202142006724034 -0.045204330678165316 -2.132077222297144 -0.0002961780155353771 -0.06055661343028316 -0.05593603593694363 0.9965961984228308
301 1.1802969442770783 -0.1494214946326824 -1.1847326224104864 -0.0016842022638432958 -0.039883905122823735 -0.08004049547231414 0.99599194473912
302 1.1870851689425348 -0.1563674672487516 -1.0745976553736205 -0.004416283981451859 -0.03547589882206884 -0.09270599536237177 0.9950515455883296
303 1.2354889229855097 -0.09672498242946853 -0.9611973520211179 0.011294137759879034 -0.06393949130436483 -0.11558364207027244 0.9911733685970291
304 1.663405507606102 -0.5976946166796528 -2.3564909487261128 -0.057481429049096894 -0.018701480523857245 -0.012208339539649019 0.99809672610009
305 1.6313360178660723 -0.5655423410395195 -2.0954091424275756 -0.027336870534279634 -0.01327685501245197 -0.023011150167243078 0.9992731775965267
306 1.2839224302497683 -0.13703114247285253 -2.280924750031609 -0.0016398873220210535 -0.1565906250852562 0.1218145231436047 0.9801213686340261
307 1.2420304333051826 -0.14987052504581877 -2.110664328872224 0.019604138531013615 -0.15833146995787473 0.1275219186363905 0.9789203103921205
308 1.1960214959905244 -0.07888860654686014 -1.6391673868398782 0.006896705593492927 -0.075513999520585 -0.07350112677941932 0.9944081723993703
309 1.1621183571110645 -0.060360071680701566 -1.5498510782611004 0.023322039874009617 -0.06868143077122912 -0.0096772119013321 0.9973190625013012
310 1.0938747617621165 -0.12498842175308683 -1.2857588322658704 0.03443061449056268 -0.06269485740399479 0.00019733943774269207 0.9974386298988741
311 1.018752182795659 -0.16989302683500984 -0.9089933830108539 0.052342647947320554 -0.058230367060207976 0.026566845625047714 0.9965759830394119
312 1.0449736928864986 -0.18625324191944737 -1.004415906330209 -0.0022829855365760028 -0.07721783671212508 -0.03307641270719522 0.9964627947352859
313 0.9433723227398927 -0.03815568425941529 -0.9329016073567916 0.007131503790977286 -0.0818763542650289 -0.137157703943997 0.9871338225742465
314 1.0154785243673379 -0.07767562564305885 -0.9861969441637773 0.00257444943049538 -0.09680902467584841 -0.06416381118204634 0.993229274052956
315 0.9451529921766697 -0.08093375666228053 -0.72929304517602 0.022855899607574847 -0.09342963153496758 -0.051600316794892395 0.994025128143848
316 1.025895873654889 0.5333136592003349 -2.0845346250482146 0.09122714729076213 -0.07565625798363397 0.26537050513547356 0.9568344926015329
317 1.121646633685582 -0.07818356366771084 -1.4061105557727425 0.04000383604718397 -0.09645958607122929 0.01733011891808817 0.9943816861396008
318 1.0926358243250767 -0.08307937538781207 -1.318605672377993 0.046285001965052704 -0.1086780628480056 0.029688317116384456 0.9925549645181982
319 1.41237347904443 0.041862058145735626 -2.4615665805634035 0.032426020114766356 -0.15732633760981665 -0.04518798319628603 0.9859792186658513
320 1.3829125630819954 0.027205496405581897 -2.3026262119815133 0.061460796501954566 -0.16652277172671223 -0.06731558618113849 0.9818153253216323
321 1.2851481669597056 -0.07398580589988635 -1.955141873223275 -0.020191063365305642 -0.1327237585738062 -0.007526324716416079 0.9909188051484326
322 1.2330566109269225 -0.08378645140724128 -1.8218800943956293 -0.0025043232641033236 -0.1281569358560383 -0.011235862379469086 0.9916870927844093
323 1.1853621034454431 -0.0906344238885296 -1.6423172606437577 0.015858191992648814 -0.12859914268763492 0.003831782423850006 0.9915624361732479
324 1.2072595707588856 -0.08658358912592856 -1.3438174782752863 0.038386118805178095 -0.14900935200951282 0.02159541210509263 0.9878544319253253
325 1.182282237657816 -0.07886778906399439 -1.2902811123370412 0.0484143279037168 -0.1623189968064724 0.02608234732117149 0.9852046875991421
326 1.1083740932559765 -0.03405714315774899 -1.098945706919217 0.08814457235104096 -0.15934291515304086 0.03931023420793314 0.9824943060746347
327 1.0269538877928008 -0.04812045331159931 -1.2124270135481265 -0.014760000311845852 -0.14123607970832075 -0.05485028476396238 0.9883450498832612
328 0.9768927883541487 -0.10561046345921365 -1.2171813475052478 -0.011093336519175483 -0.13268933203413882 -0.047026672841366954 0.9899792765847016
329 1.097812930966927 -0.12099308365823502 -1.6317936965120041 0.014622465687637412 -0.13858953754335157 -0.08099977103975738 0.9869235743598953
330 1.1813833420397168 -0.08798439678695669 -1.673388807896846 0.014830379554316103 -0.15676110985991018 0.014011984942682498 0.9874257844487916
331 1.339776089550474 -0.040385029749133494 -1.4996168241263326 0.04290156585923631 -0.19808804556725507 0.03287802155134411 0.9786928210601967
332 1.3246595368268927 -0.0450070238435516 -1.466958321572747 0.04924735558617942 -0.21374279661969714 0.046017119021766924 0.9745620226776005
333 0.9843535134211654 -0.19905720488474543 -0.637591342086512 0.07057542894453486 -0.20371890540798374 -0.044805021182132296 0.9754538537347974
334 2.88142238870098 0.04981548465408231 -6.471644952549615 0.01377159174954133 -0.14940084406170817 -0.0009943695371303258 0.9886803254753945
335 -0.2609044243677481 0.26692198168723635 -5.992298702250938 0.09006379512122008 0.2962829985755435 0.000726909241907821 0.9508440443631432
336 0.22981069238213525 0.0941817914566192 -5.375458598342677 0.11252724223556657 0.29206311661885775 -0.0022963700081314996 0.9497533791811544
337 1.142040666711463 -0.19186115231605783 -4.279166572159387 0.1562842084387995 0.2812211439302332 0.026039646685072356 0.9464733782801286
338 1.6213530284986368 -0.3752888393423106 -3.658915721617994 0.1805054588763578 0.26000415973919583 0.06041221549772779 0.9466604679046315
339 2.2967849150186117 -0.9542744712508959 -2.4651405427533923 0.1961813106498359 0.2633330441122181 0.06107057286429955 0.9425704215881499
340 1.3522729751504228 0.0036461282104447434 -4.458018332507853 0.061929759341023474 0.24451634218215104 0.02287166710503749 0.9673951503830254
341 1.6984422417190803 -0.10113934557567106 -3.9643978302863587 0.08251419978642018 0.23738189063231363 0.016230320040263726 0.9677695111638709
342 1.964388408476125 -0.1754480290103526 -3.4748408622920772 0.11324409539500101 0.23710994057141527 0.008099871679871366 0.9648259196004562
343 2.0650344337785214 -0.24526794944771702 -3.241938618707014 0.13937814384083552 0.24237958764953932 0.018276813390709575 0.9599436528463013
344 2.165653576828621 -0.3394870896329323 -3.073564581859941 0.14981347418529695 0.24260553693762543 0.006602078353904686 0.9584648527552644
345 2.253656539229811 -0.41367976288114505 -2.897917583120858 0.1766423641505262 0.24484714352592218 0.019841298922910363 0.9531283691221631
346 2.2704840173679393 -0.4317341692403627 -2.856940526306275 0.21048512695093258 0.24754337509161894 0.054836544124154195 0.944145775221831
347 1.3618692302303899 -0.19205139474458122 -3.9838989389163686 0.16736891767625997 0.24887511300340565 0.023710455133721074 0.9536701113188542
348 1.5269884159304565 -0.3313998492721488 -3.7794195400543487 0.18221473024082882 0.23486920240514764 0.06119269568157363 0.9528324741410585
349 1.9043210329926312 -0.676389401704089 -3.0321071938374544 0.2007409217403933 0.23746131240779134 0.06657004636661072 0.9480947582222287
350 1.3433459368628435 -0.016815025955350116 -4.5528456360149185 0.05885674042763067 0.2094644446315726 0.0191373406182457 0.9758556707145608
351 1.6734011149121577 -0.10923791933343274 -3.922067340697801 0.08282178988243435 0.2059621349550412 0.013265487008829206 0.974958559830638
352 1.9446560242382542 -0.17375966206839788 -3.486410979217453 0.11319906724464616 0.207341053029557 0.0065597483922311475 0.9716751788624198
353 2.0455639396006298 -0.262151843732191 -3.1905925335882444 0.139827633476929 0.22125494021574485 0.019218097830528427 0.9649482546901984
354 2.1245238014059327 -0.34283454716888784 -3.021804708079454 0.15326527250475513 0.22636042763591158 0.0022855195391371787 0.9619072076388644
355 2.220252320166731 -0.43379830562599153 -2.8513274502941 0.1703533623850328 0.22474720055588823 -0.0037621757257100367 0.9594031078184907
356 2.338572007446132 -0.5336810776563112 -2.627049992850985 0.19601408473906826 0.22451432097849458 -0.01643321524280752 0.9544117246730401
357 2.4782497950267377 -0.6842868067280499 -2.34193416025726 0.2247940233964387 0.22569002961257398 -0.027638972163668618 0.9475060462632932
358 2.5985116294277524 -0.845858563588574 -2.0630925705683385 0.2416528596795432 0.2340569882279009 -0.053001504000842775 0.9402191544407431
359 1.576607792475842 -0.40280980804680766 -3.6419385981023353 0.18614908739744804 0.20971686009709045 0.0655127130013951 0.9576405668040339
360 1.839070576268519 -0.6499176977596939 -3.112377806209288 0.20247732677908747 0.21019505585988812 0.06317741723069382 0.9543739094131524
361 1.8567353031722589 -0.12711803147968403 -3.6353730015098096 0.10223372579231323 0.17673978809658147 0.03985923799665275 0.9781219848001337
362 1.964134373764455 -0.19350060417611914 -3.4151572318304027 0.11494120710390726 0.17510053457101266 0.01254608426129076 0.977737642862648
363 2.0149550984958795 -0.26715731578442004 -3.1593374825319387 0.14111057255754317 0.2021318228468173 0.014965454825055378 0.9690235120993416
364 2.095830322878802 -0.34940157094502666 -2.9812682282724623 0.1552354828794862 0.2046995713001698 0.0014007791308882948 0.9664357599488099
365 2.1879821348030326 -0.4405370869338512 -2.8118058469610183 0.17197627932852144 0.20056992551048616 -0.005116125207598937 0.9644530350788209
366 2.3043038382697425 -0.5622340696085111 -2.581363200354467 0.19054514738434464 0.19872420745149186 -0.013820838186672183 0.9612544785260068
367 2.52059503838521 -0.7312957017523782 -2.2594476306584745 0.22759957621058352 0.19173101769130807 -0.01989302600322532 0.9544851494473637
368 2.6392924701648504 -0.8910645194822582 -1.9828973230584133 0.24387932179101585 0.19683605620553415 -0.04617967269001378 0.9484966498442965
369 1.5848506165263636 -0.4320364882974026 -3.5893171728422786 0.18931863154212333 0.18035946749329762 0.07236463663765888 0.9624927696972059
370 1.8196155332012198 -0.6602940574725125 -3.0902615699864953 0.2042152718674093 0.1831207401940671 0.057170794327819116 0.9599450033423519
371 0.9689746151345804 0.19704431679216672 -4.446532150749906 0.06164821722648835 0.20928002877613422 0.002684993997056968 0.9759068386111897
372 1.8266992061730685 -0.12997151584053057 -3.629428993194942 0.1030085635265612 0.1532944316867429 0.03732702364395218 0.9820879526087666
373 1.880231454241584 -0.19150908528418853 -3.4562113144757873 0.12046910759203361 0.1565768273007135 0.03355398295065138 0.9797168599525076
374 1.9814803735524658 -0.27132346025017995 -3.1379849136625992 0.1418292370145927 0.18252551198341616 0.011946920036564068 0.9728443469438782
375 2.057536229685553 -0.351424275465833 -2.9701495507845834 0.15652590232050564 0.18124748319315245 0.0041418627743692975 0.9708923293608193
376 2.1464981586313474 -0.4439855826677075 -2.7874479035265267 0.17258508629335984 0.1778605498441492 -0.007868621651064637 0.9687714189807237
377 2.236391538468773 -0.5771327974786953 -2.554661175752507 0.18756759552887642 0.1795489652175546 -0.014706685501413411 0.9655901458153462
378 2.522410620505557 -0.7293058241111212 -2.258941932350215 0.2275620950258427 0.1546596155361272 -0.025857670958481845 0.9610553141998393
379 2.640902665215341 -0.8693903696515979 -2.021356983249831 0.24315974539730079 0.15955353974909228 -0.05111626072295829 0.9554073101885404
380 2.2755158545550813 -0.42900502973495236 -2.705626333656973 0.21428946564965767 0.2799076252363304 -0.1069247360492929 0.9296767530701674
381 0.3123808244717843 0.17887897953130505 -5.321418236081961 0.20687803498370252 0.16441125921638972 0.08757051609702966 0.9604695972012552
382 0.9552266974053487 0.19915084862583132 -4.458089271746311 0.061470760198361826 0.17810258475283455 -0.00034225198430860095 0.9820899478482981
383 1.7951540741804193 -0.13367267782424364 -3.6213575062334558 0.10374224424059045 0.1304917113392685 0.035158192198056465 0.9853798037093364
384 1.8463266784026828 -0.19182353601189206 -3.4631872025517865 0.12142219933000725 0.128804240540575 0.03289945191596478 0.9836583707880933
385 1.9439399365758034 -0.2737333136977913 -3.1260456012022075 0.141969699200614 0.1631338047405249 0.008979119003055354 0.9762947249455332
386 2.0225809578439744 -0.3563234921549192 -2.943024715402636 0.15736194990440036 0.16037426846551525 0.0008733419680971927 0.9744313981530249
387 2.1042478351166913 -0.4501287707616255 -2.759757573213527 0.1730388915772065 0.15584507853178567 -0.008733680922830854 0.9724677719056865
388 2.186538709356995 -0.5807891054861045 -2.533404458902936 0.18726934761715786 0.1558456014436086 -0.017683127583017308 0.9697059713676445
389 2.2838317674925337 -0.7525347322187708 -2.2191413440949788 0.20670377260683476 0.15691553560788896 -0.018581609918682924 0.9655598519702725
390 2.38455375241999 -0.9327093976161276 -1.88295699288118 0.23424192207428784 0.1584256900255073 -0.017381516546731764 0.9590255277858794
391 2.340834351153875 -0.4992307187605789 -2.6171708909639886 0.21297792779293054 0.2460235528364599 -0.10023254272694085 0.9402479667616234
392 2.46238698579576 -0.6186350977117065 -2.3929561579821694 0.2522016436892264 0.24958321676253223 -0.01417126589025456 0.9348271175551819
393 2.0667124390246854 -0.45295450469659926 -2.78018341092055 0.17210245684630088 0.19643791676492625 0.013212133885681186 0.9652037856142169
394 2.1334815888404393 -0.5514011703722339 -2.6024201190080305 0.18437929973954392 0.20405105052017014 -0.0069151469107650515 0.9614154510950516
395 2.2239825564120626 -0.6647953598161118 -2.3909083255298036 0.1975422207488469 0.21186072520235427 -0.038192009802870325 0.9563647304223358
396 2.308108243321703 -0.773853121152658 -2.172649858098346 0.22155296896642093 0.21542688552652392 -0.043275799254061824 0.9500698700734356
397 2.448369129202875 -0.9117959676012646 -1.928855166093788 0.2462559149801227 0.21167688942463728 -0.0660723107511436 0.9434963229587348
398 2.0697025376854175 -0.4527367619882112 -2.7303233941855254 0.1733551663301099 0.1343652612065338 -0.017047367571233582 0.9755015981148828
399 2.143926670145998 -0.5859900194502754 -2.5059098100306443 0.1871602330984189 0.1317038586360042 -0.021873747428703173 0.9732146364676367
400 2.2311088810317177 -0.7337626996987618 -2.245508105855464 0.2063331326599537 0.12748480092837056 -0.025046463145053925 0.9698179956762167
401 2.332307538643594 -0.9198321832181617 -1.9174140788234268 0.2309329173513129 0.12404682348503643 -0.029304967322045742 0.9645847019133666
402 2.3715021369835148 -1.0875619131186625 -1.6626874575560997 0.25600611285783675 0.1286829702760709 -0.04821262280858639 0.9568579536329882
403 2.489412499251893 -0.6347143436951885 -2.3796028168952787 0.2505387302381907 0.21462936899928398 -0.021554837119652583 0.9437690303475356
404 2.100007653387519 -0.5609151834092296 -2.5633770679618237 0.18422821181867172 0.18485533394208842 -0.01342205156474984 0.9652503851717141
405 2.1813822437761132 -0.680103714335309 -2.3692110325223084 0.19780602905476893 0.1856070381452506 -0.021750030664716202 0.9622628368756331
406 2.298520771987725 -0.8148343067820509 -2.125490831288964 0.21560146947210088 0.18433768617935128 -0.044168748706233954 0.9579064629594677
407 2.4994429358786547 -0.9712358735698707 -1.8520709235038737 0.24490539753271418 0.1622924583505671 -0.05890287215840151 0.954050826067807
408 2.5738773284965912 -1.1332203196622617 -1.5870925610313404 0.27399959625276177 0.1669801483918197 -0.07300233949513373 0.9443053247486068
409 2.120550468244285 -0.5753560177297439 -2.5341141223933192 0.18620342555551808 0.09978234831595922 -0.02495515681703926 0.977112584635318
410 2.1938723107681932 -0.7258769234012838 -2.245042347973172 0.20658212462204464 0.09632663545212647 -0.029159610706467335 0.9732393026261326
411 2.3012011742418252 -0.9698108448745728 -1.8155639854480086 0.22829661333225135 0.09221113376993637 -0.03434261925247195 0.9686063921528444
412 2.383849602573921 -1.1072274887172302 -1.637315771183534 0.2522354975144802 0.08308976217513143 -0.06168585491742148 0.9621165183542076
413 2.5313713756683764 -0.7432023458156358 -2.2459852762286907 0.23614265629475098 0.197450680060379 -0.0339636777441649 0.9508398208820324
414 2.250788317026746 -0.7220157506723268 -2.290448723458539 0.21506405617136384 0.076831884747115 0.040268104013233864 0.9727398633445915
415 2.0665993406793213 -0.5650166472855194 -2.5534342245086847 0.1822136906175965 0.1639066299454165 -0.021165988812163035 0.9692702357792367
416 2.1533490411672354 -0.6896770903450942 -2.3238620902817786 0.19825325267150437 0.1628493066431622 -0.02646680426544168 0.9661652553624924
417 2.240506206688078 -0.8453291764782733 -2.0680275111743427 0.2139264333947339 0.1640646232138411 -0.0327065755600252 0.9624180901340963
418 2.316642154782339 -1.0067038606155931 -1.8518156966056143 0.22787332354198142 0.1648187039452141 -0.038528935238206635 0.9588660266204221
419 2.5615590015378142 -1.1234683902743043 -1.606509857942335 0.27008267217274884 0.12268087950342976 -0.0784241120938757 0.9517638539968557
420 2.631852629712371 -1.300642222493308 -1.3660338333165676 0.29642882020846845 0.10976306874352808 -0.060591517930650735 0.9467896592990304
421 2.152720872508456 -0.6845736647943501 -2.2483139262099385 0.21145208330397125 0.0641505814184238 -0.027340796970076027 0.9748975446251057
422 2.245955125803498 -1.0233952979260312 -1.6971333835879072 0.22793967308615645 0.06206039734766305 -0.03443035733862202 0.9710852716985758
423 2.3628455419287793 -1.0889473803612937 -1.6639937108396232 0.2501531036980733 0.04412109038905406 -0.06696427440550574 0.964879556524294
424 2.364233427861329 -2.3267952561835976 0.3948498475489064 0.2699691588221097 0.043558549999740646 -0.05823897675346356 0.9601185262794804
425 1.0438671752037578 -0.538150012069101 -0.26844881881347327 0.1301629862016374 0.2745533944020226 0.3613605394592838 0.8815308610281796
426 1.322328446053234 -0.5515611330815706 0.07349493646600891 0.15352709258410613 0.2766950085256967 0.37000452873635215 0.8734792283109907
427 1.5708866667711376 -0.5746406258847454 0.3994561026502552 0.1807268048994721 0.2849971896405326 0.3733878978802382 0.8641156957989861
428 1.7153361695999223 -0.5950543258541678 0.5589120318964707 0.19850686904715095 0.29237185389114095 0.3633577979501487 0.8620237020107131
429 1.4920593725246727 -0.4238022360872904 -1.0221739072395035 0.044329095696316864 0.08262004643783881 0.05034942572063379 0.9943207688112169
430 1.2004826030826279 -0.040728333055079946 -1.2331020586790526 0.00012081115841787464 -0.03286063322185669 0.0666172675442302 0.9972373680477581
431 1.433015795320646 -0.6127737547568373 -2.5590543996246566 -0.11174281945272892 -0.06663951589208116 0.2953779717832997 0.9464801008920678
432 1.382215874703757 -0.5634199962161297 -2.180361797364993 -0.09581108962941406 -0.0633320922242453 0.2960375504653216 0.9482462889782002
433 1.3238372692895943 -0.555160536703287 -1.834004218079801 -0.08241381187127497 -0.05514415844223089 0.2978036745678916 0.9494630554151993
434 1.6653680127393606 -0.5185746673848564 -1.6648977994196668 -0.007895110765413823 -0.019494693340997588 0.08739947960335628 0.9959512945296506
435 1.647235013285466 -0.5248006196649562 -1.365440491823143 0.018713163440267293 -0.015080249602957143 0.08819311702414084 0.9958134275439384
436 1.230178231991006 -0.07904834837769148 -1.237573185481621 -0.009207430414828261 -0.03923271090363407 0.04105476717572842 0.9983438994183385
437 1.216949339259057 -0.09362867928022656 -1.0350241917883842 0.01600324122905765 -0.03892126794116976 0.0348997816176709 0.9985043994298527
438 1.599418254642174 -0.3684159808712195 -1.767271883925217 -0.03953574622222153 -0.15001176677819006 0.01443100035690866 0.9877879905858091
439 1.327165946473599 -0.5966991808342357 -2.4583698206185725 -0.09934463711220791 -0.07762047852428418 0.3035999432728044 0.94442193193033
440 1.3459576087346221 -0.5929296499577958 -2.193746368870113 -0.08982647726247778 -0.0829758608242258 0.29845605171531836 0.946557037549332
441 1.3049137824973727 -0.5777461859568156 -1.8615715071419014 -0.07499236046244702 -0.08011546213901576 0.30036758627409826 0.9474898397409216
442 1.662918594969633 -0.5200375378868127 -1.8557523926352066 -0.026452930186408652 -0.04974031940898723 0.08831859963348065 0.9944978308325577
443 1.6532081737350746 -0.5213661890641708 -1.6739768943745406 -0.005141809785455494 -0.051800073228207115 0.08533197806762402 0.9949918449010148
444 1.6460020230428603 -0.5216400433865482 -1.5373966952991176 0.022778237294378337 -0.053495540701147336 0.09046126776332097 0.9942012685929199
445 1.63455373825626 -0.5407811168858174 -1.3986991875797479 0.05709876215270622 -0.0542892763496596 0.13591853921730107 0.9875821667903772
446 1.546227540901933 -0.36515175813352263 -1.760285315099754 -0.037932827353596016 -0.19031613310870174 0.015445305673632483 0.9808681556007842
447 1.3916603677264128 -0.3536947224099092 -1.2820527740942884 -0.01686847161608179 -0.19444670802195843 0.11668230084899565 0.9738024274034462
448 1.3055566644295098 -0.37042414286636793 -1.0885363968472301 0.0025594285394865933 -0.18889947812704924 0.1389701851250854 0.972109951432071
449 1.1238949800325777 -0.4337620682971921 -0.6549039088304127 0.023344348566809336 -0.18052381305594528 0.17940751459275464 0.9667880818901542
450 0.9644693294430656 -0.19315535087052393 -1.1918441135218816 0.02118743239262494 -0.11677762873859163 -0.05939243787893111 0.9911541852066283
451 1.0116730216325673 -0.10606077977751238 -1.21405422132146 -0.005199631904132312 -0.041787280203464026 -0.11585802227553339 0.99237276585341
452 1.0191751602782246 -0.11740485779435517 -1.3737466950172657 -0.011301955797298058 -0.071064610877673 -0.09132811625825749 0.9932176318579877
453 1.02261462398944 -0.11899862837547026 -1.4485594574113043 -0.013286095322013676 -0.10434623880776384 -0.08547370787773341 0.9907722216334511
454 1.080169230752749 -0.16847640498919914 -0.6657976526474993 -0.005594803421997687 -0.0488709874948336 -0.12380500866062386 0.991086596878558
455 0.9392821959640567 0.041509551630382724 -2.104002884800682 0.04485633068317986 -0.04676600857357219 0.04202469275166088 0.9970129147858204
456 0.9226672667101299 -0.08596550882424747 -2.8029647994595965 -0.06226698403067856 0.014415296437692368 -0.7077679942763038 0.7035477599547578
457 0.9202122591492807 -0.08280346103936748 -2.864909651450131 -0.08056861353313717 -0.0037892093066500807 -0.7040736836829836 0.7055314018218714
458 0.8799502120149398 -0.299052727119582 -4.002527836414069 -0.10357120888674985 -0.028637867378752194 -0.6534498053099639 0.749303831166217
459 1.7526952855879818 -0.4521610486382137 -3.3995649375395374 0.183817678910266 0.23370726621459206 0.06037883093084549 0.9528621717688164
460 1.7333229984006397 -0.44706187829994093 -3.3970308238529654 0.18606820618511039 0.2104317587411716 0.05668757971238674 0.9580624454952934
461 1.4811314797768205 -0.3502058895941609 -3.6462291524891697 0.1849157560059012 0.23267709943787163 0.012721343979123126 0.9547280760288318
462 1.4409603743884851 -0.34631429013610315 -3.6481398427170433 0.185140487338113 0.2100855077675972 0.007973983073609619 0.9599601536046162
463 1.3897307796797582 -0.3501074819341916 -3.6548385541135424 0.18445292876580488 0.18813639690609824 0.0030612327646977375 0.9646618242989711
464 1.3326401311702694 -0.3344396742970339 -3.6852440671487017 0.18479531444483896 0.16492863584835385 0.00042461810893959815 0.9688390414017709
465 1.268969516904893 -0.32058006836934627 -3.720159988772533 0.1845947728485712 0.14219045784886625 -0.0025422785574181436 0.9724711812757957
466 1.2017171004324294 -0.307902465687409 -3.7577478721273003 0.18393171380768766 0.11949242154355363 -0.006051430292574322 0.9756300785438374
467 1.1359658618820632 -0.29800140582370904 -3.7617380738005792 0.1841387626922003 0.09768592868508598 -0.00957365305148336 0.9779870819626255
468 1.0729509252630058 -0.2918369150274507 -3.768188925970769 0.1838093481081169 0.07537994026881384 -0.013322775480060115 0.9799767889952556
469 1.0058135981441092 -0.2865197780415982 -3.7802488706140824 0.18325878894697276 0.05334818293252762 -0.017493529428945075 0.9814602143783752
470 0.935795390825823 -0.27529969140100263 -3.8031490456893096 0.18247837721516652 0.03177747777537422 -0.021661497306779732 0.9824574503894181
471 0.8720778980248456 -0.26394179935991113 -3.8133564120377264 0.18220335478564725 0.009148289708238475 -0.0258157563706059 0.9828793425640537
472 1.3575797407250363 -0.22449108469845314 -3.903303003423403 0.16726776013263112 0.2327722864233547 -0.0019953295446306593 0.958036828646712
473 1.3202386747308221 -0.22770816254708848 -3.9061779257812113 0.16682353850280723 0.21170218926132603 -0.004030035351515195 0.9629827923410842
474 1.2720396534354066 -0.2206997309354648 -3.9270360921397405 0.16636371058140983 0.19056628525294741 -0.006290122774698136 0.9674544053953249
475 1.2166914195265308 -0.2109117605752706 -3.9578381276157835 0.16525595203527363 0.16991337315826513 -0.010628688175105207 0.9714457858174712
476 1.1600351116763274 -0.19381467209190228 -3.9886333257038658 0.16553727507472604 0.14891048918417907 -0.013897611193134077 0.9747973702243417
477 1.1005887037951254 -0.18426550513792117 -4.027882215329669 0.16412940601353818 0.1276889746540299 -0.017170192515210035 0.9779888646388007
478 1.048700189454582 -0.18404391307301005 -4.034391351543292 0.1632155548324026 0.1060694023573967 -0.019776197103949057 0.9806726555218925
479 0.994280149543953 -0.19207171916382038 -4.016689699730438 0.16232362893810687 0.08542486497457577 -0.023317372391217273 0.9827562904355525
480 0.949616475487491 -0.18571399010931544 -3.9973737244048113 0.16306449512042406 0.06378875597342583 -0.026259082528882153 0.984200916337647
481 0.906603058950818 -0.182425806661219 -3.995203405280476 0.16232183418909402 0.04202527311110025 -0.029706411004053013 0.9853948426736691
482 0.8574820718707916 -0.18186486672669178 -4.003500234655003 0.160857123648367 0.020924462289565453 -0.03177875522585374 0.9862440318904879
483 1.24459647977785 -0.11440915280619812 -4.1370591181400975 0.1534079382741154 0.23109232005260208 -0.0036066183295664443 0.9607545709558326
484 1.210297807224343 -0.11361817791063533 -4.138981543430681 0.15310702781748173 0.21184419403077237 -0.0062121676864031325 0.9652158814915998
485 1.1717478173500018 -0.11224746215864734 -4.145587872858851 0.1522616779692191 0.1925057105656509 -0.008362512172207168 0.9693750318629286
486 1.1310252074059122 -0.11204114375653118 -4.154688410980228 0.15101391514557705 0.17310272265218724 -0.011167266522804179 0.9731934760494927
487 1.0748027379639211 -0.09821250332495879 -4.193922148526326 0.1503757206512606 0.1539166957867036 -0.014500452916739752 0.976466357266878
488 1.0185967939270846 -0.08612807900211727 -4.226966369653937 0.1492824154015376 0.13462223458523007 -0.016646007728752205 0.9794460221095646
489 0.9634063453916841 -0.07847812544210098 -4.260517630858615 0.1478955747232721 0.11480927164336047 -0.018445140458149524 0.9821433095187843
490 0.9131890977290045 -0.07468973455198791 -4.2701510876192845 0.14713989017191295 0.09488115607338779 -0.0205795828894003 0.9843393501002472
491 0.8600200629998715 -0.06910070273571534 -4.289345083422786 0.1457759222178263 0.07545559750928654 -0.02449629743145133 0.9861317051869773
492 0.8010891626405341 -0.06085336827040955 -4.312474690343571 0.14496742694459244 0.056003727177811775 -0.026340103251432944 0.9874989877768049
493 0.7492965573161374 -0.0401593767068249 -4.366714448118167 0.14396033755598606 0.0354876003415976 -0.027716272591073704 0.9885584777887193
494 0.2530218092956229 0.6829210017014402 -5.956008915813058 0.16158185580252069 0.15381664316002214 -0.022689003506163815 0.9745342019241149
495 0.22010099349880718 0.6747157746745882 -5.911861931531064 0.16145895280806163 0.1320247425688644 -0.02628847644550077 0.9776550437574733
496 0.17999939514461705 0.6754899418932236 -5.900726021722171 0.1607819302183718 0.11016463496241076 -0.029938623955032398 0.9803655425688873
497 0.13731060717001853 0.6786868699029136 -5.894600585479848 0.16013157326547464 0.08844515275439949 -0.03387857208802666 0.982541397438343
498 0.09201062459471743 0.682688079806868 -5.899465298217182 0.15903058806474585 0.0668433121518312 -0.0384912196188991 0.9842559121772839
499 0.047985326994094635 0.6870545093832261 -5.905378364190176 0.15793391732436732 0.044533814293835565 -0.04099891772926667 0.9855925886186702
500 0.003565967654798996 0.6939126733506353 -5.916438047242379 0.15678186619642984 0.02232750551941795 -0.044419135696987175 0.9863812120711171
501 -0.04207342037363215 0.7012598542321984 -5.930475127221852 0.15548366322320184 0.0003702064327027136 -0.04857714626915762 0.9866432744002015
502 -0.08719921538038733 0.7096086135796082 -5.948164809822325 0.15409520778793886 -0.022022696586486014 -0.051691241757976535 0.9864571364226661
503 -0.1346888756602862 0.7149569318326794 -5.952507516233027 0.15286518844311836 -0.04393266840932581 -0.055803271409664706 0.9856917112702055
504 -0.18006297986748265 0.7247545208258277 -5.974210366907117 0.15126720024937013 -0.06578040953622563 -0.060087733648833075 0.9844697346590515
505 0.21023130195400164 0.7752547109142611 -6.133852861970835 0.14821483257065926 0.14895727974285855 -0.018621721749454943 0.9774954116328228
506 0.17102761434461655 0.7767641665169944 -6.119229029266236 0.14781050627689915 0.12983949136952486 -0.02282361719110635 0.980190207137782
507 0.13090704197967096 0.7789461033796066 -6.1151630726794295 0.1470270524793302 0.1105682218665478 -0.026799273837671573 0.9825678388941778
508 0.09231463456657263 0.7789488119301891 -6.106565086094459 0.14636142207518218 0.09105394229248683 -0.030291843662681988 0.9845658753031562
509 0.053303484251476796 0.7821952231472922 -6.101796255586763 0.1456319149081352 0.07153625807939391 -0.03479553405564081 0.9861355055260185
510 0.012900405916260738 0.7848462140678434 -6.101194782932745 0.14466960846163546 0.05217995925157677 -0.03943702277653949 0.9873158938170932
511 -0.0263103016023849 0.7898649995308382 -6.1044182044276365 0.14370649837484364 0.03206147693899184 -0.042022400407454245 0.9882077879610591
512 -0.06812008743281783 0.7947964619202764 -6.109022742878488 0.14275486870497983 0.012343411345247749 -0.04483300924699167 0.9886651104078071
513 -0.08172218862834058 0.8090443201783115 -6.157411615290248 0.14010197592575005 -0.016460698708118705 -0.06222191831862693 0.9880429760923938
514 -0.1079895196022056 0.821105067367252 -6.198687816691917 0.13851133015863132 -0.04252879713378417 -0.0525901502016115 0.9880486844202254
515 -0.15013725691780877 0.832462221988326 -6.229728639110657 0.13694209072436747 -0.06272639065568589 -0.05430897390987249 0.987098174188224
516 0.1645565506957527 0.8609177371360599 -6.297284414711434 0.13645404657175225 0.1476681735012287 -0.018281816593985475 0.9794080627766408
517 0.12686353274037288 0.8609068986519361 -6.288672792809486 0.13586061515356404 0.1303862185604207 -0.02209732669833174 0.9818620318983573
518 0.09108006716119377 0.8637336231492403 -6.292690839306999 0.13494776534177785 0.11110875124995952 -0.024766606391385334 0.9842919360037746
519 0.06006898782742809 0.8625367419685279 -6.2781610965390655 0.13458631747000832 0.0918945588783849 -0.02803443337994643 0.9862332515599858
520 0.026285566949457717 0.864938796141888 -6.2756765511294965 0.13389211979314206 0.07253697370713973 -0.03124985208022969 0.9878434806124164
521 -0.003947063700145748 0.8635582476535557 -6.265021316385331 0.13221054145278438 0.05379339446320435 -0.03921496008077354 0.9889837414448465
522 -0.03666555231813007 0.8688392508104019 -6.278978677360198 0.13071205076786183 0.033742038827492105 -0.04295075754009261 0.989914686375449
523 -0.06069130666523259 0.8686701532992354 -6.271819838084936 0.1295896276941495 0.011001799628224245 -0.04535219182081227 0.9904689097250144
524 -0.08292021164151286 0.8653329404221696 -6.241088614392384 0.12965178944524394 -0.012201145090100594 -0.04675732583238523 0.9903814067443169
525 -0.10413609099078514 0.8676836551957416 -6.238344735415765 0.12897252023953162 -0.035129193159268574 -0.04968828564918857 0.98977934335001
526 -0.10935366496741938 0.895549205028821 -6.390196467067959 0.12322363801010146 -0.06575905693282519 -0.04048503240208518 0.9893698294691841
527 0.12279009758879411 0.9279580641054197 -6.447741775877844 0.12358447879068407 0.14691273988328363 -0.022033459616932934 0.9811514039527278
528 0.08922464212693848 0.9286780596330466 -6.44041323207055 0.12315049214361162 0.13059869348961325 -0.025460309284203956 0.9834275454443749
529 0.04885182225883522 0.9308356266947388 -6.44521496001539 0.1220364293889781 0.1142288987705028 -0.02673516163315717 0.9855679065639026
530 0.02172357539497538 0.9405193329159327 -6.4717213881389215 0.1206309098483603 0.09292440820291847 -0.027961207598571704 0.9879430561624977
531 0.013514172627736798 0.9259902322350277 -6.430074438991657 0.11971083585829119 0.0705433247446077 -0.032431304515777214 0.9897682100901055
532 -0.018248624437022798 0.9298582704045195 -6.43643427579385 0.11790998149555881 0.05466082778505058 -0.04144127735422226 0.9906523460079496
533 -0.04798039297230794 0.9312236679514991 -6.444627335939754 0.11624512714927711 0.0351319657067584 -0.04251981709462856 0.9916878891658807
534 -0.07740607441704928 0.9342267273376612 -6.448954116846674 0.11508413229231317 0.016266402290781034 -0.04309527655865812 0.9922871802412335
535 -0.1040524963771512 0.933416821684844 -6.438855821901788 0.1143753379477877 -0.003671716239037628 -0.04209785348146736 0.9925384651676818
536 -0.13534245101377973 0.9382693751968141 -6.467082758663311 0.11251307410006041 -0.022117529385777726 -0.04291344493367308 0.992476736547976
537 -0.1661953566098875 0.9479043060720009 -6.506758859186714 0.11064807774302943 -0.04120849985365443 -0.039733116158542116 0.9922097421390833
538 0.07466316586446053 1.0076909509263867 -6.612440980050705 0.11503423650440625 0.15037620969901958 -0.03675180065491065 0.9812254702180807
539 0.05646334928805574 0.9890906266278827 -6.570873043444134 0.11255848438753553 0.13014098857558784 -0.024826010708336135 0.984772866694188
540 0.018039865095617058 0.9902467048098496 -6.573930806636756 0.1116005533354432 0.115482479750047 -0.02763726617433132 0.9866333366509669
541 -0.01839600657574314 0.9922554924583302 -6.575470765982749 0.11071928588647562 0.10068541719147747 -0.029339401523780943 0.9883030447987975
542 -0.0518644289736776 0.9923630438886475 -6.560583871717053 0.11103489860436941 0.086799356817755 -0.030424524245241603 0.9895511730723752
543 -0.036386039627158695 0.988764135668188 -6.589277007764951 0.10639775117924051 0.056762924438948544 -0.04594060065619472 0.991638512305222
544 -0.06597683070436156 0.9901391107097259 -6.597978624988116 0.10464074788523049 0.03822334410722206 -0.04230449736958473 0.99287444086262
545 -0.09693698992580391 0.9959662247607639 -6.6215539064514495 0.1025760831399058 0.02204956418662516 -0.042391673191294596 0.9935768192466669
546 -0.13089468225839895 1.0006115916762885 -6.638758150140098 0.10122693576868935 0.00628790462568578 -0.04439993489431587 0.9938522325267762
547 -0.1666417131604203 1.0046510662796222 -6.652915068356839 0.09969678390963062 -0.00957604635274257 -0.04458985299283267 0.9939721345046615
548 -0.20406467823776708 1.0078549325138297 -6.662692057246801 0.09851052242142709 -0.02470309916252151 -0.04613985154464824 0.9937588196489036
549 0.045296603450746264 1.0284657420110008 -6.802600886393746 0.07977406196648319 0.1432752129926135 -0.02776807423250316 0.986071630685278
550 0.04494103394328919 1.0320728949102507 -6.802978967427844 0.0810265917200948 0.10432653663634316 -0.02794001002700945 0.99084306476863
551 -0.007707895689048172 1.0467322209314442 -6.688934496622785 0.10510502918903106 0.11310674324137565 -0.023189359760515 0.9877358239502777
552 -0.04352769548406088 1.0429813216121184 -6.678040373391006 0.10182080699776422 0.10272585069142333 -0.026180565795570394 0.9891382504784122
553 -0.08188449885667293 1.0439917312090268 -6.672776173690883 0.10099576996433042 0.09300912418115807 -0.029163001871584323 0.9901003248383329
554 -0.12184210218183211 1.0449091567464208 -6.658885875967787 0.10104991546418683 0.08539469894887426 -0.026436370180999827 0.9908571184940657
555 -0.16508229224142124 1.04635032411786 -6.651316072213106 0.10082070767866533 0.07906179571098092 -0.02664806533011111 0.9914001660051336
556 -0.10401879428066352 1.038881608580489 -6.738733791000217 0.09120408792620897 0.025238150811555393 -0.04946391029328697 0.9942827554064252
557 -0.13819269498780473 1.0424924880881172 -6.767964606137132 0.08850320365541728 0.01029951164469584 -0.047247704223624815 0.9949013847574559
558 -0.17285131907649864 1.0472591851484463 -6.797471776269042 0.0852312168760624 -0.0040224353968398635 -0.04704677012857462 0.9952416983174113
559 -0.2114169333376802 1.050785577682022 -6.817545017230692 0.08306154148315083 -0.01754859298873051 -0.047933604825963996 0.9952362483472835
560 -0.027530596147300024 1.0895015700541355 -6.783680258810062 0.09519320738947128 0.11347012804457837 -0.023858908579399412 0.9886827218837151
561 -0.06229968896078919 1.0910567234971573 -6.774372294228364 0.09584290858028938 0.10258160177291434 -0.020253715801153597 0.9898893594207315
562 -0.09920690423605194 1.0980113645601706 -6.765759667285278 0.09844219494998312 0.09473795318423184 -0.03300178161137082 0.9900730836869824
563 -0.145056933809524 1.092499173526222 -6.768110656443529 0.09100736206714821 0.09014119311765023 -0.03841810217594263 0.9910177935259666
564 -0.17946778047834933 1.0943835252150604 -6.753871829076541 0.09327456961540313 0.07931366006569521 -0.03250500878234323 0.9919438851514958
565 -0.10916482357509372 1.0823543515849054 -6.847510073253824 0.08133445208127517 0.028175839303721608 -0.06104731170031654 0.9944164590446681
566 -0.14007712969077915 1.0854440615060534 -6.875556448948561 0.07807614734513507 0.01384838104877701 -0.06003267231685246 0.9950419314213601
567 -0.17335610499550408 1.0891992046914454 -6.919719545987955 0.07406148651396553 -0.001379794904368705 -0.05472251257928501 0.9957502109293674
568 -0.20260450005426223 1.0928825116090002 -6.949330709300517 0.07158668674704688 -0.015693369002525593 -0.05272109275891374 0.9959164629971574
569 -0.25121933867250235 1.1373384242173792 -7.291054068905359 0.10438557259588777 0.11917196971027474 0.22763945377843736 0.9607715618484457
570 -0.08204914324374135 1.1390081443858504 -6.86896774166866 0.09094117830277641 0.10437054891723066 -0.027748916450369185 0.9899830696796844
571 -0.11690302842528721 1.1394714249913194 -6.85958628841299 0.09012214991731507 0.0958163166594416 -0.03184110204124357 0.9907994134835574
572 -0.16207343133824637 1.1398871461871174 -6.86229342987526 0.08593948999635814 0.09284476590402688 -0.04304239343479951 0.9910305892662584
573 -0.20205633983697324 1.1417245798971773 -6.869560175376439 0.08368665529040512 0.0842858835095588 -0.04177874239860083 0.9920418549819642
574 -0.1060203100838698 1.1201768161077807 -7.014486534476445 0.06726766553075446 0.02572485857707563 -0.05755023793658615 0.9957415762264133
575 -0.13815835631772566 1.125503880117334 -6.995374853961011 0.06834141085767206 0.013682587597078376 -0.06340260394674431 0.9955512869751432
576 -0.16613844528709276 1.1262997433992576 -7.014168877330972 0.06517628772845944 -0.0016109747480867384 -0.061916870009032336 0.9959497011034004
577 -0.19709666899356826 1.1290847018386136 -7.032538539558159 0.06263284443391125 -0.015414479353242055 -0.06156723840022472 0.9960165854091922
578 -0.3437124588359417 1.175216437857813 -7.5946725698173125 0.07386800184219652 0.119971557045278 0.19089175814100867 0.9714477415582521
579 -0.35780248345121723 1.1671781101879457 -7.5880859712332445 0.0795102385659781 0.0910378859763872 0.19007160380710622 0.9743013067070515
580 -0.37976281957114644 1.1562180700316773 -7.574078160198285 0.08455078148758098 0.06506471126820103 0.185177682257215 0.976896602699272
581 -0.10038030873078108 1.1829369751001628 -6.967388927386322 0.08408701034253999 0.1030121339798355 -0.019301399240123807 0.9909315720918899
582 -0.13260533780338601 1.1840426520177338 -6.947681715800951 0.08406235469717596 0.09538832584672344 -0.028764724125891 0.9914671918988013
583 -0.17144702772638598 1.1829524581776467 -6.948239583924234 0.08336578358637957 0.08841508715684307 -0.028843903389284123 0.9921698305854502
584 -0.2139503145454409 1.177692575261293 -6.960113489536582 0.07543091399643982 0.08295144857825447 -0.03069350441754384 0.99322058742814
585 -0.10340560918122277 1.1512824545747464 -7.141472915655065 0.05397940172222553 0.02088803897707553 -0.04938361189975552 0.9971013900292451
586 -0.1325350066897586 1.1541041401042726 -7.12641204592693 0.054787923352044514 0.009893771978641467 -0.05376149436610776 0.9970005694739725
587 -0.15914982248922094 1.1548104854928987 -7.106853317414115 0.055365187136027616 -0.004069873471534126 -0.049085529943872906 0.997250584549827
588 -0.1930781807735671 1.1566855316987867 -7.129634312253714 0.05220734977658911 -0.014437943096461101 -0.05581011852991505 0.9969710058661398
589 -0.1589518493533273 1.1084456739319357 -7.219957894391552 0.019801736891964076 0.13098112313238944 0.05520345369027421 0.9896486419743774
590 -0.17782085296646066 1.1052334433140647 -7.2175592817383745 0.020469079289270158 0.10476558946408897 0.05118909866183352 0.9929677418509347
591 -0.10101300559220383 1.2243149349208835 -7.112535331900974 0.07353893071486736 0.11466652159911708 0.012367151778916674 0.9906012102032268
592 -0.1173407930394208 1.2251894830229704 -7.04520746475314 0.08069481936103592 0.10015527868110025 -0.004711571802036415 0.9916829455799946
593 -0.144414442069291 1.2266506886077817 -7.030877846993104 0.07939050219641099 0.09511333407301686 -0.024946962719135917 0.9919819881833442
594 -0.16795863011945422 1.2211057193854427 -7.038316546675918 0.07692129505257383 0.07694295152229992 -0.025186270922302325 0.9937447019951623
595 -0.22652177642799776 1.223779555101466 -7.043598343067378 0.07459466504984587 0.08476617238417554 -0.03281173561122939 0.9930628272029691
596 -0.0997769004195761 1.1792731328797184 -7.230461661594425 0.046586849509115895 0.020302963025726293 -0.04786980714536928 0.9975599904174288
597 -0.12944493108484134 1.1797222271512893 -7.214754211617579 0.04651060078705844 0.01026836318808409 -0.04813579939671478 0.9977045162537073
598 -0.15862034946212322 1.1861612027574242 -7.219556511002882 0.04670734036662104 -0.00262657812991847 -0.04307867793235357 0.9979758414653664
599 -0.19161714342148706 1.1878992447797856 -7.231016889271324 0.044718139239017324 -0.012381130554140387 -0.04259981922610591 0.9980141845246479
600 -0.26328078780338515 1.1145882027454173 -7.470532184295831 0.0007315574651457417 0.13687379553656007 0.05563903378479032 0.9890244369655464
601 -0.3073320778768771 1.1100758693950676 -7.591114195767414 0.0002198537305976514 0.11118078625543659 0.05469508471224586 0.9922939153359196
602 -0.32351839211097566 1.110040204288734 -7.58512962657341 0.0025162289022323337 0.0836644984300775 0.05683252015407408 0.9948688605284812
603 -0.32448056877914233 1.104698546713021 -7.583781529321299 0.0037268367308716174 0.054645638217693984 0.05676362612999271 0.9968840511951489
604 -0.33546405544073554 1.1052721941256036 -7.584631552483712 0.005390610306676138 0.023420656285051012 0.07273926418883946 0.9970613978003278
605 -0.35020380438721777 1.102083442327786 -7.594032383969966 0.005812262892283016 0.001331754157334325 0.07197450229560941 0.9973886637351146
606 -0.3562070189724835 1.0971832387173528 -7.590105625656067 0.006108084975426864 -0.03294141527810537 0.11819402680732219 0.992425191748055
607 -0.1011049368236252 1.1754321356864597 -7.3830998468407705 0.014341940089083747 0.016091761360758475 -0.05763354377968062 0.9981050791630579
608 -0.1294468394968049 1.2142925402292704 -7.29441570389313 0.041579737319040494 0.010489470959417747 -0.04448042015852069 0.9980894777644933
609 -0.16041037047216106 1.2143080147517964 -7.312366120558239 0.038154821986370976 0.0016070549792601635 -0.05587994740951898 0.9977069133897927
610 -0.19385474637948796 1.2167580955030535 -7.324329666485842 0.03629823802013447 -0.006766968634944743 -0.0531543536585383 0.9979034141557812
611 -0.2766223471363123 1.1145031106004009 -7.546500780895947 -0.01990161508474584 0.128971566955153 0.06865566485889947 0.9890685884309406
612 -0.330130056087536 1.112972939130266 -7.6881977475135805 -0.02141538046134486 0.11042263404551764 0.047280592927468404 0.9925284738443872
613 -0.35586490956045314 1.1013265409785902 -7.743771522874061 -0.02475889422779161 0.08600305303605048 0.03548425607145204 0.995354868288016
614 -0.32605591118100996 1.103867455124437 -7.750089917953427 -0.023452888303497017 0.037612249638173986 0.03327366791069211 0.998462888905266
615 -0.29554616124717015 1.1063919369542679 -7.784884722329316 -0.021202094227781892 -0.010163429602630863 0.03810345721209474 0.9989971556427322
616 -0.26042890992907175 1.1108615551854504 -7.869114447638036 -0.01774293971445448 -0.05741086294161373 0.045874217126308896 0.9971382872662288
617 -0.2318850462793316 1.1147738782527945 -7.866660139334584 -0.015804240356061483 -0.10315361079115871 0.04899821761452859 0.9933321425184903
618 -0.22851709778067075 1.1153982648168559 -7.860778458884106 -0.013864287494820129 -0.1461895834157868 0.05338194888452385 0.9877179617507352
619 -0.22718721306940548 1.1135402659666027 -7.868531750497299 -0.012242005291173048 -0.1769485800629022 0.05298098186330884 0.9827168137588324
620 -0.08276482070474422 1.1379494689986878 -8.34202492892167 -0.013165035347452492 -0.20878627815162354 0.07716865609840812 0.9748230587132541
621 0.11175662420743926 1.1474435208697749 -9.062640289252549 -0.01136197404117258 -0.23700433369842508 0.07964264247299004 0.9681719470477425
622 -0.33828935025366746 1.1025653894631287 -7.841974397557653 -0.038286772588329174 0.11787691421408682 0.131420226004663 0.9835486197931185
623 -0.3771570814997123 1.0804689931677323 -7.822119066916294 -0.05389326477049579 0.11834663346634892 0.028984065425010135 0.9910850332190438
624 -0.3814694574571549 1.0787294646257237 -7.8997421412013 -0.052231238238211096 0.08548962006795037 0.027710958960771477 0.9945830689000925
625 -0.34953451501140975 1.0728908143505036 -7.889387076848383 -0.053217303117144156 0.042181708989064225 0.03758611132009107 0.9969833889096853
626 -0.33412978639007573 1.073444865485922 -7.974760059135494 -0.049971281867052034 0.002600040811871076 0.048839777369793856 0.9975523946142812
627 -0.27226303990260714 1.0295755330316418 -8.382881728955779 -0.05291329908639115 -0.04706554781356621 0.04219709426912685 0.9965964002755532
628 -0.1686680763757593 1.062381412820642 -8.330295419471398 -0.047870699203706436 -0.10018802493803917 0.044748031175188045 0.9928083204662324
629 -0.11849639308817572 1.0701862185271125 -8.329216508369381 -0.045752762216058056 -0.1430913723059255 0.048751365669350545 0.9874486393790655
630 -0.0602760367248969 1.0726098611608368 -8.353366642203497 -0.043323983947484525 -0.185968552253228 0.04950446739818598 0.9803509964466114
631 -0.0100419993443146 1.0802696069670823 -8.355737222687434 -0.04006936962611538 -0.22751252764968388 0.0411218383209724 0.9720810334494132
632 2.801909134735766 1.2776483647587664 -14.00577418345059 -0.035756385777877965 -0.24010358102094798 0.09881092119765497 0.9650430820908685
633 -0.4213781646128325 1.059584983590689 -8.118981571240667 -0.07227995039007198 0.13996281225757115 0.04441056899982931 0.9865159941675503
634 -0.3951210620737342 1.0642244796757812 -8.095194916267516 -0.06921195247801012 0.09423264259183917 0.057919657108561 0.9914510727317478
635 -0.4540119502811715 1.0409519675437107 -8.18669078072201 -0.0755252134836903 0.09010442640765952 0.018605355655634027 0.9928902217567916
636 -0.4314173957414287 1.0465415628641441 -8.199207858983417 -0.07417337338296903 0.05327041836636418 0.018130427275047295 0.9956565046863548
637 -0.4538119381323962 1.034706097677324 -8.268517903146337 -0.07423043438010007 0.025093017894353236 0.030531938777225875 0.9964577327742147
638 -0.1985164549070877 0.9636946399101651 -8.870515974757982 -0.07810332975663636 -0.05147944137795572 0.04377618032290453 0.9946524121480316
639 -0.08560679269720772 0.9800890629218202 -8.81505199906514 -0.07579076852189796 -0.09858618262350345 0.0452138859345628 0.9912074648039921
640 0.030691246690821572 0.9919989260191517 -8.783940308254017 -0.07360622583027217 -0.14545346321682245 0.04752147598459377 0.9854781236833293
641 0.15044254181258054 1.005965821399748 -8.771785844702876 -0.07100226086981003 -0.1918255709774965 0.05019697008419556 0.9775693890633899
642 0.2817916734904031 1.0175303121898764 -8.774383598182741 -0.06814796031484467 -0.2379847501191676 0.05103636615557271 0.9675300592366058
643 0.41193483691059285 1.0339087798822284 -8.770155756837575 -0.06521343912598232 -0.2837473696555654 0.05514696500776923 0.9550882116615926
644 -0.49978749866733096 1.0595766973521243 -8.301865258478834 -0.0806579529429846 0.14839962725758388 0.066899818506234 0.9833596685016183
645 -0.49345548545147366 1.0615536639956886 -8.271400083303138 -0.07820833057085735 0.1172652180815132 0.0752303553140234 0.9871538388465751
646 -0.4161826852812567 1.06395161353284 -8.136606731947854 -0.08232586983887805 0.06880047025048631 0.07389978656427298 0.9914775846773468
647 -0.4602151662476537 1.007105459161452 -8.56449287162835 -0.08987175832529765 0.05002231192105752 0.024835690450489535 0.9943862491693067
648 -0.4658986428348162 1.0188419550836736 -8.511300066540066 -0.09066215793571811 0.02521116687709751 0.040120150978804475 0.9947538302084905
649 -0.5007062245762128 1.017573342278805 -8.494062217032258 -0.08965366460009792 0.0017989824285763094 0.04490352779884603 0.9949586047494567
650 -0.06554132108225463 0.8706929003163593 -9.53549197023417 -0.09703456122200217 -0.08864609235701273 0.03769595307838743 0.9906084832460158
651 0.28931903187502783 0.8231117442371421 -9.408507216422265 -0.10178611882336223 -0.15143324618509466 0.03843511059337719 0.9824613635277736
652 0.449792205573317 0.8171084373477271 -9.529985151068402 -0.09917791947509953 -0.1915642288452565 0.039079061845273766 0.975673996136763
653 0.5794196880486755 0.8212830037641439 -9.551368929946655 -0.09713989888571962 -0.2314394930342193 0.04185145335283426 0.967082264710745
654 1.053531936507163 0.8080328668581842 -9.76937233452935 -0.09436371838173119 -0.2833032041596768 0.044664930391189184 0.9533309010591913
655 -0.14268236419806613 1.0787704968819654 -8.138510066079164 -0.061463557656246746 -0.20969363419903453 0.09928050908148403 0.9707699144439297
656 -0.08711696810173919 1.0672616251511666 -8.288679140389952 -0.061571126245447014 -0.2392295578725781 0.12153108246093436 0.9613575753758358
657 -0.10615968526289521 1.049993358988214 -8.315828373822796 -0.06460920910328335 -0.26848522167455124 0.1423785024174844 0.9505102296350988
658 -0.11648570470864428 1.028390294440321 -8.363545992228172 -0.06493000063665717 -0.2966677466652278 0.1569937029695949 0.9397474846883622
659 -0.13589505111976052 1.011895592848406 -8.40769992019331 -0.06074462565124563 -0.3247227694207753 0.16054601400121085 0.9301022478009008
660 -0.15766084672975467 0.9943783668459876 -8.452048802157478 -0.056050660647949335 -0.35225234169872793 0.16231330690520024 0.9200168730650105
661 -0.18547178036220657 0.9764092074397155 -8.492223363261559 -0.05101277579543242 -0.37951541540510675 0.1633257276539041 0.9092252086876108
662 -0.1777859866881073 0.9577598558104405 -8.566383583073968 -0.047205679075654 -0.40658134575614757 0.16659550044734345 0.8970558406194884
663 -0.17543509833254234 0.9383469857850173 -8.634311997157347 -0.042383732809305054 -0.4334915043770439 0.1678346962851892 0.8843756399388238
664 -0.17595714130416695 0.9197253095035762 -8.702377725829571 -0.03763343470401233 -0.4599665120367389 0.16942494829876986 0.8708098338042582
665 -0.1745564775374362 0.9003236695636332 -8.775038086595657 -0.03320615153858341 -0.48595271613483004 0.17162050889667566 0.8563257436246764
666 -0.07271959208823375 0.9537346262033957 -9.374590939731974 -0.05903120987759911 -0.05666674165421358 0.31783582625699747 0.9446081422061525
667 -0.07785572419264497 0.9607838069878589 -9.400817869911315 -0.046602524763460974 -0.09146373017214994 0.3215480441493157 0.9413126111451913
668 -0.04416822137058318 0.9484877869804755 -9.505466512398637 -0.03572666067747926 -0.12597761123047357 0.32728682674817033 0.935808005951251
669 0.2752458573754559 1.0366738439295418 -8.964395103266614 -0.054947103247694924 -0.3242206765011857 0.10410418131953615 0.9386288125411201
670 0.06550106647112841 1.0376676305407342 -8.706422347356678 -0.0691679840744733 -0.3577687892889523 0.15087604998048723 0.918941647788837
671 0.04383557717944697 1.0190703135064503 -8.747080330417543 -0.06554207890127789 -0.38169146459073516 0.15166891245877515 0.909402248459363
672 0.037484831962245835 1.0020529479172864 -8.804064892738204 -0.061706294960662586 -0.40534341245018984 0.1535671478516883 0.8990585171130985
673 0.19451429650597163 1.0076519242180115 -8.924269387550822 -0.057523680199484284 -0.4385610000468628 0.15587209017844414 0.8832095780742147
674 0.2249973844633999 0.9969617015736283 -9.004148244321883 -0.05354147638139701 -0.46243611631641357 0.1582064178767971 0.8707794683093549
675 0.2511926512699105 0.9822282323945544 -9.084106372793503 -0.04973382164969324 -0.4857433952177373 0.1602661755033868 0.8578430001859128
676 0.03284530433312227 0.9418785154517479 -9.771277481159904 -0.08257342675687443 -0.07068049147216314 0.3330976145519871 0.9366066013679045
677 0.052753038483601244 0.94695277988707 -9.82524016709802 -0.07154526649231208 -0.10149304866161671 0.33476352794855196 0.9340844640386061
678 0.06681750696478872 0.9527287808877603 -9.841266313424928 -0.06017539610447508 -0.13298721468096672 0.3354303276795602 0.9306878229972858
679 0.057168415497557135 0.953705118083672 -9.802804762216411 -0.0492690714006835 -0.16292681957779626 0.3372525381882806 0.9258985646275981
680 0.5419097777392494 1.0429377541293547 -9.266619495152497 -0.07615388489815779 -0.3302867340153555 0.10360656547616802 0.9350812705056631
681 0.3390750879769939 1.0405718099360612 -9.022619045176214 -0.08985611046642125 -0.3583999728576264 0.14431937379841175 0.9179582067655214
682 0.2934159491636983 1.0164892874767588 -9.014116815419946 -0.08623152035844288 -0.3817281836746807 0.14879017078842674 0.9081350239478133
683 0.2713274355418207 1.0130451150195228 -9.047283723939032 -0.08223599045513326 -0.403533398909611 0.14926378530206508 0.898954043961978
684 0.5983491651104842 1.0728322854208816 -9.223987741137151 -0.06989878047356105 -0.44357313459382386 0.14763048668190926 0.8812277249977285
685 0.586665808274347 1.061405987875295 -9.279712889829788 -0.06547188220777352 -0.4635429719463031 0.1462019573290056 0.8714736229931327
686 0.5696939244907533 1.0386469710801318 -9.342376638987478 -0.062115004717147156 -0.4830082584310142 0.14745781832563223 0.8608722258745087
687 0.03687472337299891 0.8847910402447257 -10.344953042117153 -0.0797370442259862 -0.08577392753943308 -0.019565081845892562 0.9929259923557555
688 0.1831898009959687 0.9104144705876323 -10.369840556039993 -0.080019961847628 -0.1356246269240014 0.3338780267217529 0.9293698240930003
689 0.19945428828705758 0.9349952897062295 -10.356030652924915 -0.06925552927052817 -0.16427265007551797 0.3348757541956111 0.9252439541277757
690 0.1821497330336399 0.9301680541778339 -10.319685682643733 -0.05853856551420116 -0.19091256765625975 0.33153481838769183 0.9220685028401018
691 0.18213395669087618 0.9347609577556604 -10.33369297631387 -0.0498420932600728 -0.21794656867180312 0.3391803084588587 0.9137679138854189
692 0.1982360739105502 0.9341241918300867 -10.375908347661209 -0.04107006489503925 -0.2448689339960263 0.34705917040110595 0.9043795504584046
693 0.2060521218160858 0.9323057062162121 -10.415234713470284 -0.02807559198617013 -0.2781127912037427 0.34876133780607405 0.8945560951613956
694 0.27794850203989085 0.9395155293282471 -10.516191744589278 -0.01550612685831054 -0.31389223688536827 0.3525538432078585 0.881440294633103
695 1534.5497323943746 725.5278417742985 -2145.0475300185135 -0.004717064308050571 -0.34133374974452646 0.35206535936400446 0.8715038702616762
696 1538.9970210452325 796.950386731738 -2153.6535206639783 0.00761105773976765 -0.3685822517641326 0.3485406618562339 0.8617474277113218
697 0.7988140943255804 0.7599782045354928 -10.596678055633252 -0.0800730743655237 -0.17386405812572606 0.05737233454143168 0.9798305987991892
698 512.6976166156145 -221.3767636220091 -1956.378693954051 -0.07365620361990044 -0.1765222541345719 0.029648622372289875 0.981088974065163
699 715.6767813378319 -146.61045823351014 -1914.7493761847109 -0.09621992199277787 -0.169184095449433 0.10330534368922735 0.9754211699042209
700 806.9610115160976 -231.7117321955957 -2269.2254691159123 -0.09651742378229644 -0.22961969478647118 0.1652675548349239 0.9542776470456719
701 102.53662739998708 -42.26531047404865 -490.5020174207624 -0.08116053028049575 -0.17445927563259536 0.07126953071784789 0.9787224267434813
702 182.9577047080776 -86.41364212446001 -431.48658909514825 -0.08237351028180241 -0.1843914562936015 0.0626019261806552 0.977392164658
703 690.3100199074108 -79.97965339679905 -1801.550838204601 -0.06244345269808031 -0.1747236233332498 0.010624930736292615 0.9825780300769091
704 505.9050073999532 -217.73020433504507 -1953.529655764998 -0.07346751323156014 -0.1446791264461083 0.024900708985728028 0.9864332161995082
705 524.8681272802689 -226.89130755737392 -2002.203764301341 -0.09418229140765622 -0.14327096783053667 0.04226570041169266 0.9842848887903274
706 789.8925481025876 -222.44939589707064 -2251.6248089900037 -0.10033964956921235 -0.19925596357559072 0.16254413059826034 0.961149564464109
707 916.3595629033953 -287.4248531447947 -2572.24862392278 -0.1264152927711677 -0.1953905493234363 0.19329443322668924 0.9531416422532286
708 1126.9343363010485 -372.4125021533582 -3083.016278834327 -0.14217867436148154 -0.19511750705994288 0.18662365271121834 0.9523056135294768
709 102.5562626870871 -42.317372129744626 -492.0413881039313 -0.08311854769019124 -0.14321448673936835 0.06785932075500471 0.9838577531285074
710 98.27787461100633 -40.53580467514371 -478.19413530227007 -0.07986627744639668 -0.1786468837650319 0.04991015354152692 0.9793955488063689
711 103.60894561485253 -59.17202157146056 -293.98898093463333 -0.08332774865850957 -0.17738898374117865 0.07419809679941013 0.9777956234337168
712 182.6857243822708 -86.894189842414 -431.27028577068836 -0.08475364694310933 -0.1555213612384712 0.06015518819572477 0.9823498784828665
713 0.7546247343004424 0.741582365924458 -10.69472619295044 -0.08372703776822825 -0.1097855012495806 0.052791301852656514 0.9890146738092964
714 1.0281261350397441 0.7493083868368302 -11.098822247459918 -0.07901696490219773 -0.11987114081184827 0.03703861065483476 0.9889466077694602
715 1.506869829224243 0.6093766469604134 -12.695706015389678 -0.10242612163076296 -0.11462555784518506 0.16544764788416705 0.9741647657963786
716 1.7250756355897892 0.5046888509621077 -13.636254882405632 -0.11984960596365121 -0.11403075096539349 0.1890233631697213 0.967937636471912
717 1.9113943703148326 0.31562335302570865 -14.496081358730766 -0.1399928509526697 -0.11283148818020582 0.1997075886472641 0.963217511508597
718 2.1365423536284442 0.0764367205091796 -15.525734239963539 -0.15698726878777222 -0.11304725151022572 0.19986934608817872 0.9605350349382228
719 0.8381279031853417 0.7282200950336062 -11.010377709699519 -0.08141352025022916 -0.11901135890891376 0.040656991067237275 0.9887139048058401
720 0.8162633527877006 0.7152877729859597 -10.978495322554394 -0.08398795653295091 -0.1449327828150682 0.07128300396859735 0.9832900138111632
721 0.7718486342994577 0.7517297801946619 -10.749880941818999 -0.0843067954997554 -0.08384377293903102 0.04893401492686558 0.9916995868841828
722 0.8142038806922387 0.6680617649547287 -11.252985504546356 -0.10620780585607649 -0.08221024906886729 0.014477735045536597 0.9908339060537631
723 0.9985222260680366 0.7311789458199334 -11.058252219017744 -0.08121763948227458 -0.08578725863025717 0.032168509438130696 0.9924764062373614
724 1.072151160486552 0.6455635966799189 -11.491748341560166 -0.10353849231446438 -0.08555765100937963 0.028529415973925297 0.9905280255286477
725 1.7793257241713845 0.49365777877443495 -13.728498303681206 -0.12389317978579645 -0.0889901914582893 0.1682446588113136 0.9738711311279151
726 1.911866369071788 0.3139750713409768 -14.489975531590348 -0.14574777142999185 -0.08529214897940314 0.19427828066413155 0.9663016081447142
727 2.15662448482567 0.06483441993603378 -15.566949677516515 -0.1624143530308369 -0.08824681808405987 0.19605203650498956 0.9630148770712229
728 0.8318127310697463 0.7236938996101907 -11.01686752917982 -0.08277511465741944 -0.09388228188827166 0.03906791706773598 0.9913667603331775
729 0.8348634697609629 0.713706791736783 -10.99831004925834 -0.08590003646180065 -0.12157547892887108 0.06873087158325475 0.9864667738352315
730 0.804488440589396 0.680154530919113 -11.194068333088659 -0.10631613445981278 -0.08836475328906494 0.01642126028626973 0.9902620330499343
731 0.7717817077252924 0.7448032784968324 -10.75479313395368 -0.08575194038152627 -0.05868578739537193 0.04571785314972363 0.9935353353155586
732 0.7977459454299556 0.6830642371358184 -11.147114947566667 -0.10398604727977728 -0.057765395172077 -0.0690688900582545 0.9904946130089038
733 0.9811591225355691 0.7302993759832557 -11.085741945364852 -0.08169274236695256 -0.05071290559106526 0.025484943911230493 0.9950402017599665
734 1.0600193534073075 0.6357600992459775 -11.576149128441793 -0.10423594863268369 -0.053744271975964215 0.027058766246018967 0.9927307053667245
735 1.1466114733471349 0.5384133124873296 -12.021163055678928 -0.12260664314712762 -0.057766675178858556 0.029225303774270097 0.9903416246348827
736 1.1824833849314582 0.4945597496653513 -12.240362255087572 -0.1411884832906307 -0.059707702743741264 0.04072726570625552 0.9873409245724222
737 1.212045952775188 0.4572551173589967 -12.459297456755055 -0.15544787788733624 -0.05999108673634998 0.05086624552172905 0.9847079122807126
738 0.8498084710758471 0.7214364087489198 -11.041204302017928 -0.08406131396731116 -0.06985278648086168 0.036552066902595146 0.9933368978833774
739 0.7700018350737459 0.7492166130714963 -10.868189078940233 -0.08096241008143003 -0.07307248319554197 0.08521688796492444 0.9903754786493005
740 0.8420368460768692 0.7174808524773475 -10.993741910639264 -0.08756314175604599 -0.09792663277023313 0.06747795306719274 0.9890347876139123
741 0.7915191184594157 0.6811755060490792 -11.18583772262436 -0.10690886854754648 -0.05404096870074671 0.010875879019736082 0.992739531369371
742 0.7814858786995975 0.7502957911256645 -10.753998209509938 -0.08667959838967701 -0.03496657984258737 0.043752829543451915 0.9946605993810564
743 0.7874357202294622 0.7255705727487292 -11.019060743917509 -0.09561038600513688 -0.030275601892121716 -0.11517323623428019 0.9882697832248979
744 0.9759001210239004 0.7167075203319722 -11.15167520845139 -0.08306109484264197 -0.01582420034732045 0.025448151919139128 0.9960937948787904
745 1.0486495096892838 0.6202987920405776 -11.680896306109736 -0.10499998844295104 -0.022433454927044558 0.025432786698420324 0.9938938306690116
746 1.185155886574953 0.5306072612759145 -12.078897957348856 -0.12186212224164762 -0.034502248640730586 0.01648993694689878 0.991810148675415
747 1.2256625756110058 0.4908835260282469 -12.258425297976927 -0.14312061864746736 -0.040581166367502065 0.038087277474918815 0.9881391837798899
748 1.2563185307021598 0.4546976129354192 -12.471550931108595 -0.15690024024036853 -0.0434885921616223 0.0469883587881761 0.985536979416962
749 0.8287279738853472 0.6367814968287298 -11.3938170208469 -0.10185765355844226 -0.07948930763689288 0.015263483030873513 0.9915006242448089
750 0.776493903480242 0.7528101241012952 -10.858555213844978 -0.08268344632069202 -0.05038117705048408 0.08370813706011432 0.9917752543403184
751 0.8522510110888817 0.7257075389569163 -10.976418972424362 -0.08835827562212639 -0.07594038800960375 0.06503342837243206 0.991058285238192
752 0.8182028620179079 0.6735296789246887 -11.209589690986812 -0.10894305179425806 -0.03919522103783707 0.0086229970398903 0.9932375330273401
753 0.9858017683079119 0.6858793680409421 -11.369943773125241 -0.08482239399548196 -0.018281023255361448 0.04842070740766236 0.9950509316022501
754 1.0066104289740991 0.6603450205142796 -11.618885123532296 -0.10339019935491317 -0.019987302166877732 0.09532478174824742 0.9898606898808533
755 1.0560195848271752 0.6503647336847918 -11.45942056853157 -0.08406559669195014 0.0017997185679844469 -0.008999354771706845 0.996417968941899
756 1.0870463207668175 0.6221716049550721 -11.655654995963395 -0.10525707904725601 -0.0035520195508394812 0.020021986667970993 0.9942371418984538
757 1.2148274829665417 0.5154333326853777 -12.122458309492819 -0.12159320532057294 -0.0090517784190573 0.007414546353750061 0.9925110582244909
758 1.2728344497967061 0.4882813945606852 -12.265089079687858 -0.14410751416462378 -0.022183349183393736 0.03318914721544529 0.9887565103309317
759 1.2902522260885085 0.4510063430319313 -12.51217960801493 -0.1583054531177626 -0.02466396581455305 0.04179638778651619 0.986196792470276
760 1.0127757992758646 0.4498758400761482 -11.54144170488464 -0.12953063999975106 -0.04952682392168265 -0.04790781990873479 0.9891783220112769
761 1.0757124446108577 0.2814024039802234 -12.154970588548757 -0.15337504299865662 -0.051728881175655134 -0.07207183481875656 0.9841777740175269
762 1.0157501243567495 0.6722236339583176 -11.402027085412646 -0.08577010230892523 0.008906316218206934 0.04656502556290128 0.9951863363122991
763 1.0041767853552575 0.6679247480292494 -11.589916805370194 -0.10277755983001531 0.005073375452886344 0.06206049516050224 0.992753520723016
764 1.0069662087055864 0.6530722618890739 -11.72868748659237 -0.12143465225624014 0.0034031402837563095 0.05164793078145095 0.9912489785096532
765 1.1066927572349705 0.6215223050502634 -11.662084188404055 -0.10567201788468925 0.02661868784421085 0.02166335066250977 0.9938086234501051
766 1.216619941026814 0.5091761380910698 -12.140774573077637 -0.1221034694111506 0.028656524823536454 0.0008227968723127846 0.9921032652053609
767 1.3275894114803304 0.4625098055250967 -12.333853695073367 -0.14617578814828952 -0.004527456347194546 0.019378803331684152 0.9890584641264281
768 1.3413764533137567 0.4170279131656649 -12.558715989281541 -0.162431465947209 -0.006231659537574744 0.03729543773794817 0.985995057023505
769 1.0609387149419718 0.5905721206185035 -12.051476099266225 -0.09789801274234905 -0.04914877032393248 -0.0009579747984393187 0.9939816240966551
770 1.0836920990800571 0.5484982665702605 -12.264920231061458 -0.12175765526734933 -0.04751575001703778 0.021507629119979763 0.991188530128406
771 1.0679564906166799 0.3438548590523993 -11.868541239769813 -0.12371421505243285 -0.013951351402946689 -0.08789678088476481 0.9883189665340918
772 1.1055002262307898 0.2613635760370978 -12.195025710755528 -0.15123215459420064 -0.01815021423179731 -0.0767991084490835 0.9853432525496074
773 1.1142096019503 0.1768275509319004 -12.53731377020545 -0.17120159805842577 -0.016780540415121125 -0.07649608217606511 0.9821185331924305
774 1.1036683399533658 0.06654541988293872 -12.86376129857892 -0.19356182906923222 -0.012088972961408926 -0.07538941844182638 0.9781125317714273
775 1.0947192134708885 -0.03411215552437863 -13.174590591994876 -0.20991670469310797 -0.00552371639645147 -0.06000049880118979 0.975860862446782
776 1.0615664239824287 -0.14756659579082054 -13.53135599141542 -0.22488237788196544 -0.003299310457900658 -0.08534721208290667 0.9706352947030598
777 1.0421694954189213 -0.2766036878548572 -13.862307731235887 -0.24155694374779 -0.0006391517333577958 -0.09138450448136114 0.9660738852240265
778 1.4055067485105042 0.4161481617670404 -12.407178587158612 -0.15260670611029728 0.012588721415504782 0.01917194721766991 0.9880208437565529
779 1.3797809568819837 0.3760389721527222 -12.656471349475977 -0.1662655024023337 0.016483260319970848 0.027393420983106428 0.9855626374510152
780 1.1007301363985516 0.5755014879122617 -12.095253088841117 -0.10085960105684875 -0.02453256744128417 0.01217940214109122 0.9945235873134669
781 1.1103251426656575 0.5400651792293756 -12.293866148411377 -0.12204927902438065 -0.023814416468337204 0.01685058648988102 0.9920951995569863
782 1.1342057972548867 0.5110543766089579 -12.492214150463866 -0.1368032023978523 -0.027085238174025993 0.023325870639570923 0.9899531158751204
783 1.139015006514235 0.23740653896379627 -12.244861125864203 -0.14891530707963982 0.014971931492658498 -0.08640172010241778 0.9849542170137797
784 1.1475010350433905 0.17406255509958513 -12.533988026694594 -0.16851266540683255 0.011633845931884636 -0.08155698322541838 0.9822507750992837
785 1.1481185819175401 0.10951529253415337 -12.774566634433802 -0.1867915629284738 0.011090419240544927 -0.07802276713503732 0.9792335526300291
786 1.1417353324051795 -0.09758601402670308 -13.275655769768262 -0.21234417613862228 0.01348172649751517 -0.07326121768899345 0.9743515850995048
787 1.1230770235347052 -0.1547051355915432 -13.526712984096672 -0.22244243684681886 0.018397275255514597 -0.09146534203448635 0.9704715368070866
788 1.1064315070503525 -0.2559166156085464 -13.818945522397275 -0.237352070522977 0.018760289904418758 -0.09522149045490128 0.966563472124481
789 1.0726878740697217 -0.37804659171603205 -14.102829407376237 -0.25386732391339295 0.023591294683441438 -0.08900081740438684 0.9628466814703527
790 1.4116998358444857 0.3727474280023939 -12.66698113944722 -0.1672510538238586 0.040687305791789766 0.021599041075069672 0.984837642822019
791 1.1192642263805492 0.5479890339942108 -12.210665452191204 -0.10332039659581727 -0.002775228865085183 -0.037218934698634666 0.99394766053372
792 1.1552155611475077 0.5359211408778384 -12.303925846564653 -0.12346277945704322 -0.005659984954109693 0.01318028307573487 0.9922455147430165
793 1.1626324964550667 0.5048225929765908 -12.506764592718973 -0.13747885699716386 -0.007748179902644209 0.017308370385787558 0.9903231699480985
794 1.1607907669575823 0.47546963865760183 -12.687114053453493 -0.1510924214749442 -0.006659621907732038 0.019897198644255674 0.9882969459222102
795 1.1815831056820798 0.16341600887245988 -12.538111991421514 -0.16647245310298084 0.03916301070382207 -0.08776834370702248 0.9813510678718204
796 1.1731358956385378 0.12467767889840786 -12.720911956812555 -0.183707774517942 0.03829999165712993 -0.0872198691451853 0.9783543588993598
797 1.1531522729932249 0.03250097098609217 -12.995899598995237 -0.20317877821113645 0.03782863946904847 -0.08576848843695505 0.974644111824596
798 1.179311720083433 -0.1740840312299099 -13.542515451574694 -0.22091190186404652 0.04046170292820228 -0.09621330905790597 0.969692625314369
799 1.1666769961140346 -0.26024724993006565 -13.808437505036009 -0.23496184520753083 0.03765162669640664 -0.10043354164957626 0.9660685406362935
800 1.1322099066097309 -0.37685542590713794 -14.091065370460225 -0.2512384807472767 0.04084699115172203 -0.09716631319621286 0.9621691525312256
801 1.441698994147611 0.3704003049262523 -12.676430874946828 -0.16816624009251044 0.06553457744573783 0.01583357048867969 0.9834503796524695
802 1.205287089672833 0.5238571163215493 -12.316589916154214 -0.1259438369295199 0.011741754537427289 0.013875252989238694 0.9918708295920757
803 1.2012578161110934 0.5047027683339729 -12.52217565035846 -0.13827164742672732 0.011124346634383914 0.01448667735923808 0.9902259179230054
804 1.1956757872285335 0.472594233762484 -12.696360545203696 -0.15216880856217246 0.010189778158689817 0.018170767002539792 0.9881349538245052
805 1.2157529502480457 0.16000190995609387 -12.537896953822356 -0.16373064834382406 0.06746934058493825 -0.09208475002241809 0.9798778409871688
806 1.2077467940176305 0.11647592467130252 -12.712425697305116 -0.18597264061787486 0.06351024405979967 -0.07808942998720007 0.9773856317952029
807 1.1837094888195736 0.06749173747421011 -12.860012894860997 -0.20643307003788217 0.06910573681037391 -0.06284593852841094 0.9739918711526742
808 1.1295768796736425 -0.11133751161302996 -13.393906965650842 -0.21500675118052553 0.06479787874477463 -0.10001034540666895 0.9693148412182415
809 1.230577363462828 -0.27811584994985594 -13.816364860541377 -0.2331758907229117 0.05643445252086879 -0.1041351166601409 0.9651943218546157
810 1.1756387943452182 -0.3696743202587527 -14.071035651948975 -0.2479786345481009 0.06170812593923449 -0.10215752554721906 0.961385754187468
811 1.1534038789586774 -0.4583686091539789 -14.28197886998285 -0.26254001128176746 0.06055448673439806 -0.10062338104932472 0.9577478022917344
812 1.0765888853352905 -0.48324942001172744 -14.027146499701779 -0.25665697362584317 0.02992542150121084 -0.020662584082932544 0.9658181679357589
813 1.071927497572224 -0.6144546280794625 -14.355953535136365 -0.2688216895793741 0.027913793757135003 -0.016765928380707056 0.9626393947973942
814 1.061102633464363 -0.774590600620737 -14.663937656295422 -0.2834806215759384 0.02863987254796417 -0.008850501087042847 0.9585093625083516
815 1.045414583395911 -0.8696785330583232 -14.873435381499364 -0.2957578638170542 0.03020235444255711 -0.006299900154547609 0.9547645896716849
816 1.004623348408451 -1.033379485556548 -15.13733720428583 -0.3156494449783301 0.016589213407049486 -0.07321643306271707 0.9459014586912999
817 1.0139684785692964 -1.3699269571476087 -15.590162088923385 -0.3389231922463811 0.010715914964788414 -0.07325373744522347 0.9378966843275451
818 1.284415431589899 -0.2939223726920659 -13.82626900504573 -0.23117530071345735 0.07525989969033438 -0.10769055979254578 0.9640003873702613
819 1.2310230730421665 -0.36932721394117607 -14.057102443600733 -0.2446690789272962 0.0776302001767179 -0.10885196256860526 0.9603446589360065
820 1.19200866057826 -0.4606689546230669 -14.289012781152035 -0.25906268907919117 0.0803557148785899 -0.10226127046028238 0.9570643672273464
821 0.7381873215109067 -0.91118923511468 -15.4847208976703 -0.21988167984762857 0.09696441145795227 0.03854325605627888 0.9699300992250608
822 0.6646359151264818 -1.0452199871893253 -15.752582556009038 -0.24502988284245666 0.09887538792291237 0.03455048814165701 0.963841415725502
823 1.1531811969185632 -0.5043012041953574 -14.076027910316808 -0.2556173391796779 0.04753182680772151 -0.02781201104179254 0.9652083090423925
824 1.1293722272187594 -0.6029847863749183 -14.345357355836772 -0.2679724752701032 0.046905040866439165 -0.02004540672558916 0.9620752964342175
825 1.1140229253457408 -0.7351407760645134 -14.61431713177902 -0.28238435653368776 0.04625369744946731 -0.015087303607397325 0.958066823777013
826 1.1056662807956092 -0.9027736002199767 -14.919066688974922 -0.2971269238744426 0.04442245271237727 -0.00820892870865675 0.9537687941483074
827 0.9775176003066193 -1.0688218938252714 -15.18968430250161 -0.3118561573273426 0.05692680258175971 -0.09378188641959195 0.9437743749060237
828 0.963230822819213 -1.3703629031316762 -15.605170773092812 -0.3352666909274678 0.0509730279833797 -0.08662324674368571 0.9367467635851932
829 0.8639996676522017 -1.7626688541918458 -16.0040431560626 -0.36177942101877436 0.055439281265462166 -0.08028634437550201 0.9271441298634453
830 0.706558462377636 -2.386816330778556 -16.689632335286056 -0.3816967666369719 0.056700427406907464 -0.08128584000101143 0.9189588037001165
831 1.224317209505557 -0.47395261352205864 -14.296676708880884 -0.2569771395135097 0.10075399924723302 -0.10891418327686805 0.9549602833697758
832 1.201318579932983 -0.34407693045309884 -13.740644610112973 -0.233317037323101 0.0806118662427856 -0.027650633809251493 0.9686590198125644
833 1.2390284999542747 -0.5267703364703422 -14.092602306623636 -0.25604206301712573 0.06537359924885146 -0.02927732390179478 0.9640080852392073
834 1.2130886451622978 -0.6052183688454189 -14.355066702144573 -0.2674010337268816 0.06301062176364569 -0.023320770589209415 0.9612401005119848
835 1.1918439435062806 -0.7022677471069407 -14.605003506671814 -0.2769025148947945 0.05990056510224131 -0.023411534382906912 0.9587433584000621
836 1.1339335634546384 -0.9178750635689994 -14.936288623852398 -0.2975324416339561 0.06541037470300011 -0.01366566749846276 0.9523703057433412
837 1.110407164240499 -1.034578694203181 -15.150640274098386 -0.3099442371620448 0.06337367615629587 -0.008454246685003873 0.9486025784414219
838 0.9054361901582695 -1.3901272511577147 -15.642019857346922 -0.3311377719652883 0.09051767632840477 -0.10213940441369118 0.9336604649157225
839 0.810521722199681 -1.786338813221505 -16.044789815640286 -0.3583475306228691 0.08984076672924121 -0.0930268240941136 0.9245873088000526
840 0.6697727247961538 -2.377958647511633 -16.6969636518551 -0.3785969833250764 0.08599550982286697 -0.09394351861834348 0.9167571655307564
841 0.6572704283386273 -2.890565074559486 -17.37820188838424 -0.3857293844530321 0.08854667293076456 -0.05952954269191973 0.9164216010197394
842 0.7282666030744451 -0.9281952125174815 -15.531276292548938 -0.2217775513915359 0.177610282072139 0.0325625033480012 0.9582322428431694
843 0.6728069779145187 -1.01848952652891 -15.731146783197573 -0.24254397284340587 0.1711093653780298 0.04074400176062789 0.954061813854042
844 0.5198653975921133 -1.1978859880296353 -16.020884401132122 -0.2640540014395333 0.1756705860287742 0.03991348759431764 0.9475348493110693
845 0.35763540241904934 -0.8191590497585253 -16.340229984756565 -0.19598788991272176 0.09734578574114715 -0.31935739854703854 0.9220213854672056
846 1.1580469218978493 -0.815946275535488 -14.78983450563765 -0.2729902997603176 0.09124715428677395 -0.05840041637916527 0.9558973329004632
847 1.178385974541798 -0.9402500948701782 -14.959270240153469 -0.2963950311324686 0.08154146677875679 -0.027989745833440872 0.9511664153457393
848 1.1693613181626965 -1.0326920390475554 -15.161754287611597 -0.31063136176140604 0.07477987612585404 -0.01744766160565679 0.9474237447691729
849 0.8484400772731107 -1.4191388836497651 -15.6964574491939 -0.32649288478978017 0.12821642034790648 -0.12133738093875597 0.9285689124005151
850 0.7615383487554865 -1.8041867246439836 -16.08144031085692 -0.35425191549350715 0.12442196848367904 -0.10552848900074452 0.9208086279464858
851 0.6435462470588149 -2.370957164082597 -16.680691668149223 -0.37551351743429784 0.11608540766967111 -0.10361652552239003 0.9136615509585033
852 0.6684762303929404 -2.8564885814483603 -17.341960838122773 -0.38378135211386005 0.11866126074729062 -0.07477383608310144 0.9127103798175836
853 0.7255455753467004 -0.9429851804878808 -15.5287033437005 -0.22344359411874223 0.21493272108702885 0.023329569033973804 0.9504381126396315
854 0.6704824202567963 -1.0257168990091294 -15.746429408998324 -0.24387286506704176 0.20464988319775923 0.03173005922326796 0.9474374123764576
855 0.5786017861765771 -1.139688149096738 -15.956490890117209 -0.26185661667370724 0.2045411413974536 0.04042114347374453 0.9423163751298702
856 0.3062607971997977 -0.8356376499442604 -16.350088281531555 -0.18328633984233397 0.1362370683405689 -0.33474226830691806 0.9142172592742924
857 1.2741569313917571 -0.9279666527430255 -14.960118506801887 -0.2969748186478868 0.08785816092711564 -0.031203245598542668 0.9503227062235492
858 1.2350315785527464 -1.0392224473863223 -15.175346399071302 -0.3101934023589803 0.08670840735826434 -0.02007735552576333 0.9464980801020283
859 1.2011342290364873 -1.1231258630075693 -15.364204414017838 -0.31802358475219494 0.08639864172546781 -0.019481197353302934 0.943936828726703
860 0.6113583631072999 -1.8014838838371787 -16.173287484180143 -0.3441108795834365 0.16658539505639222 -0.12451316611820444 0.9156055305155606
861 0.5677963272442668 -2.3564482583300617 -16.698795125179018 -0.3708808058486694 0.14869791782659286 -0.11352146628711628 0.9096423978380206
862 -0.06700456408211153 -3.8496135148501764 -18.307661527909936 -0.3905934750225235 0.13208748736645703 -0.14794630482355497 0.8989446949872762
863 0.6939181076990764 -1.007814409994662 -15.7687430922265 -0.24059096778660027 0.23786386138953133 0.014927615022718665 0.9409112380716957
864 0.2974020381045648 -1.450262464840307 -16.44897603063697 -0.2641324365185041 0.24096091112525755 0.03362441256239286 0.9332959725716187
865 -0.04612652612368606 -1.8260002807760145 -16.938529433073114 -0.2944285237112583 0.24234652022060962 0.027508112700314183 0.9240255729539345
866 -0.521712123000782 -2.308087224939243 -17.557785233220613 -0.3130632854880445 0.2480681227095606 0.034034418697542465 0.9161305873933124
867 -1.0520555072280615 -2.9041558993546346 -18.259876367108802 -0.3311290852775822 0.24967603866961038 0.031570608709212314 0.9094057140210468
868 -1.340521988407957 -3.4387886211429475 -18.827022790460717 -0.3513813266339271 0.24442867186804085 0.042405760938741495 0.9027666364292053
869 -1.8713555481515982 -4.415447011949368 -19.826941397961434 -0.3659569742111684 0.2445768859409972 0.061587239232073085 0.8958039288167654
870 0.6983289321808002 -2.0687141200627934 -16.39283307115747 -0.3477873298043046 0.1749981644112092 -0.14413160670024605 0.9097503608415668
871 0.2990739851807618 -2.7125496520529566 -17.180332118709835 -0.3645522105130864 0.18259907601347977 -0.11607320198235238 0.9056966095012748
872 -0.06954509362402916 -3.137125124072867 -17.689839849894128 -0.38583053791015226 0.1837091126527681 -0.12982179871184282 0.8947245959427061
873 0.7168038647729702 -0.9975719270942989 -15.71629988717848 -0.24050315317089846 0.2819967290472934 0.008052876948812477 0.9287471503448923
874 0.499294382491243 -1.2076468060013994 -16.074192170326 -0.2638110450883038 0.2781082721703249 0.021620411322051038 0.9233591288504857
875 0.28200718068958963 -1.4039224354367832 -16.365925308921646 -0.2855922690089926 0.27945448635397613 0.028036693087578717 0.916272995505402
876 0.029659594112828813 -1.628320768713138 -16.691675504145962 -0.30128208357427794 0.2823228518836826 0.03551570945237561 0.9100887535510035
877 -0.25194281927275597 -1.9186875483688794 -17.043745925284327 -0.3166273606224187 0.2836560419736568 0.04170232614504076 0.9041832014116029
878 -0.5096936170528465 -2.1410865795304517 -17.339326655888726 -0.33228853165324723 0.2837448185376601 0.03502051459918224 0.8988029648874739
879 -0.7916964621599618 -2.431644107384379 -17.63543564234817 -0.34572044907898 0.2936167871737236 0.05519349947949702 0.8895056282265308
880 0.7949422476358166 -2.434678413462848 -16.629559481603657 -0.35478172816386455 0.181247945693049 -0.1627758211696031 0.9026534139526886
881 0.490462729207195 -2.8825020776256736 -17.369397663715304 -0.36375767423358335 0.18493109744731892 -0.13994331977182675 0.9021622363742902
882 0.03697055614497202 -3.160061223906723 -17.69072258210656 -0.38267521676655003 0.2052598230641847 -0.13915602138977873 0.8899795887379929
883 -1.0364292131115036 -2.8102407345251574 -18.071490161313307 -0.3007916038510412 0.32319958277905436 0.10744317285167941 0.8907987441864506
884 -1.2674253793649655 -3.042168523106046 -18.345542284351893 -0.32063799005460975 0.3191067274538258 0.10729668142491959 0.8853528093236244
885 -1.5069135374622533 -3.29609636802682 -18.618694472568905 -0.3362543544779489 0.3174372766522936 0.10875030639943907 0.8799658766817164
886 0.30844830878808693 -1.4343288389731867 -16.344365077336874 -0.2931811679097314 0.31038745338489454 0.01841440541228969 0.904082600396159
887 0.0714070713177648 -1.6408576893286266 -16.700670971688396 -0.30412264894763014 0.3050868995427672 0.024699882064005554 0.9021204552416384
888 -0.21912901700057574 -1.9062765745411383 -17.03765486654322 -0.31875781355252986 0.3052364795521644 0.030031855234851315 0.8968401765874794
889 -0.3813615201016205 -2.0634285308666875 -17.299830655606797 -0.33299991774920834 0.3012279404791393 0.025801494918171474 0.8931444988030915
890 -0.5874867440814029 -2.261636357653643 -17.586364979943426 -0.3468383830043877 0.29450000367803636 0.02022152558798995 0.8902606302417801
891 -0.8126557121319706 -2.4617488679155315 -17.825346497649036 -0.3606364772569446 0.2930143921839968 0.016552752226070385 0.88533041571342
892 0.6178359735938841 -3.082653212324203 -17.519050964306615 -0.36368041943443596 0.19898131954886406 -0.15288564711372807 0.8970891869550821
893 0.09580254134985466 -3.189206434478976 -17.71759043230867 -0.3787253891787465 0.22749444846238784 -0.14889841205408097 0.8846709093339135
894 -0.9927355522151515 -2.810821123892179 -18.101509656973462 -0.3040010669125396 0.3500401537097783 0.09843669463548287 0.8805484095961035
895 -1.2384551662501906 -3.036341848394663 -18.37141042849234 -0.3220494629511731 0.3447357459088755 0.10058037158120042 0.8759709063531291
896 -1.4661504747471383 -3.274963141698141 -18.628289185699487 -0.3361073227390829 0.3409318125857646 0.10547115801965382 0.8715923575850113
897 -1.5639341907104267 -3.384229459890193 -18.740294534543978 -0.35041561777344815 0.336724986508461 0.1081606727501315 0.8672522185636213
898 -1.6824000671346937 -3.500257924820282 -18.87679038376666 -0.36262211799002064 0.3322981925087847 0.11150588307063655 0.8635100152197491
899 -1.8046838134894472 -3.7342209554734955 -19.0107823576449 -0.37910314651725174 0.33725935210883967 0.14244200919232505 0.8498512932130006
900 -0.2973744047669129 -1.8960944564927331 -17.21391863780775 -0.3211090743249609 0.3387950656309628 0.02916022900872598 0.883887168539403
901 -0.5992850019906655 -2.3130805619233 -17.62404613877021 -0.34844831602485415 0.32038906578703835 0.006674449373636348 0.8808462560653698
902 -0.7948105347220746 -2.4833453822159868 -17.848726884930784 -0.36118117304229996 0.31465628657781985 0.007881411142695298 0.8777684539983469
903 -1.019159681332809 -2.7167720975230765 -18.04074786382847 -0.37741592369967314 0.3181339580943967 0.01174098755163935 0.8696034859867509
904 -1.20422330054231 -2.8632361459993945 -18.20286558719596 -0.39170417740039865 0.3163187649106218 0.006566658057512904 0.8639833176048701
905 -0.9614628572865058 -2.8184639114614356 -18.141570134960034 -0.3072876137648733 0.3762457558373948 0.0875880468981176 0.869679161988566
906 -1.2448931398921985 -3.080027520149841 -18.438197945140686 -0.32416470195060626 0.3701149648927971 0.09440327403459435 0.8654595161795257
907 -1.4579463050425687 -3.287418170550467 -18.652527278392512 -0.33829276420066284 0.36390695316377786 0.09934096250862472 0.8621259355013146
908 -1.5556461589428068 -3.4035336616796457 -18.744488213694638 -0.3542626619048841 0.3660622216582284 0.09629568684474367 0.8551160965143575
909 -1.616823708362375 -3.5432500175909993 -18.91058512192103 -0.3655070787193197 0.347936497249091 0.10521844952046616 0.8568978152726131
910 -1.7832115422788206 -3.7164877471877134 -19.003146840091063 -0.38486275186372454 0.3633222934369238 0.1267700742360292 0.838932048168598
911 -1.9977144661889383 -4.082340953565222 -19.274219144391964 -0.41187310461624826 0.3318968671043366 0.08571577016551771 0.8443090873577004
912 -2.206953073282392 -4.47871034028838 -19.512486585726663 -0.4255130003546123 0.33514154568083243 0.11187981915855236 0.833127709689817
913 -2.3985744042563795 -4.916250802585694 -19.747032071652455 -0.439596097289131 0.3344246477185046 0.13597406554643923 0.8224515047893549
914 -2.685454634861287 -5.439622694823129 -20.049723708469173 -0.45071344012588993 0.33200764831917157 0.14939032728402898 0.8150526808463237
915 -1.1433508613846755 -2.8798077862499554 -18.21451134436043 -0.3922836116087526 0.33437186308537276 -0.0035299419629735073 0.8569110617433154
916 -0.9302506970544329 -2.8166863008113268 -18.16956588659653 -0.3103681826368189 0.4036942800739039 0.07649320118758159 0.8572346824040662
917 -1.286258931203065 -3.1476200592110786 -18.493127478531576 -0.3283996158758103 0.3970095016704001 0.08379512038686798 0.8529452113509255
918 -1.439238969751898 -3.2804499749731235 -18.67620649931854 -0.34054554670466586 0.3865752451047111 0.09047325892371359 0.8522927626508966
919 -1.6029872645850105 -3.3761833910607493 -18.756443258432796 -0.3584847642411028 0.397315623556618 0.08003630066189753 0.8409656261743148
920 -1.6993823407380262 -3.4937631247995284 -18.82005256313198 -0.3728115884979399 0.3968140370042736 0.08032107277841823 0.8349243602214187
921 -1.792992987442716 -3.7655978442191866 -19.0434585451859 -0.39103425256467317 0.38474297539424296 0.11376965252283613 0.8283245278152033
922 -1.9517016310574036 -4.029204487426227 -19.26245159219215 -0.41599079456979904 0.3633510148251063 0.06551303629624648 0.8310449736371487
923 -2.2389304473628897 -4.507622268519768 -19.53695710410119 -0.42834783031544077 0.36412304256486827 0.09861418661831604 0.821101590236178
924 -2.8327788156399833 -5.864902438252614 -20.25908630098553 -0.4228747837319729 0.3895305450436068 0.19285809911220278 0.7951406744812448
925 -2.7273281737772948 -5.577072555670469 -20.093753776256648 -0.4774729287228254 0.3227394183857135 0.07148790224154404 0.8140935630143574
926 -2.768065941979188 -5.6755496161686665 -20.14533461569684 -0.477685523275865 0.3393657118740452 0.12774270767911364 0.8002057822252278
927 -1.9859992380210088 -4.669777122032173 -20.10631274054913 -0.3391863463299337 0.30067824173528357 0.19398072993365828 0.870009641497999
928 -1.8974184388791855 -3.7307139096130015 -18.927501075675366 -0.39080917858554204 0.4195375998664403 0.03682234310449866 0.81847452705526
929 -1.5535776088662487 -3.426397157858844 -18.753966003344374 -0.36116939110949686 0.42543965999009886 0.07952194989604651 0.8259746099572095
930 -1.6871641625096458 -3.4867415944963795 -18.84567820519095 -0.37434918831766084 0.4177557220382234 0.0710678024138396 0.8247982762905285
931 -1.8059813012664563 -3.622557842066115 -18.93585943768892 -0.38920839202282437 0.4120465755889242 0.07220251727256341 0.8206834363141723
932 -2.004276924281754 -4.057117035675276 -19.251641846697822 -0.4117849579772773 0.40842884302751553 0.06711144238524865 0.811859029336771
933 -2.3105731920777544 -4.487398808656295 -19.476350528748014 -0.43197590269712016 0.40040291116125193 0.0799606199997104 0.8041645313557423
934 -2.3721417902887083 -4.503789333492506 -19.41449033552621 -0.4861244673455284 0.4041816978483314 0.04979211227408273 0.7732017403411261
935 -2.7303670383208782 -5.579679763627951 -20.10969794093552 -0.48411074615365235 0.34673236064911767 0.04744304959430525 0.8019742359963273
936 -2.774229761976585 -5.702165852371309 -20.146401584184957 -0.48561962981399076 0.38629388860678016 0.09552104149815703 0.7783484890574862