frame_id,image_name,r11,r12,r13,r21,r22,r23,r31,r32,r33,tx,ty,tz,fx,fy,cx,cy,proc_width,proc_height
0,0000.png,1.0,0.0002346038818359375,4.7206878662109375e-05,-0.0002346038818359375,0.9999999403953552,0.00010585784912109375,-4.7206878662109375e-05,-0.00010585784912109375,1.0,8.10623441793723e-06,0.00016307829355355352,-4.506111145019531e-05,602.0735,605.3277,259.0,259.0,518,518
1,0001.png,0.9999779462814331,0.0023956033401191235,-0.006194999907165766,-0.0023956033401191235,0.9999969601631165,-0.000606530113145709,0.006194999907165766,0.0006217887857928872,0.9999805688858032,-0.1455077975988388,0.0023035272024571896,0.007934356108307838,608.6117,611.9261,259.0,259.0,518,518
2,0002.png,0.999885082244873,0.002212390536442399,-0.015013739466667175,-0.002151358872652054,0.9999913573265076,0.00355508248321712,0.015013739466667175,-0.0035245667677372694,0.9998812675476074,-0.28906264901161194,-0.0017722992924973369,0.0001786714419722557,602.0735,605.3277,259.0,259.0,518,518
3,0003.png,0.9998149871826172,0.005889346823096275,-0.01830885000526905,-0.005889346823096275,0.9999825954437256,-0.0002879829553421587,0.01830885000526905,0.0003947845834773034,0.9998321533203125,-0.4355468153953552,0.00230135559104383,-0.005280417390167713,595.6529,598.8487,259.0,259.0,518,518
4,0004.png,0.9997063279151917,0.0036920856218785048,-0.023922273889183998,-0.0037225985433906317,0.9999927878379822,-0.0007551992894150317,0.023922273889183998,0.0008467386360280216,0.9997139573097229,-0.5820305347442627,0.0019368589855730534,-0.0006235046312212944,598.8487,602.0735,259.0,259.0,518,518
5,0005.png,0.9995080232620239,0.0033255871385335922,-0.031120171770453453,-0.0034476269502192736,0.999985933303833,-0.0040273163467645645,0.031120171770453453,0.0041493563912808895,0.9995080232620239,-0.726559579372406,0.004116038326174021,-0.014719459228217602,589.3467,592.4857,259.0,259.0,518,518
6,0006.png,0.999046802520752,0.011042020283639431,-0.04221590235829353,-0.011286042630672455,0.9999247193336487,-0.004788942635059357,0.04221590235829353,0.005276987794786692,0.9990963339805603,-0.8671870231628418,0.010647706687450409,-0.006091052666306496,605.3277,608.6117,259.0,259.0,518,518
7,0007.png,0.9987800717353821,0.017932897433638573,-0.046113163232803345,-0.017444927245378494,0.999792218208313,0.010552351363003254,0.046113163232803345,-0.00969840306788683,0.9988791942596436,-1.015632152557373,0.011088632047176361,-0.013672981411218643,602.0735,605.3277,259.0,259.0,518,518
8,0008.png,0.999229907989502,0.00817363616079092,-0.03855028375983238,-0.00698418915271759,0.9995043873786926,0.03074263222515583,0.03855028375983238,-0.030498642474412918,0.9987877011299133,-1.1484534740447998,-0.0131292175501585,0.003334328532218933,618.64734,618.64734,259.0,259.0,518,518
9,0009.png,0.9967756271362305,-0.01756512001156807,-0.07812179625034332,0.01756512001156807,0.9998445510864258,-0.0015507667558267713,0.07812179625034332,0.00016889537801034749,0.9969291687011719,-1.2265303134918213,-0.016317734494805336,-0.019268102943897247,615.2711,622.05524,259.0,259.0,518,518
10,0010.png,0.9207901358604431,0.20958633720874786,-0.32864710688591003,-0.20368249714374542,0.9774916172027588,0.05485651642084122,0.3325830101966858,0.01598956808447838,0.9429295659065247,-0.9920370578765869,0.1482211947441101,-0.15405282378196716,689.3991,689.3991,259.0,259.0,518,518
11,0011.png,0.9999922513961792,0.0007095237378962338,0.003875677939504385,-0.0007324115722440183,0.9999792575836182,0.006408601067960262,-0.003875677939504385,-0.006408601067960262,0.9999719858169556,-0.0026849990244954824,0.10205058008432388,-0.07568329572677612,622.05524,625.4953,259.0,259.0,518,518
12,0012.png,0.9999900460243225,0.0016631887992843986,-0.004150342661887407,-0.0016479301266372204,0.9999855160713196,0.005126893986016512,0.004150342661887407,-0.005126893986016512,0.9999783039093018,-0.14648424088954926,0.10400541871786118,-0.09228464215993881,611.9261,611.9261,259.0,259.0,518,518
13,0013.png,0.9999070167541504,0.0013808514922857285,-0.013549127615988255,-0.0013350773369893432,0.9999921917915344,0.0037229584995657206,0.013549127615988255,-0.003692442551255226,0.999901294708252,-0.28710925579071045,0.10546891391277313,-0.09521210938692093,608.6117,611.9261,259.0,259.0,518,518
14,0014.png,0.9998149871826172,0.002822614274919033,-0.01904120296239853,-0.002822614274919033,0.9999958276748657,-0.0006102949846535921,0.01904120296239853,0.0006636957405135036,0.9998188018798828,-0.43359285593032837,0.10936976224184036,-0.10791103541851044,595.6529,598.8487,259.0,259.0,518,518
15,0015.png,0.9996071457862854,0.0014645557384938002,-0.02794860489666462,-0.0014187883352860808,0.999997615814209,0.0016628809971734881,0.02794860489666462,-0.0016171135939657688,0.9996071457862854,-0.5781233906745911,0.1069331169128418,-0.10302520543336868,602.0735,605.3277,259.0,259.0,518,518
16,0016.png,0.9995499849319458,0.008806747384369373,-0.02867310121655464,-0.008734594099223614,0.999956488609314,0.0033348323777318,0.028706105425953865,-0.003084407187998295,0.9995836019515991,-0.7722707390785217,0.10861153900623322,-0.12343747913837433,595.6529,595.6529,259.0,259.0,518,518
17,0017.png,0.9989463090896606,0.010929271578788757,-0.044515762478113174,-0.01084314938634634,0.9999392628669739,0.0020249744411557913,0.04455689340829849,-0.0015445046592503786,0.9990065693855286,-0.9189515113830566,0.11088283360004425,-0.12544554471969604,605.3277,608.6117,259.0,259.0,518,518
18,0018.png,0.997765064239502,0.023756615817546844,-0.06246593967080116,-0.022131282836198807,0.9993963241577148,0.026811739429831505,0.06310193240642548,-0.025392919778823853,0.9976843595504761,-1.0564374923706055,0.09984005987644196,-0.15044954419136047,611.9261,611.9261,259.0,259.0,518,518
19,0019.png,0.9935811758041382,0.029232732951641083,-0.10898935794830322,-0.020271312445402145,0.9964686036109924,0.08115328848361969,0.11120733618736267,-0.0788971334695816,0.990685760974884,-1.1408178806304932,0.04952190816402435,-0.20925021171569824,639.5864,643.19446,259.0,259.0,518,518
20,0020.png,0.9850552082061768,0.07330827414989471,-0.15523813664913177,-0.06373141705989838,0.9958312511444092,0.0649602934718132,0.1595996618270874,-0.05411627143621445,0.9856288433074951,-1.2165398597717285,0.10858026146888733,-0.19726216793060303,636.01294,639.5864,259.0,259.0,518,518
21,0021.png,0.9219837188720703,0.1812477707862854,-0.3431715965270996,-0.1675962209701538,0.9833729267120361,0.06734781712293625,0.3480665683746338,-0.004835357423871756,0.9374112486839294,-1.073980450630188,0.21750052273273468,-0.2867659330368042,689.3991,693.51044,259.0,259.0,518,518
22,0022.png,0.9999886751174927,-0.00439124321565032,-0.001829654909670353,0.004411834757775068,0.9999483823776245,0.009144913405179977,0.0017751138657331467,-0.009175192564725876,0.999956488609314,0.010955465957522392,0.21551477909088135,-0.19681024551391602,625.4953,628.9679,259.0,259.0,518,518
23,0023.png,0.9999784827232361,-0.00023174665693659335,-0.006569055374711752,0.0002624355838634074,0.999983012676239,0.005825096741318703,0.006560522597283125,-0.0058367024175822735,0.9999614953994751,-0.14586415886878967,0.21935848891735077,-0.2044866532087326,618.64734,622.05524,259.0,259.0,518,518
24,0024.png,0.9999361634254456,0.0015410860069096088,-0.011198438704013824,-0.0014452522154897451,0.9999563097953796,0.00923122651875019,0.011204811744391918,-0.009219560772180557,0.9998947381973267,-0.30202025175094604,0.21734383702278137,-0.2020959109067917,622.05524,625.4953,259.0,259.0,518,518
25,0025.png,0.9998329281806946,0.003930609207600355,-0.017838172614574432,-0.0038090357556939125,0.9999721646308899,0.0064185610972344875,0.0178518146276474,-0.006354224868118763,0.9998199939727783,-0.4593519866466522,0.21989865601062775,-0.2100890725851059,615.2711,618.64734,259.0,259.0,518,518
26,0026.png,0.9996619820594788,0.005662612151354551,-0.025395093485713005,-0.005390520207583904,0.9999232888221741,0.011139516718685627,0.0254256259649992,-0.01102388370782137,0.9996151328086853,-0.6147083640098572,0.21677520871162415,-0.20677851140499115,618.64734,622.05524,259.0,259.0,518,518
27,0027.png,0.9995296597480774,0.004192868713289499,-0.030405107885599136,-0.003935564775019884,0.999953031539917,0.008859879337251186,0.030424080789089203,-0.008741115219891071,0.9994975328445435,-0.7725910544395447,0.2182369828224182,-0.20531295239925385,618.64734,622.05524,259.0,259.0,518,518
28,0028.png,0.9994240403175354,0.009776933118700981,-0.03253941982984543,-0.00930370669811964,0.9998505115509033,0.014574142172932625,0.03262791037559509,-0.014256089925765991,0.9993658065795898,-0.9676686525344849,0.21442940831184387,-0.194391131401062,628.9679,628.9679,259.0,259.0,518,518
29,0029.png,0.9979462027549744,0.014128941111266613,-0.06235285848379135,-0.01206789631396532,0.9993503093719482,0.03393079340457916,0.06299227476119995,-0.033219508826732635,0.9974671602249146,-1.1088180541992188,0.19365417957305908,-0.2138305902481079,636.01294,639.5864,259.0,259.0,518,518
30,0030.png,0.9986473917961121,0.015114713460206985,-0.049675777554512024,-0.01339459978044033,0.9992783069610596,0.035537607967853546,0.0503268837928772,-0.034835897386074066,0.9981285333633423,-1.2910068035125732,0.19568637013435364,-0.22265350818634033,636.01294,639.5864,259.0,259.0,518,518
31,0031.png,0.995747983455658,0.02234603464603424,-0.08950497955083847,-0.019580675289034843,0.9993134140968323,0.03143351897597313,0.08972778916358948,-0.029607493430376053,0.9955018162727356,-1.397903323173523,0.20717819035053253,-0.2832140326499939,628.9679,632.4736,259.0,259.0,518,518
32,0032.png,0.9926815629005432,0.049031056463718414,-0.1098552942276001,-0.04636430740356445,0.9985543489456177,0.027211252599954605,0.11130346357822418,-0.021843060851097107,0.9935293793678284,-1.543231725692749,0.24025708436965942,-0.23646685481071472,673.37256,677.3178,259.0,259.0,518,518
33,0033.png,0.9999744296073914,-0.0045999870635569096,-0.0054558138363063335,0.0046719894744455814,0.9999195337295532,0.011777839623391628,0.005409948993474245,-0.011813230812549591,0.9999155402183533,0.029550306499004364,0.33656880259513855,-0.32407474517822266,622.05524,625.4953,259.0,259.0,518,518
34,0034.png,0.999963641166687,-0.0025611973833292723,-0.008138028904795647,0.0026815752498805523,0.9998998045921326,0.0138907665386796,0.008083072490990162,-0.013930067420005798,0.9998704195022583,-0.13743823766708374,0.3348008692264557,-0.308748334646225,636.01294,639.5864,259.0,259.0,518,518
35,0035.png,0.9999156594276428,0.001389996730722487,-0.012923533096909523,-0.0012357831001281738,0.9999210238456726,0.012500694021582603,0.012933064252138138,-0.012488530948758125,0.9998384118080139,-0.2999042570590973,0.336757630109787,-0.31624653935432434,628.9679,632.4736,259.0,259.0,518,518
36,0036.png,0.9998047351837158,0.0029908502474427223,-0.019545648247003555,-0.002678892808035016,0.9998648166656494,0.01620926521718502,0.019574660807847977,-0.016170188784599304,0.9996775388717651,-0.4640099108219147,0.3349921703338623,-0.3244123160839081,625.4953,628.9679,259.0,259.0,518,518
37,0037.png,0.9997047781944275,0.0038249753415584564,-0.023992596194148064,-0.003545069368556142,0.9999159574508667,0.012465506792068481,0.02402389422059059,-0.012379186227917671,0.9996344447135925,-0.6328454613685608,0.3384491503238678,-0.33371472358703613,615.2711,618.64734,259.0,259.0,518,518
38,0038.png,0.999599039554596,0.004501970484852791,-0.02795225754380226,-0.00430311169475317,0.9999627470970154,0.007476971950381994,0.027982480823993683,-0.00736060319468379,0.9995805025100708,-0.8018079400062561,0.34162387251853943,-0.3318626284599304,615.2711,618.64734,259.0,259.0,518,518
39,0039.png,0.9986805319786072,0.00814075767993927,-0.0507231280207634,-0.007367841899394989,0.9998508095741272,0.015618658624589443,0.050797056406736374,-0.015228441916406155,0.9985924959182739,-0.9485909938812256,0.33653801679611206,-0.32956525683403015,639.5864,639.5864,259.0,259.0,518,518
40,0040.png,0.9990439414978027,0.006071398034691811,-0.04329965263605118,-0.005209741182625294,0.9997832775115967,0.020142879337072372,0.04338560998439789,-0.01991434022784233,0.9988596439361572,-1.1427085399627686,0.32869237661361694,-0.33744338154792786,625.4953,628.9679,259.0,259.0,518,518
41,0041.png,0.9987569451332092,0.0025289529003202915,-0.04981924965977669,-0.0017047186847776175,0.9998568892478943,0.01681651547551155,0.04983861371874809,-0.016726359724998474,0.9986175298690796,-1.3136317729949951,0.3299022912979126,-0.34164145588874817,625.4953,628.9679,259.0,259.0,518,518
42,0042.png,0.9984265565872192,0.0033355995547026396,-0.05602215975522995,-0.0026066733989864588,0.9999099969863892,0.01315012015402317,0.056043319404125214,-0.012989945709705353,0.9983453154563904,-1.4831587076187134,0.33646443486213684,-0.33629804849624634,632.4736,636.01294,259.0,259.0,518,518
43,0043.png,0.9973558187484741,0.004100683145225048,-0.0725644901394844,-0.0013838878367096186,0.999294102191925,0.03753480315208435,0.07265899330377579,-0.03733084723353386,0.9966587424278259,-1.633516788482666,0.3019000291824341,-0.3412984013557434,650.51666,654.232,259.0,259.0,518,518
44,0044.png,0.9999873638153076,-0.0038614601362496614,-0.003430387005209923,0.0038954417686909437,0.999824047088623,0.01833106391131878,0.003357522189617157,-0.01834711804986,0.999826192855835,0.022771364077925682,0.4522482454776764,-0.49717968702316284,605.3277,605.3277,259.0,259.0,518,518
45,0045.png,0.999881386756897,-0.005916431080549955,-0.01420580968260765,0.006205466575920582,0.9997926950454712,0.019368790090084076,0.014040868729352951,-0.01946035586297512,0.9997121095657349,-0.13077685236930847,0.45426487922668457,-0.45276564359664917,632.4736,636.01294,259.0,259.0,518,518
46,0046.png,0.9997342824935913,-0.003397537861019373,-0.022816793993115425,0.003837111871689558,0.9997923970222473,0.019995572045445442,0.022723130881786346,-0.020074550062417984,0.9995401501655579,-0.2912568151950836,0.4527360796928406,-0.4472317099571228,639.5864,639.5864,259.0,259.0,518,518
47,0047.png,0.9997584819793701,0.0013803037581965327,-0.021946942433714867,-0.0009964649798348546,0.999839186668396,0.017893776297569275,0.02195446565747261,-0.01788013055920601,0.9995989799499512,-0.46311792731285095,0.4566616415977478,-0.4471193253993988,632.4736,632.4736,259.0,259.0,518,518
48,0048.png,0.9996457099914551,0.0019045623484998941,-0.02656111866235733,-0.0014048002194613218,0.9998135566711426,0.019244588911533356,0.02658010646700859,-0.01920803263783455,0.9994619488716125,-0.6320098638534546,0.4564281702041626,-0.4448203444480896,632.4736,636.01294,259.0,259.0,518,518
49,0049.png,0.9994824528694153,0.00125416973605752,-0.03215442970395088,-0.0006512099644169211,0.9998161196708679,0.019153356552124023,0.032162100076675415,-0.019144093617796898,0.9992989301681519,-0.8042493462562561,0.4561064839363098,-0.4493313729763031,632.4736,632.4736,259.0,259.0,518,518
50,0050.png,0.9993367791175842,0.004789389669895172,-0.036123838275671005,-0.00414066668599844,0.9998244643211365,0.018260708078742027,0.036185093224048615,-0.01810857653617859,0.9991813898086548,-0.973628044128418,0.45900508761405945,-0.4454604685306549,636.01294,639.5864,259.0,259.0,518,518
51,0051.png,0.9989686012268066,0.0077269067987799644,-0.0447361022233963,-0.006782970391213894,0.9997433423995972,0.02160772681236267,0.04485228657722473,-0.021281899884343147,0.9987648725509644,-1.141663670539856,0.457239031791687,-0.4617016613483429,628.9679,632.4736,259.0,259.0,518,518
52,0052.png,0.9990667104721069,0.002106012310832739,-0.043166231364011765,-0.0016035648295655847,0.9999273419380188,0.011925442144274712,0.04317478835582733,-0.011851398274302483,0.9989969730377197,-1.284629225730896,0.46610409021377563,-0.4532795548439026,622.05524,625.4953,259.0,259.0,518,518
53,0053.png,0.9986664652824402,-0.004486418794840574,-0.051460862159729004,0.004963831976056099,0.9999396204948425,0.009736718609929085,0.05133967846632004,-0.009941373020410538,0.9986299872398376,-1.4402034282684326,0.4620203375816345,-0.460544615983963,622.05524,628.9679,259.0,259.0,518,518
54,0054.png,0.9978160262107849,-0.003264166647568345,-0.06593787670135498,0.004817994311451912,0.9997043609619141,0.02380857802927494,0.06585852801799774,-0.024089273065328598,0.9975374937057495,-1.5892646312713623,0.4406973421573639,-0.4776342213153839,636.01294,639.5864,259.0,259.0,518,518
55,0055.png,0.9995786547660828,-0.020675672218203545,0.02035219967365265,0.020274590700864792,0.9996154308319092,0.01886664517223835,-0.02074998803436756,-0.018452126532793045,0.9996150135993958,-0.05651617795228958,0.5685392022132874,-0.5723177194595337,618.64734,622.05524,259.0,259.0,518,518
56,0056.png,0.9998215436935425,-0.014450236223638058,-0.012237772345542908,0.014585846103727818,0.9997694492340088,0.015704894438385963,0.011946070939302444,-0.01587926223874092,0.9998027682304382,-0.16512431204319,0.5735827684402466,-0.5913069844245911,608.6117,608.6117,259.0,259.0,518,518
57,0057.png,0.9997521638870239,-0.01015539187937975,-0.019847320392727852,0.010437782853841782,0.999820351600647,0.01580081880092621,0.019695784896612167,-0.016002913936972618,0.999677836894989,-0.318110853433609,0.574789822101593,-0.5708792805671692,622.05524,622.05524,259.0,259.0,518,518
58,0058.png,0.9996857047080994,-0.0020912867039442062,-0.024997033178806305,0.002465850440785289,0.999874472618103,0.015632282942533493,0.024950392544269562,-0.015703147277235985,0.9995651245117188,-0.4732987582683563,0.5775887370109558,-0.5652962923049927,625.4953,628.9679,259.0,259.0,518,518
59,0059.png,0.9995886087417603,-0.0006780818221159279,-0.02868504263460636,0.0011726639932021499,0.9998456239700317,0.017513442784547806,0.028652077540755272,-0.017542006447911263,0.999435305595398,-0.6315944194793701,0.5771329402923584,-0.5616398453712463,632.4736,632.4736,259.0,259.0,518,518
60,0060.png,0.9995075464248657,-0.0007029750850051641,-0.03138556703925133,0.0011636284179985523,0.9998795986175537,0.015453321859240532,0.03134852647781372,-0.015476973727345467,0.9993883967399597,-0.7970114946365356,0.5804625153541565,-0.5609299540519714,628.9679,632.4736,259.0,259.0,518,518
61,0061.png,0.999527096748352,0.003386914264410734,-0.030575435608625412,-0.0030181878246366978,0.9999158382415771,0.012603610754013062,0.030611779540777206,-0.012518568895757198,0.9994527101516724,-0.9634368419647217,0.5892533659934998,-0.5620450377464294,625.4953,625.4953,259.0,259.0,518,518
62,0062.png,0.999442994594574,0.004913686774671078,-0.03301727771759033,-0.004556602798402309,0.9999223947525024,0.011576110497117043,0.033080630004405975,-0.011445578187704086,0.9993869662284851,-1.1276695728302002,0.5906857252120972,-0.5621410608291626,622.05524,625.4953,259.0,259.0,518,518
63,0063.png,0.9990431666374207,0.005964356008917093,-0.04333639144897461,-0.005402912851423025,0.9999003410339355,0.013033628463745117,0.04342018812894821,-0.012796773575246334,0.9989743828773499,-1.2827539443969727,0.5905956625938416,-0.5736495852470398,622.05524,625.4953,259.0,259.0,518,518
64,0064.png,0.9983955025672913,-0.0017916483338922262,-0.05659579485654831,0.002456777961924672,0.9999246001243591,0.012010023929178715,0.05654267221689224,-0.01211817841976881,0.998324990272522,-1.408379077911377,0.5827555656433105,-0.5887677669525146,615.2711,618.64734,259.0,259.0,518,518
65,0065.png,0.9970131516456604,0.0008080845582298934,-0.07725653052330017,-3.773102071136236e-05,0.9999462962150574,0.01033516600728035,0.07724261283874512,-0.010276361368596554,0.996956467628479,-1.5354679822921753,0.5868791341781616,-0.6247375011444092,608.6117,611.9261,259.0,259.0,518,518
66,0066.png,0.9971019625663757,-0.045180484652519226,0.061490803956985474,0.0436285175383091,0.9986764788627625,0.027225421741604805,-0.06218342483043671,-0.024447519332170486,0.997746467590332,-0.1474962681531906,0.6718392968177795,-0.6638122797012329,646.8377,650.51666,259.0,259.0,518,518
67,0067.png,0.99964839220047,-0.018297331407666206,-0.019213318824768066,0.018328966572880745,0.9998012185096741,0.007554721552878618,0.01904180273413658,-0.007871259935200214,0.9997877478599548,-0.17711108922958374,0.7013760805130005,-0.7000554203987122,595.6529,595.6529,259.0,259.0,518,518
68,0068.png,0.9995996356010437,-0.01166645996272564,-0.025795727968215942,0.012071598321199417,0.9997940063476562,0.016293015331029892,0.02559150569140911,-0.016595231369137764,0.9995343685150146,-0.32788851857185364,0.6916762590408325,-0.6796205043792725,618.64734,622.05524,259.0,259.0,518,518
69,0069.png,0.9996662139892578,-0.004239547997713089,-0.025500066578388214,0.004598001483827829,0.9998759627342224,0.01504271849989891,0.025409936904907227,-0.015149559825658798,0.99956214427948,-0.48582860827445984,0.6960209608078003,-0.6649660468101501,628.9679,632.4736,259.0,259.0,518,518
70,0070.png,0.9995365142822266,-0.0021729711443185806,-0.030380427837371826,0.0025936781894415617,0.9998888969421387,0.014657472260296345,0.03032178431749344,-0.014725836925208569,0.9994314312934875,-0.637207567691803,0.6968895792961121,-0.6676629185676575,628.9679,632.4736,259.0,259.0,518,518
71,0071.png,0.9995231628417969,-0.002372483257204294,-0.030802953988313675,0.0027918980922549963,0.999891996383667,0.014406994916498661,0.03074146993458271,-0.014482002705335617,0.9994221329689026,-0.7982847094535828,0.6973545551300049,-0.6683401465415955,628.9679,632.4736,259.0,259.0,518,518
72,0072.png,0.9994474649429321,-0.002007595729082823,-0.033192042261362076,0.002411855384707451,0.9999154210090637,0.012758906930685043,0.03313762694597244,-0.012824314646422863,0.9993681907653809,-0.9568450450897217,0.7000131607055664,-0.6766030788421631,622.05524,622.05524,259.0,259.0,518,518
73,0073.png,0.9993382692337036,-0.00011947546590818092,-0.03638871759176254,0.0006286479765549302,0.9998918771743774,0.014673539437353611,0.036360930651426315,-0.014683838933706284,0.9992304444313049,-1.1141166687011719,0.6984935998916626,-0.6778050661087036,622.05524,625.4953,259.0,259.0,518,518
74,0074.png,0.9988473057746887,0.001143100904300809,-0.04801756143569946,-0.00048194252303801477,0.9998990297317505,0.014185737818479538,0.04800841957330704,-0.014136535115540028,0.9987465143203735,-1.2572391033172607,0.6996584534645081,-0.6954877376556396,615.2711,618.64734,259.0,259.0,518,518
75,0075.png,0.9978808164596558,0.0012533287517726421,-0.0650770366191864,-0.0006594755686819553,0.999954342842102,0.009498873725533485,0.06507221609354019,-0.009420419111847878,0.9978330731391907,-1.3938887119293213,0.7062147259712219,-0.6919460892677307,625.4953,628.9679,259.0,259.0,518,518
76,0076.png,0.9981271028518677,-0.0006715675699524581,-0.06119076907634735,0.0012205886887386441,0.9999560117721558,0.009268817491829395,0.06115889549255371,-0.009312799200415611,0.9980839490890503,-1.5461835861206055,0.7059584856033325,-0.700672447681427,618.64734,622.05524,259.0,259.0,518,518
77,0077.png,0.9748544692993164,-0.14501190185546875,0.1679919809103012,0.14669686555862427,0.9892107248306274,0.007892207242548466,-0.16749714314937592,0.016853565350174904,0.9856591820716858,-0.4006606936454773,0.7486100196838379,-0.753636360168457,646.8377,650.51666,259.0,259.0,518,518
78,0078.png,0.997429609298706,-0.061454787850379944,0.036713674664497375,0.06105053424835205,0.9980325102806091,0.014420874416828156,-0.037462666630744934,-0.012125146575272083,0.9992279410362244,-0.30326351523399353,0.7897910475730896,-0.8257733583450317,628.9679,628.9679,259.0,259.0,518,518
79,0079.png,0.9993677139282227,-0.024524366483092308,-0.025695275515317917,0.02529285103082657,0.9993340373039246,0.02628985606133938,0.024961106479167938,-0.026975087821483612,0.9993248581886292,-0.3525048494338989,0.786376953125,-0.8525554537773132,589.3467,592.4857,259.0,259.0,518,518
80,0080.png,0.9991990923881531,-0.006650678347796202,-0.03947480767965317,0.007084627170115709,0.9999123215675354,0.011156579479575157,0.03936409205198288,-0.01142033189535141,0.9991591572761536,-0.47543299198150635,0.8160754442214966,-0.7831689715385437,628.9679,632.4736,259.0,259.0,518,518
81,0081.png,0.999363899230957,-0.004062563180923462,-0.03544677421450615,0.004548839759081602,0.9998867511749268,0.014324845746159554,0.03536226600408554,-0.01446462981402874,0.9992695450782776,-0.6384274363517761,0.8111475706100464,-0.7780648469924927,632.4736,636.01294,259.0,259.0,518,518
82,0082.png,0.9993791580200195,-0.0027617784217000008,-0.035140469670295715,0.0031970019917935133,0.9999110698699951,0.012926321476697922,0.035075824707746506,-0.013023242354393005,0.9992994666099548,-0.7968915700912476,0.8143557906150818,-0.787519633769989,625.4953,628.9679,259.0,259.0,518,518
83,0083.png,0.9993152618408203,-0.0035639272537082434,-0.036843445152044296,0.004005583934485912,0.9999141693115234,0.012449988164007664,0.03676944598555565,-0.01258289348334074,0.999244213104248,-0.9534670114517212,0.8133857846260071,-0.7897990345954895,625.4953,628.9679,259.0,259.0,518,518
84,0084.png,0.9992656111717224,-0.0036920118145644665,-0.038156505674123764,0.0041086189448833466,0.9999287128448486,0.011187106370925903,0.038083549588918686,-0.011334126815199852,0.9992098212242126,-1.109977126121521,0.8150771856307983,-0.7877283692359924,625.4953,628.9679,259.0,259.0,518,518
85,0085.png,0.9989930391311646,-0.0013377276482060552,-0.04486549645662308,0.0018758473452180624,0.9999212026596069,0.01239309087395668,0.04481952264904976,-0.012457778677344322,0.9989169239997864,-1.2570959329605103,0.8150256276130676,-0.7934530377388,625.4953,625.4953,259.0,259.0,518,518
86,0086.png,0.9983296990394592,-9.77072340901941e-05,-0.05777180194854736,0.0006710350280627608,0.9999476075172424,0.010187539272010326,0.057745642960071564,-0.010207555256783962,0.9982776045799255,-1.397754192352295,0.8200666308403015,-0.7991927266120911,628.9679,628.9679,259.0,259.0,518,518
87,0087.png,0.9979168176651001,-0.004055181052535772,-0.06440100073814392,0.004669362213462591,0.9999417066574097,0.009703562594950199,0.06432430446147919,-0.0099888164550066,0.99787837266922,-1.5463405847549438,0.8159806728363037,-0.8066667318344116,628.9679,628.9679,259.0,259.0,518,518
88,0088.png,0.998726487159729,-0.04141226410865784,0.02872421219944954,0.040485065430402756,0.9986279606819153,0.03330758213996887,-0.03025735542178154,-0.032125379890203476,0.9990376830101013,-0.24045372009277344,0.8574152588844299,-0.9931522011756897,622.05524,625.4953,259.0,259.0,518,518
89,0089.png,0.9988174438476562,-0.04331445321440697,-0.02178467996418476,0.0445951484143734,0.9977056384086609,0.050855737179517746,0.019397500902414322,-0.051972392946481705,0.998471200466156,-0.29482191801071167,0.8382866978645325,-1.017653226852417,622.05524,625.4953,259.0,259.0,518,518
90,0090.png,0.9994432330131531,-0.01813216134905815,-0.02804546430706978,0.018735358491539955,0.9995805621147156,0.02202979475259781,0.02764592133462429,-0.022568460553884506,0.9993627667427063,-0.39902371168136597,0.899454653263092,-0.9553415775299072,602.0735,605.3277,259.0,259.0,518,518
91,0091.png,0.9992255568504333,-0.008280402980744839,-0.03848612681031227,0.008761347271502018,0.9998807311058044,0.012695373967289925,0.038347821682691574,-0.013020103797316551,0.9991791248321533,-0.5157452821731567,0.9183881282806396,-0.8940489888191223,636.01294,639.5864,259.0,259.0,518,518
92,0092.png,0.9992073774337769,-0.005874481983482838,-0.039387788623571396,0.00632435129955411,0.9999117851257324,0.011654924601316452,0.039288230240345,-0.011890620924532413,0.999156653881073,-0.6595540642738342,0.9219489097595215,-0.8926957845687866,639.5864,639.5864,259.0,259.0,518,518
93,0093.png,0.999121367931366,-0.00384868704713881,-0.0417514406144619,0.004268001765012741,0.9999377727508545,0.010286824777722359,0.041680071502923965,-0.010453521274030209,0.9990757703781128,-0.8064305782318115,0.9253147840499878,-0.8951359987258911,639.5864,643.19446,259.0,259.0,518,518
94,0094.png,0.9991868734359741,-0.004943968262523413,-0.04003310948610306,0.005311271175742149,0.9999421834945679,0.00931551679968834,0.039953358471393585,-0.00951658096164465,0.9991557002067566,-0.9571133852005005,0.9258273243904114,-0.8895241618156433,643.19446,643.19446,259.0,259.0,518,518
95,0095.png,0.9992596507072449,-0.0064095547422766685,-0.03795275837182999,0.006708214059472084,0.9999443292617798,0.008109258487820625,0.03786905109882355,-0.008357063867151737,0.9992473125457764,-1.1128489971160889,0.9256201982498169,-0.892607569694519,636.01294,636.01294,259.0,259.0,518,518
96,0096.png,0.9990947246551514,-0.006057054735720158,-0.04212665930390358,0.0065308986231684685,0.9999126195907593,0.011465704999864101,0.042025573551654816,-0.011730699799954891,0.9990471005439758,-1.2571719884872437,0.9203981757164001,-0.9053411483764648,628.9679,628.9679,259.0,259.0,518,518
97,0097.png,0.9987661838531494,-0.008344252593815327,-0.04898099601268768,0.008682753890752792,0.999934196472168,0.007438306696712971,0.048869647085666656,-0.007862279191613197,0.9987733364105225,-1.4001344442367554,0.9238744974136353,-0.9087249040603638,625.4953,628.9679,259.0,259.0,518,518
98,0098.png,0.998254120349884,-0.008479693904519081,-0.0584900863468647,0.0088112223893404,0.9999426603317261,0.006013744976371527,0.0583818256855011,-0.006537438835948706,0.9982715249061584,-1.5332932472229004,0.9252780079841614,-0.9161004424095154,625.4953,628.9679,259.0,259.0,518,518
99,0099.png,0.987030565738678,-0.11780981719493866,0.1095709502696991,0.11466624587774277,0.9927523136138916,0.035898011177778244,-0.11269310116767883,-0.022935129702091217,0.9933958053588867,-0.4671461582183838,0.9115127325057983,-1.041639804840088,618.64734,625.4953,259.0,259.0,518,518
100,0100.png,0.992408275604248,-0.08764995634555817,0.08635158836841583,0.08613160252571106,0.9960575103759766,0.02011037990450859,-0.08724818378686905,-0.012534065172076225,0.9960496425628662,-0.5697983503341675,0.9494879841804504,-1.0002567768096924,625.4953,625.4953,259.0,259.0,518,518
101,0101.png,0.9999518394470215,-0.009058897383511066,-0.003012876957654953,0.009137557819485664,0.9993371367454529,0.035215698182582855,0.0027151331305503845,-0.035326018929481506,0.9993709325790405,-0.4617183804512024,0.9844184517860413,-1.0353039503097534,622.05524,625.4953,259.0,259.0,518,518
102,0102.png,0.999440610408783,-0.007865896448493004,-0.03252611681818962,0.00840278435498476,0.9998255372047424,0.016661953181028366,0.032370664179325104,-0.01694319397211075,0.9993320107460022,-0.5601077079772949,1.0170525312423706,-1.0181515216827393,622.05524,625.4953,259.0,259.0,518,518
103,0103.png,0.9984579682350159,-0.007083581294864416,-0.05507930368185043,0.007776970509439707,0.9998888969421387,0.012687601149082184,0.05495708808302879,-0.013095959089696407,0.9984019994735718,-0.6641414165496826,1.023695945739746,-1.009155035018921,639.5864,643.19446,259.0,259.0,518,518
104,0104.png,0.9982534050941467,-0.002230430254712701,-0.059045467525720596,0.0028071431443095207,0.999945878982544,0.009996376931667328,0.05899769067764282,-0.010144324973225594,0.9982056617736816,-0.7927075028419495,1.033390998840332,-1.0148358345031738,636.01294,639.5864,259.0,259.0,518,518
105,0105.png,0.9984793663024902,-0.0008268277742899954,-0.05512921139597893,0.0012176408199593425,0.999971330165863,0.007436878513544798,0.05511462688446045,-0.007497359532862902,0.9984506964683533,-0.9414610862731934,1.0385935306549072,-1.0065728425979614,639.5864,639.5864,259.0,259.0,518,518
106,0106.png,0.9987633228302002,-0.004172838758677244,-0.04956020787358284,0.004593640565872192,0.9999526739120483,0.008546330034732819,0.049499209970235825,-0.008776459842920303,0.9987349510192871,-1.0990618467330933,1.0328128337860107,-1.0027363300323486,639.5864,643.19446,259.0,259.0,518,518
107,0107.png,0.9989794492721558,-0.0072828116826713085,-0.04459605738520622,0.007553744595497847,0.9999511241912842,0.0063135623931884766,0.04451323673129082,-0.0066411616280674934,0.9989860653877258,-1.2546651363372803,1.030876636505127,-1.006235957145691,628.9679,628.9679,259.0,259.0,518,518
108,0108.png,0.9988455176353455,-0.007157034240663052,-0.047521401196718216,0.007578791119158268,0.9999297261238098,0.009076721966266632,0.04742236062884331,-0.009420258924365044,0.9988298416137695,-1.3946994543075562,1.0260612964630127,-1.002689003944397,636.01294,636.01294,259.0,259.0,518,518
109,0109.png,0.9987621307373047,-0.004993644077330828,-0.04950858652591705,0.00522804819047451,0.999974250793457,0.004854282364249229,0.049461089074611664,-0.005114212166517973,0.9987621903419495,-1.5344454050064087,1.0370782613754272,-1.0065869092941284,625.4953,628.9679,259.0,259.0,518,518
110,0110.png,0.9895975589752197,-0.07562558352947235,0.12144981324672699,0.0796409472823143,0.9965118765830994,-0.02470255084335804,-0.12001342326402664,0.03412025794386864,0.9922600388526917,-0.4786141514778137,1.0873323678970337,-1.0120618343353271,622.05524,625.4953,259.0,259.0,518,518
111,0111.png,0.992581844329834,-0.06287435442209244,0.10419417917728424,0.06385181099176407,0.9979116320610046,-0.00842461921274662,-0.10275287926197052,0.015003370121121407,0.9944600462913513,-0.5657806992530823,1.0955837965011597,-0.9919816851615906,661.77356,665.601,259.0,259.0,518,518
112,0112.png,0.9949914813041687,-0.07660721242427826,0.06399699300527573,0.07709599286317825,0.9969291090965271,-0.011277691461145878,-0.06344449520111084,0.016237154603004456,0.9978761672973633,-0.7367074489593506,1.0698100328445435,-0.9992589950561523,650.51666,650.51666,259.0,259.0,518,518
113,0113.png,0.9999951124191284,-0.0020885015837848186,-0.0019427202641963959,0.0021128838416188955,0.9998886585235596,0.01475726068019867,0.0018502920866012573,-0.014746520668268204,0.999891996383667,-0.6674221158027649,1.1047911643981934,-1.0798102617263794,628.9679,628.9679,259.0,259.0,518,518
114,0114.png,0.9993629455566406,-0.0072552054189145565,-0.03495585173368454,0.007696173619478941,0.999885082244873,0.013027229346334934,0.03482692688703537,-0.013282503932714462,0.9993046522140503,-0.7546315789222717,1.1144962310791016,-1.104933738708496,632.4736,632.4736,259.0,259.0,518,518
115,0115.png,0.9979975819587708,-0.000481479917652905,-0.06328035145998001,0.0012739623198285699,0.9999194741249084,0.012600554153323174,0.06321772187948227,-0.01265719160437584,0.9979178309440613,-0.8287358283996582,1.124137043952942,-1.108522653579712,646.8377,646.8377,259.0,259.0,518,518
116,0116.png,0.9982108473777771,0.000706397055182606,-0.05979675054550171,-0.0004521746304817498,0.999988853931427,0.004618105012923479,0.05980553478002548,-0.004547020886093378,0.9981990456581116,-0.9638458490371704,1.1413910388946533,-1.1041710376739502,643.19446,643.19446,259.0,259.0,518,518
117,0117.png,0.9985135793685913,-0.011653531342744827,-0.05326681211590767,0.011895514093339443,0.9999204277992249,0.0040875328704714775,0.05316249653697014,-0.004683668725192547,0.9985741376876831,-1.1199581623077393,1.1280378103256226,-1.0995558500289917,643.19446,643.19446,259.0,259.0,518,518
118,0118.png,0.998528242111206,-0.01652032509446144,-0.05167842283844948,0.01670517772436142,0.9998552203178406,0.0030930256471037865,0.05159805342555046,-0.003970884718000889,0.9986591935157776,-1.2632606029510498,1.1224912405014038,-1.0966417789459229,639.5864,639.5864,259.0,259.0,518,518
119,0119.png,0.998525857925415,-0.010157446376979351,-0.05334498733282089,0.010136695578694344,0.9999479651451111,-0.0001053977757692337,0.053284309804439545,-0.00041204970329999924,0.9985784292221069,-1.388163447380066,1.1354440450668335,-1.1108801364898682,622.05524,622.05524,259.0,259.0,518,518
120,0120.png,0.9982022047042847,-0.011387047357857227,-0.05887099355459213,0.01166705135256052,0.9999185800552368,0.005060953088104725,0.058761220425367355,-0.005745104514062405,0.9982544779777527,-1.5154160261154175,1.1250267028808594,-1.130346655845642,615.2711,615.2711,259.0,259.0,518,518
121,0121.png,0.7896669507026672,-0.3808652460575104,0.486380934715271,0.3896932601928711,0.9175698757171631,0.09013354778289795,-0.47724390029907227,0.11661206185817719,0.87135910987854,-1.3877567052841187,0.6633867621421814,-0.5784225463867188,583.15155,586.23535,259.0,259.0,518,518
122,0122.png,0.9126706719398499,-0.23959071934223175,0.33123987913131714,0.26925888657569885,0.962453305721283,-0.04385967552661896,-0.30742010474205017,0.12794092297554016,0.9425532221794128,-1.1617822647094727,1.0195677280426025,-0.714042603969574,639.5864,639.5864,259.0,259.0,518,518
123,0123.png,0.9644148945808411,-0.17249839007854462,0.19972151517868042,0.18122199177742004,0.9831787943840027,-0.024855950847268105,-0.19226184487342834,0.060579970479011536,0.9795259237289429,-1.0399937629699707,1.0998893976211548,-0.8887121677398682,693.51044,693.51044,259.0,259.0,518,518
124,0124.png,0.9997819066047668,-0.017665734514594078,0.010896649211645126,0.01767428033053875,0.9998396039009094,-0.002674445975571871,-0.01094282791018486,0.0028837607242166996,0.99993497133255,-0.7886186838150024,1.2191600799560547,-1.0976183414459229,685.3304,689.3991,259.0,259.0,518,518
125,0125.png,0.9997005462646484,0.004962829872965813,-0.024112053215503693,-0.005004438571631908,0.9999747276306152,-0.004920175299048424,0.02421267330646515,0.0049841986037790775,0.9996896982192993,-0.8200642466545105,1.2479526996612549,-1.1308019161224365,661.77356,661.77356,259.0,259.0,518,518
126,0126.png,0.9982061982154846,-0.015104624442756176,-0.05796147882938385,0.01577763631939888,0.9998059272766113,0.011727393604815006,0.05772882327437401,-0.012630673125386238,0.9982514977455139,-0.9034446477890015,1.199393391609192,-1.199705958366394,646.8377,646.8377,259.0,259.0,518,518
127,0127.png,0.9981648921966553,-0.015468246303498745,-0.05857381224632263,0.015949467197060585,0.9998368620872498,0.00839277170598507,0.05838663876056671,-0.009319166652858257,0.9982495903968811,-1.0262119770050049,1.2045608758926392,-1.2042510509490967,636.01294,636.01294,259.0,259.0,518,518
128,0128.png,0.9982861876487732,-0.009705701842904091,-0.05773557350039482,0.010337146930396557,0.999883234500885,0.011199664324522018,0.057578541338443756,-0.011781957000494003,0.9982704520225525,-1.1456496715545654,1.2066019773483276,-1.212174892425537,632.4736,632.4736,259.0,259.0,518,518
129,0129.png,0.9980769157409668,-0.01396230235695839,-0.06042281538248062,0.014558912254869938,0.999841034412384,0.010217180475592613,0.06022224947810173,-0.011079497635364532,0.9981223344802856,-1.2704814672470093,1.2038875818252563,-1.2153513431549072,632.4736,632.4736,259.0,259.0,518,518
130,0130.png,0.9981444478034973,-0.013770242221653461,-0.05934042111039162,0.014353753998875618,0.9998452067375183,0.010107006877660751,0.05914425849914551,-0.010945215821266174,0.9981883764266968,-1.3950201272964478,1.2023811340332031,-1.217966079711914,625.4953,625.4953,259.0,259.0,518,518
131,0131.png,0.9979104995727539,-0.013136952184140682,-0.06328953057527542,0.013564103282988071,0.9998841285705566,0.006813880987465382,0.06314870715141296,-0.007671700324863195,0.9979733824729919,-1.5100380182266235,1.2075600624084473,-1.220738172531128,622.05524,622.05524,259.0,259.0,518,518
132,0132.png,0.660048246383667,-0.5238782167434692,0.5405594706535339,0.5365294814109802,0.8301841616630554,0.14774514734745026,-0.5232334136962891,0.19052572548389435,0.8291769623756409,-1.7186086177825928,0.47526443004608154,-0.38633036613464355,595.6529,595.6529,259.0,259.0,518,518
133,0133.png,0.7864131927490234,-0.432689368724823,0.44187426567077637,0.45154711604118347,0.8891759514808655,0.0644296258687973,-0.42062294483184814,0.1482616811990738,0.8948858380317688,-1.6661282777786255,0.789473295211792,-0.6817171573638916,602.0735,602.0735,259.0,259.0,518,518
134,0134.png,0.9920499324798584,-0.09351043403148651,0.0828886479139328,0.09909495711326599,0.9931960105895996,-0.060978084802627563,-0.07662416994571686,0.06856351345777512,0.9946113228797913,-0.8951590061187744,1.3145796060562134,-1.078277587890625,661.77356,661.77356,259.0,259.0,518,518
135,0135.png,0.9998379945755005,-0.015678538009524345,-0.008615128695964813,0.015415063127875328,0.9996300339698792,-0.022369898855686188,0.008783962577581406,0.02223627083003521,0.9997169375419617,-0.7545298933982849,1.3492231369018555,-1.17204749584198,693.51044,693.51044,259.0,259.0,518,518
136,0136.png,0.6629450917243958,-0.5273966789245605,0.5335056781768799,0.5416427254676819,0.827629029750824,0.14334435760974884,-0.5142208933830261,0.19196967780590057,0.8344945907592773,-2.3036584854125977,0.47970765829086304,-0.3493349552154541,661.77356,665.601,259.0,259.0,518,518
137,0137.png,0.6421833634376526,-0.513625979423523,0.5712458491325378,0.5583374500274658,0.8217199444770813,0.10929806530475616,-0.522516131401062,0.24686361849308014,0.8145127296447754,-2.509002923965454,0.5325056314468384,-0.19279277324676514,632.4736,636.01294,259.0,259.0,518,518
138,0138.png,0.6207836270332336,-0.5388335585594177,0.5717600584030151,0.5648399591445923,0.8108672499656677,0.14931952953338623,-0.541208803653717,0.22832779586315155,0.8076553344726562,-2.670717477798462,0.4221612811088562,-0.1672217845916748,639.5864,643.19446,259.0,259.0,518,518
139,0139.png,0.5955244898796082,-0.5334501266479492,0.6030327081680298,0.5812758207321167,0.8019046783447266,0.13374319672584534,-0.5516892671585083,0.26881080865859985,0.7876801490783691,-2.879772663116455,0.4437181353569031,-0.06879961490631104,628.9679,632.4736,259.0,259.0,518,518
140,0140.png,0.8041037321090698,-0.4676574468612671,0.3679047226905823,0.4631481468677521,0.8797956109046936,0.10275814682245255,-0.36894094944000244,0.08553315699100494,0.9249776601791382,-2.4951956272125244,0.6827468872070312,-0.816448986530304,628.9679,636.01294,259.0,259.0,518,518
141,0141.png,0.9288433790206909,-0.30195510387420654,0.20849141478538513,0.3011854588985443,0.9524704217910767,0.03552469611167908,-0.2063058614730835,0.027652844786643982,0.9776670336723328,-2.0324411392211914,1.1068942546844482,-1.2088090181350708,625.4953,639.5864,259.0,259.0,518,518
142,0142.png,0.9908446669578552,-0.020431801676750183,-0.1275755763053894,0.024876855313777924,0.9985668659210205,0.02317151427268982,0.12736019492149353,-0.027913615107536316,0.9920246005058289,-1.1222329139709473,1.5429502725601196,-1.6772836446762085,625.4953,632.4736,259.0,259.0,518,518
143,0143.png,0.6654390096664429,-0.523266613483429,0.5344598293304443,0.5375628471374512,0.8305090069770813,0.14207276701927185,-0.5152924656867981,0.19074776768684387,0.8341125249862671,-1.7106950283050537,0.5904178023338318,-0.4908266067504883,643.19446,643.19446,259.0,259.0,518,518
144,0144.png,0.663665235042572,-0.5245060324668884,0.5354614853858948,0.5380653738975525,0.8298129439353943,0.14420871436595917,-0.517045259475708,0.1904103010892868,0.8330988883972168,-1.8610409498214722,0.5868604779243469,-0.48785603046417236,639.5864,643.19446,259.0,259.0,518,518
145,0145.png,0.662715494632721,-0.5225321650505066,0.5385755896568298,0.5379033088684082,0.8303060531616211,0.1419679820537567,-0.5184349417686462,0.1936197578907013,0.8314810395240784,-2.012381076812744,0.5913130640983582,-0.4805929660797119,639.5864,643.19446,259.0,259.0,518,518
146,0146.png,0.6612119674682617,-0.5224317908287048,0.5405319929122925,0.537746012210846,0.8302453756332397,0.14291231334209442,-0.5205091238021851,0.19419094920158386,0.8300418853759766,-2.1622886657714844,0.5898902416229248,-0.4670206308364868,650.51666,654.232,259.0,259.0,518,518
147,0147.png,0.6620597243309021,-0.5187215805053711,0.5430682301521301,0.5308858752250671,0.8338425755500793,0.14756402373313904,-0.5264313220977783,0.1886373609304428,0.8275759816169739,-2.308164358139038,0.5887083411216736,-0.47610610723495483,650.51666,650.51666,259.0,259.0,518,518
148,0148.png,0.658363401889801,-0.5278844833374023,0.5387132167816162,0.5411796569824219,0.8271973729133606,0.14751090109348297,-0.5205593705177307,0.1924373060464859,0.8304227590560913,-2.469362258911133,0.5748912692070007,-0.49474895000457764,618.64734,622.05524,259.0,259.0,518,518
149,0149.png,0.6451041102409363,-0.5314484238624573,0.5512115359306335,0.5486016273498535,0.8220202922821045,0.14897917211055756,-0.5293784141540527,0.20435772836208344,0.8218964338302612,-2.6462016105651855,0.5569132566452026,-0.4214993715286255,636.01294,639.5864,259.0,259.0,518,518
150,0150.png,0.6932989358901978,-0.5118563771247864,0.5092742443084717,0.5310553908348083,0.8384682536125183,0.11788558959960938,-0.484540730714798,0.18667902052402496,0.8533611297607422,-2.7136380672454834,0.6676292419433594,-0.5111916065216064,643.19446,643.19446,259.0,259.0,518,518
151,0151.png,0.7765093445777893,-0.45528489351272583,0.4370197057723999,0.4806249737739563,0.8746739625930786,0.055197469890117645,-0.40486714243888855,0.16503998637199402,0.89844810962677,-2.663083553314209,0.9049059748649597,-0.7346124649047852,622.05524,622.05524,259.0,259.0,518,518
152,0152.png,0.8141533136367798,-0.41775113344192505,0.40450823307037354,0.4322945177555084,0.8997737765312195,0.054186515510082245,-0.3845566511154175,0.12873178720474243,0.9133766293525696,-2.691791296005249,0.9496268630027771,-0.8256622552871704,608.6117,615.2711,259.0,259.0,518,518
153,0153.png,0.9418041706085205,-0.22651362419128418,0.24657782912254333,0.23949205875396729,0.9706257581710815,-0.027806248515844345,-0.22937068343162537,0.08262638747692108,0.969797670841217,-2.123678207397461,1.3973703384399414,-1.2055753469467163,608.6117,611.9261,259.0,259.0,518,518
154,0154.png,0.6699122190475464,-0.5269061923027039,0.525155246257782,0.5350171327590942,0.8308624029159546,0.14941029250621796,-0.5121267437934875,0.1788586676120758,0.8387240767478943,-1.6967880725860596,0.6871442794799805,-0.6109104752540588,650.51666,650.51666,259.0,259.0,518,518
155,0155.png,0.6661331057548523,-0.5249998569488525,0.5318754315376282,0.5391826629638672,0.8295134902000427,0.14174067974090576,-0.5126890540122986,0.19035401940345764,0.8358154892921448,-1.8575718402862549,0.6980923414230347,-0.6056234836578369,636.01294,636.01294,259.0,259.0,518,518
156,0156.png,0.6633931398391724,-0.5274049043655396,0.5329359173774719,0.5413374304771423,0.8277826309204102,0.14361223578453064,-0.5139752626419067,0.19123505055904388,0.8348169922828674,-2.011687994003296,0.6919736862182617,-0.6051502227783203,632.4736,632.4736,259.0,259.0,518,518
157,0157.png,0.6615467071533203,-0.5271801352500916,0.5354662537574768,0.5408514142036438,0.8278390169143677,0.14510807394981384,-0.5168569087982178,0.19161531329154968,0.8329371809959412,-2.167133331298828,0.6886037588119507,-0.5982784628868103,632.4736,636.01294,259.0,259.0,518,518
158,0158.png,0.6647557616233826,-0.5292024612426758,0.5294234752655029,0.5414006114006042,0.8274027705192566,0.14554215967655182,-0.5121495723724365,0.1878708153963089,0.8367156982421875,-2.3089842796325684,0.6862263679504395,-0.621692419052124,625.4953,625.4953,259.0,259.0,518,518
159,0159.png,0.6625593304634094,-0.5287116169929504,0.5326808094978333,0.5359906554222107,0.8292590975761414,0.15470708906650543,-0.5205780863761902,0.18100880086421967,0.8330044746398926,-2.4617977142333984,0.6721861958503723,-0.6015741229057312,643.19446,643.19446,259.0,259.0,518,518
160,0160.png,0.6588205099105835,-0.5262967348098755,0.5397089123725891,0.5377246141433716,0.8289489150047302,0.1502966433763504,-0.5235615968704224,0.18921154737472534,0.8292723894119263,-2.6353936195373535,0.6804425716400146,-0.5599780082702637,661.77356,665.601,259.0,259.0,518,518
161,0161.png,0.6627358198165894,-0.528764009475708,0.532407283782959,0.5375871658325195,0.8286951184272766,0.1521703451871872,-0.5187361836433411,0.18337444961071014,0.8336370587348938,-2.7875242233276367,0.6739020347595215,-0.5877505540847778,646.8377,646.8377,259.0,259.0,518,518
162,0162.png,0.7203114032745361,-0.47437095642089844,0.5078983902931213,0.5012310147285461,0.8600981831550598,0.08969347178936005,-0.47649598121643066,0.1880371868610382,0.857608437538147,-2.8392882347106934,0.905665934085846,-0.6707385778427124,622.05524,622.05524,259.0,259.0,518,518
163,0163.png,0.8781302571296692,-0.33989444375038147,0.3367011547088623,0.3545626997947693,0.9347782731056213,0.013146063312888145,-0.316747784614563,0.10562993586063385,0.9422044157981873,-2.442171335220337,1.3266701698303223,-1.1726062297821045,608.6117,615.2711,259.0,259.0,518,518
164,0164.png,0.9330942034721375,-0.270683616399765,0.2380416989326477,0.28712227940559387,0.9571456909179688,-0.036383576691150665,-0.21414417028427124,0.09900830686092377,0.9723919630050659,-2.2637553215026855,1.5037858486175537,-1.3522398471832275,595.6529,598.8487,259.0,259.0,518,518
165,0165.png,0.6669663190841675,-0.5259221792221069,0.529904305934906,0.5382047295570374,0.829706609249115,0.14429862797260284,-0.5126423239707947,0.18695077300071716,0.8366202712059021,-1.6924920082092285,0.8048287630081177,-0.7326055765151978,622.05524,625.4953,259.0,259.0,518,518
166,0166.png,0.6644043922424316,-0.5260633230209351,0.5329980254173279,0.5421460270881653,0.8279414176940918,0.1396021842956543,-0.5118122100830078,0.19421832263469696,0.8354575037956238,-1.8561115264892578,0.8115326166152954,-0.7214078307151794,622.05524,622.05524,259.0,259.0,518,518
167,0167.png,0.6638519167900085,-0.5274521708488464,0.5323128700256348,0.5426807403564453,0.8273131251335144,0.14122959971427917,-0.5119621157646179,0.19312739372253418,0.8356207013130188,-2.011659622192383,0.806523323059082,-0.7231906056404114,622.05524,625.4953,259.0,259.0,518,518
168,0168.png,0.6653355360031128,-0.525961697101593,0.5319273471832275,0.5413022637367249,0.8283801078796387,0.14027534425258636,-0.511496365070343,0.19260373711585999,0.836029589176178,-2.1642661094665527,0.8110672235488892,-0.7224410772323608,625.4953,625.4953,259.0,259.0,518,518
169,0169.png,0.6658111214637756,-0.525604248046875,0.5316823124885559,0.5409339070320129,0.8286615610122681,0.1400369554758072,-0.5112678408622742,0.19236457347869873,0.8362258672714233,-2.3183023929595947,0.8117388486862183,-0.7193335294723511,628.9679,628.9679,259.0,259.0,518,518
170,0170.png,0.6640726923942566,-0.5233217477798462,0.5361157655715942,0.537109911441803,0.8305233716964722,0.14368753135204315,-0.5175274014472961,0.19056473672389984,0.8327620029449463,-2.476820230484009,0.8088765740394592,-0.7050943374633789,636.01294,636.01294,259.0,259.0,518,518
171,0171.png,0.6713374853134155,-0.5065051317214966,0.5431694388389587,0.5255213975906372,0.8398720026016235,0.13183249533176422,-0.5200552344322205,0.19497530162334442,0.8301424980163574,-2.6190760135650635,0.8569362163543701,-0.6753531694412231,654.232,657.9841,259.0,259.0,518,518
172,0172.png,0.6681969165802002,-0.5197945833206177,0.5343950390815735,0.5368222594261169,0.8319727182388306,0.13621832430362701,-0.5124845504760742,0.19385792315006256,0.8351274132728577,-2.77839994430542,0.8357713222503662,-0.7300159335136414,622.05524,622.05524,259.0,259.0,518,518
173,0173.png,0.7627568244934082,-0.43961191177368164,0.47575893998146057,0.4693571925163269,0.880582332611084,0.058556489646434784,-0.44176483154296875,0.1764717698097229,0.8785442113876343,-2.6786670684814453,1.1572016477584839,-0.9288378953933716,622.05524,625.4953,259.0,259.0,518,518
174,0174.png,0.8536161184310913,-0.36899301409721375,0.36813005805015564,0.39687785506248474,0.9176235198974609,-0.00719180703163147,-0.33228999376296997,0.1501416116952896,0.9306296706199646,-2.5125131607055664,1.4448132514953613,-1.2017929553985596,602.0735,608.6117,259.0,259.0,518,518
175,0175.png,0.9627851843833923,-0.18998709321022034,0.18559709191322327,0.1971583366394043,0.9800522923469543,-0.0229448564350605,-0.175161212682724,0.05600879341363907,0.9831779599189758,-1.908658742904663,1.7452936172485352,-1.6704432964324951,608.6117,615.2711,259.0,259.0,518,518
176,0176.png,0.6647939682006836,-0.5278282761573792,0.5307514667510986,0.5424676537513733,0.8273864984512329,0.14161783456802368,-0.5109656453132629,0.19176559150218964,0.8365506529808044,-1.6937185525894165,0.9196576476097107,-0.818011999130249,646.8377,646.8377,259.0,259.0,518,518
177,0177.png,0.6664543747901917,-0.5250517725944519,0.5314184427261353,0.5396708846092224,0.8293474912643433,0.14085176587104797,-0.5117647051811218,0.1909189671278,0.8362549543380737,-1.8497998714447021,0.9246205687522888,-0.8238003253936768,646.8377,646.8377,259.0,259.0,518,518
178,0178.png,0.6662533283233643,-0.5251888632774353,0.5315364599227905,0.5402554273605347,0.8290718793869019,0.1402311623096466,-0.5114091038703918,0.19173511862754822,0.8362849950790405,-2.007715940475464,0.9244661331176758,-0.83683842420578,636.01294,636.01294,259.0,259.0,518,518
179,0179.png,0.6661757826805115,-0.5251123905181885,0.5317103862762451,0.5425097942352295,0.8282281756401062,0.13646486401557922,-0.5091192126274109,0.19554777443408966,0.8367983102798462,-2.163206100463867,0.930862545967102,-0.8332412838935852,636.01294,636.01294,259.0,259.0,518,518
180,0180.png,0.6643004417419434,-0.5256454944610596,0.5335425734519958,0.5450799465179443,0.8269063234329224,0.13421301543712616,-0.5088235139846802,0.19966989755630493,0.8359952569007874,-2.323737859725952,0.9333065748214722,-0.8266997933387756,636.01294,636.01294,259.0,259.0,518,518
181,0181.png,0.6639553904533386,-0.5236584544181824,0.5359324216842651,0.5419681072235107,0.8285921812057495,0.1364116221666336,-0.5125753879547119,0.19789853692054749,0.8341131806373596,-2.4816880226135254,0.9326825141906738,-0.822262167930603,632.4736,636.01294,259.0,259.0,518,518
182,0182.png,0.6708210110664368,-0.5243732333183289,0.5265313386917114,0.5366261005401611,0.8310881853103638,0.14223051071166992,-0.5092767477035522,0.18511590361595154,0.8390969634056091,-2.610844612121582,0.9244934320449829,-0.8693442344665527,632.4736,632.4736,259.0,259.0,518,518
183,0183.png,0.6783290505409241,-0.5149435997009277,0.5261828899383545,0.5301947593688965,0.8366733193397522,0.13341452181339264,-0.5060439705848694,0.18647301197052002,0.8407588005065918,-2.7519359588623047,0.9607239961624146,-0.8664616346359253,628.9679,625.4953,259.0,259.0,518,518
184,0184.png,0.6626136898994446,-0.5171269178390503,0.543914258480072,0.532965362071991,0.8335747718811035,0.1414676159620285,-0.5236303210258484,0.19413228332996368,0.8280792236328125,-2.9639084339141846,0.9372192621231079,-0.812201201915741,643.19446,639.5864,259.0,259.0,518,518
185,0185.png,0.6929833292961121,-0.496048241853714,0.525169312953949,0.5110843777656555,0.8495533466339111,0.12654229998588562,-0.5060567855834961,0.1787925809621811,0.8424360752105713,-3.0395004749298096,1.0266605615615845,-0.9029343724250793,643.19446,643.19446,259.0,259.0,518,518
186,0186.png,0.72834312915802,-0.4637819528579712,0.5061740875244141,0.487575501203537,0.867766797542572,0.09113612025976181,-0.4786093533039093,0.178374782204628,0.8585091233253479,-3.1011409759521484,1.1719025373458862,-0.981638491153717,625.4953,628.9679,259.0,259.0,518,518
187,0187.png,0.6503774523735046,-0.526706874370575,0.5495362281799316,0.5464494228363037,0.8246888518333435,0.14201609790325165,-0.5250546336174011,0.20594613254070282,0.8242805004119873,-1.7354772090911865,1.0249590873718262,-0.915810227394104,618.64734,618.64734,259.0,259.0,518,518
188,0188.png,0.6634723544120789,-0.5331997871398926,0.5270125865936279,0.5485730767250061,0.8234917521476746,0.1407596915960312,-0.5061176419258118,0.19368591904640198,0.8390645384788513,-1.8441534042358398,1.024825930595398,-0.970830500125885,625.4953,628.9679,259.0,259.0,518,518
189,0189.png,0.6619596481323242,-0.5263433456420898,0.5357789397239685,0.5434826016426086,0.8271101117134094,0.13932417333126068,-0.5135578513145447,0.19696050882339478,0.8337294459342957,-2.0147881507873535,1.036792516708374,-0.9483346939086914,632.4736,636.01294,259.0,259.0,518,518
190,0190.png,0.663044810295105,-0.5248480439186096,0.5358997583389282,0.5419600605964661,0.828194797039032,0.1388234943151474,-0.513771116733551,0.19640028476715088,0.8337306976318359,-2.1705243587493896,1.0392851829528809,-0.9487382173538208,636.01294,639.5864,259.0,259.0,518,518
191,0191.png,0.6644595861434937,-0.5251147150993347,0.5338677167892456,0.5457371473312378,0.8267970085144043,0.13220493495464325,-0.5079092979431152,0.20151115953922272,0.8361082077026367,-2.3231232166290283,1.052314043045044,-0.9448288083076477,636.01294,636.01294,259.0,259.0,518,518
192,0192.png,0.6636581420898438,-0.5232293009757996,0.5367236137390137,0.5440703630447388,0.8278502225875854,0.13249477744102478,-0.5107367038726807,0.20209342241287231,0.8342316746711731,-2.4875340461730957,1.052940845489502,-0.9396480917930603,639.5864,639.5864,259.0,259.0,518,518
193,0193.png,0.6614275574684143,-0.5255411863327026,0.5372298955917358,0.5435686111450195,0.8272342085838318,0.1382521390914917,-0.5141525268554688,0.19858340919017792,0.8329715132713318,-2.647901773452759,1.0375325679779053,-0.9431459903717041,636.01294,639.5864,259.0,259.0,518,518
194,0194.png,0.6582914590835571,-0.5258293747901917,0.5408165454864502,0.5450678467750549,0.8262602686882019,0.13816440105438232,-0.5165770649909973,0.20185139775276184,0.8306663632392883,-2.813474178314209,1.0356301069259644,-0.9271656274795532,636.01294,639.5864,259.0,259.0,518,518
195,0195.png,0.6562972068786621,-0.5155190229415894,0.5530844926834106,0.5359459519386292,0.8322317004203796,0.13806991279125214,-0.5285719633102417,0.2039070725440979,0.8225319981575012,-2.9779534339904785,1.050954818725586,-0.8848156929016113,646.8377,650.51666,259.0,259.0,518,518
196,0196.png,0.6532852053642273,-0.5286604762077332,0.5441507697105408,0.5486697554588318,0.8235939741134644,0.1397882103919983,-0.5191270112991333,0.2052476853132248,0.8282229900360107,-3.1371567249298096,1.0235629081726074,-0.9507064819335938,636.01294,639.5864,259.0,259.0,518,518
197,0197.png,0.6833841800689697,-0.4986438453197479,0.5352776646614075,0.514782726764679,0.846861720085144,0.12959028780460358,-0.5149815678596497,0.18503190577030182,0.8356053233146667,-3.2229723930358887,1.1230543851852417,-1.0142829418182373,643.19446,643.19446,259.0,259.0,518,518
198,0198.png,0.6642246246337891,-0.519722580909729,0.5394319295883179,0.5663447380065918,0.8186498880386353,0.08930157124996185,-0.485147088766098,0.24421992897987366,0.8382125496864319,-1.6762259006500244,1.25589919090271,-0.9783550500869751,622.05524,622.05524,259.0,259.0,518,518
199,0199.png,0.6635750532150269,-0.5320948958396912,0.5280025601387024,0.566019594669342,0.816405177116394,0.10951630771160126,-0.4864324629306793,0.2242632508277893,0.8430798053741455,-1.8422863483428955,1.2052589654922485,-1.039783000946045,646.8377,650.51666,259.0,259.0,518,518
200,0200.png,0.6624853610992432,-0.5259245038032532,0.53553706407547,0.554097056388855,0.8229576945304871,0.12089172750711441,-0.5014037489891052,0.2146625816822052,0.8367534279823303,-2.0204691886901855,1.188457727432251,-1.054503083229065,654.232,657.9841,259.0,259.0,518,518
201,0201.png,0.6658204197883606,-0.5207024216651917,0.5364925265312195,0.546058177947998,0.8278687000274658,0.12395420670509338,-0.5057840943336487,0.20843341946601868,0.8356903195381165,-2.1706063747406006,1.1897670030593872,-1.0616285800933838,665.601,665.601,259.0,259.0,518,518
202,0202.png,0.6656672954559326,-0.5218837261199951,0.5355306267738342,0.5461386442184448,0.8275405764579773,0.12576577067375183,-0.5059018731117249,0.2067601978778839,0.8360380530357361,-2.3246076107025146,1.1837044954299927,-1.0606621503829956,669.46716,673.37256,259.0,259.0,518,518
203,0203.png,0.6640859246253967,-0.5237119793891907,0.535716712474823,0.5476647019386292,0.826328456401825,0.12707489728927612,-0.5063206553459167,0.20701338350772858,0.835719883441925,-2.4867911338806152,1.1779733896255493,-1.062204360961914,669.46716,673.37256,259.0,259.0,518,518
204,0204.png,0.6596528887748718,-0.5230898261070251,0.5418112277984619,0.5473589301109314,0.8261668086051941,0.12941254675388336,-0.5124175548553467,0.20921435952186584,0.8314172625541687,-2.6578054428100586,1.1714375019073486,-1.0433070659637451,673.37256,673.37256,259.0,259.0,518,518
205,0205.png,0.6556884050369263,-0.5223240852355957,0.5473725199699402,0.5472714304924011,0.825992226600647,0.13088226318359375,-0.5175780653953552,0.21178080141544342,0.8275373578071594,-2.825408935546875,1.1664448976516724,-1.0240833759307861,669.46716,673.37256,259.0,259.0,518,518
206,0206.png,0.6551441550254822,-0.5235733985900879,0.5468308925628662,0.545913577079773,0.8261808156967163,0.13527868688106537,-0.5196890234947205,0.20792490243911743,0.8271936774253845,-2.9812076091766357,1.1556912660598755,-1.0497307777404785,646.8377,650.51666,259.0,259.0,518,518
207,0207.png,0.653971254825592,-0.5260681509971619,0.5458406805992126,0.544585645198822,0.8259413242340088,0.14190956950187683,-0.5225423574447632,0.20244497060775757,0.8267577886581421,-3.136213541030884,1.136234998703003,-1.0643510818481445,639.5864,639.5864,259.0,259.0,518,518
208,0208.png,0.6508863568305969,-0.5206947326660156,0.5546571612358093,0.545472264289856,0.8266481757164001,0.1342056393623352,-0.5254846215248108,0.21321704983711243,0.8221367597579956,-3.340855836868286,1.162764549255371,-1.0155012607574463,654.232,657.9841,259.0,259.0,518,518
209,0209.png,0.5870587229728699,-0.5681719779968262,0.5790947675704956,0.5942645072937012,0.7859481573104858,0.16710400581359863,-0.5470169186592102,0.2440318763256073,0.7990385293960571,-1.8408710956573486,1.1309640407562256,-0.9849417805671692,628.9679,632.4736,259.0,259.0,518,518
210,0210.png,0.6211163997650146,-0.5412257313728333,0.5691244602203369,0.5737743377685547,0.8063725829124451,0.1392515003681183,-0.5312691926956177,0.23810511827468872,0.811432957649231,-1.9501266479492188,1.237567663192749,-1.047366738319397,681.30347,685.3304,259.0,259.0,518,518
211,0211.png,0.6407968401908875,-0.5376065373420715,0.5502752661705017,0.5671125650405884,0.8123423457145691,0.13169607520103455,-0.5149515867233276,0.22567233443260193,0.8254776000976562,-2.05056095123291,1.2655680179595947,-1.154780387878418,639.5864,639.5864,259.0,259.0,518,518
212,0212.png,0.6669484376907349,-0.5167721509933472,0.538891077041626,0.5403695702552795,0.8312210440635681,0.12645401060581207,-0.510397732257843,0.20487278699874878,0.8337552547454834,-2.149475574493408,1.3066821098327637,-1.2160859107971191,654.232,657.9841,259.0,259.0,518,518
213,0213.png,0.6759933233261108,-0.5185512900352478,0.5256549715995789,0.5409328937530518,0.8314237594604492,0.12267095595598221,-0.49774473905563354,0.19939595460891724,0.8427436351776123,-2.274890422821045,1.3209145069122314,-1.226488709449768,677.3178,681.30347,259.0,259.0,518,518
214,0214.png,0.6681430339813232,-0.5224720239639282,0.5318344235420227,0.545326828956604,0.8279701471328735,0.12646238505840302,-0.5035119652748108,0.20352458953857422,0.8382880687713623,-2.4661731719970703,1.302076816558838,-1.1970643997192383,693.51044,693.51044,259.0,259.0,518,518
215,0215.png,0.6608868837356567,-0.5213967561721802,0.5419345498085022,0.5488156676292419,0.8260847330093384,0.12365526705980301,-0.5092589259147644,0.21371698379516602,0.8322128057479858,-2.6548686027526855,1.305653691291809,-1.1590089797973633,689.3991,693.51044,259.0,259.0,518,518
216,0216.png,0.6569831371307373,-0.5219143629074097,0.5462000966072083,0.5504016280174255,0.8249171376228333,0.12438401579856873,-0.5125910043716431,0.21693682670593262,0.8293094635009766,-2.8290114402770996,1.302313208580017,-1.1347413063049316,697.66486,697.66486,259.0,259.0,518,518
217,0217.png,0.6554830074310303,-0.5255857110023499,0.5444784760475159,0.5515040159225464,0.8234456181526184,0.12912708520889282,-0.51331627368927,0.21368205547332764,0.8297110795974731,-2.9938454627990723,1.2846134901046753,-1.1581993103027344,677.3178,677.3178,259.0,259.0,518,518
218,0218.png,0.6554032564163208,-0.5279541015625,0.5422698855400085,0.550739049911499,0.8231679201126099,0.13405156135559082,-0.5142493844032288,0.20881591737270355,0.8303802609443665,-3.1566386222839355,1.2711095809936523,-1.1836217641830444,661.77356,661.77356,259.0,259.0,518,518
219,0219.png,0.6486290693283081,-0.5275992155075073,0.5507557392120361,0.5463801026344299,0.8242892026901245,0.14457300305366516,-0.5273429155349731,0.20519787073135376,0.8229989409446716,-3.342419147491455,1.244273066520691,-1.1411888599395752,689.3991,689.3991,259.0,259.0,518,518
220,0220.png,0.21759386360645294,-0.6512489914894104,0.7296658754348755,0.7109038829803467,0.6158840656280518,0.33818352222442627,-0.6664807200431824,0.4442722201347351,0.5955138206481934,-2.6043014526367188,0.49525249004364014,-0.2967029809951782,636.01294,643.19446,259.0,259.0,518,518
221,0221.png,0.20808394253253937,-0.6479784250259399,0.7341930866241455,0.7296572923660278,0.6002255082130432,0.32601213455200195,-0.6505860090255737,0.46720045804977417,0.5955358743667603,-2.68841552734375,0.49996793270111084,-0.23443490266799927,632.4736,636.01294,259.0,259.0,518,518
222,0222.png,0.5971428155899048,-0.5406884551048279,0.5948878526687622,0.6034749150276184,0.788989782333374,0.11006541550159454,-0.5261284708976746,0.2915205955505371,0.7971310615539551,-2.1332380771636963,1.37868332862854,-1.039208173751831,611.9261,615.2711,259.0,259.0,518,518
223,0223.png,0.6338024735450745,-0.5368115305900574,0.5591480135917664,0.5738760232925415,0.8087686896324158,0.12413892149925232,-0.5158814787864685,0.24023371934890747,0.820736825466156,-2.1954879760742188,1.3826420307159424,-1.2047380208969116,632.4736,636.01294,259.0,259.0,518,518
224,0224.png,0.6346175670623779,-0.5482223629951477,0.5469666719436646,0.5844823718070984,0.8012975454330444,0.12300055474042892,-0.5028284192085266,0.2397119402885437,0.8289957642555237,-2.374116897583008,1.3867322206497192,-1.2104790210723877,665.601,665.601,259.0,259.0,518,518
225,0225.png,0.6717847585678101,-0.5224656462669373,0.5271949172019958,0.5558257699012756,0.8238344788551331,0.1061478853225708,-0.4867766499519348,0.21974234282970428,0.8440828919410706,-2.434772491455078,1.4751262664794922,-1.282070279121399,685.3304,689.3991,259.0,259.0,518,518
226,0226.png,0.6665185689926147,-0.5175096988677979,0.5387171506881714,0.5521113276481628,0.8260287642478943,0.10847918689250946,-0.4982364773750305,0.22317476570606232,0.8364086747169495,-2.6291050910949707,1.4741225242614746,-1.2487083673477173,697.66486,693.51044,259.0,259.0,518,518
227,0227.png,0.6597030162811279,-0.5185155868530273,0.5461472272872925,0.5539016127586365,0.8243932723999023,0.11171447485685349,-0.5052803754806519,0.2268354892730713,0.8311479687690735,-2.8235268592834473,1.4601187705993652,-1.2388625144958496,681.30347,681.30347,259.0,259.0,518,518
228,0228.png,0.655833899974823,-0.5226503014564514,0.5468847155570984,0.5508129596710205,0.8244602680206299,0.12557749450206757,-0.5136204361915588,0.21689929068088531,0.8286786079406738,-2.999420166015625,1.4193483591079712,-1.2518442869186401,689.3991,689.3991,259.0,259.0,518,518
229,0229.png,0.6537286043167114,-0.5284753441810608,0.543795108795166,0.5596401691436768,0.8191081881523132,0.12145700305700302,-0.5067181587219238,0.22296272218227386,0.8313242793083191,-3.166032075881958,1.4166955947875977,-1.2566261291503906,669.46716,669.46716,259.0,259.0,518,518
230,0230.png,0.6564285159111023,-0.5278105735778809,0.5411601066589355,0.5588553547859192,0.8198773860931396,0.11988363415002823,-0.5040506720542908,0.22177021205425262,0.8332754373550415,-3.3242924213409424,1.4227194786071777,-1.2449240684509277,693.51044,693.51044,259.0,259.0,518,518
231,0231.png,0.5278503894805908,-0.6023094058036804,0.6014769673347473,0.6475899815559387,0.7412471771240234,0.1729593276977539,-0.5474714636802673,0.29643386602401733,0.7807499170303345,-2.2317399978637695,1.1565266847610474,-1.0211992263793945,681.30347,681.30347,259.0,259.0,518,518
232,0232.png,0.9758524894714355,-0.17851175367832184,0.11640742421150208,0.18909397721290588,0.9768301248550415,-0.10025917738676071,-0.09386837482452393,0.11834146082401276,0.9882523417472839,-1.0092610120773315,1.9208307266235352,-1.6083537340164185,654.232,650.51666,259.0,259.0,518,518
233,0233.png,0.9639430046081543,-0.17744073271751404,0.18737077713012695,0.193330779671669,0.9765393733978271,-0.07725393772125244,-0.1667737066745758,0.10992949455976486,0.9796328544616699,-1.1618733406066895,1.7615516185760498,-1.498090386390686,646.8377,643.19446,259.0,259.0,518,518
234,0234.png,0.8736255764961243,-0.31595414876937866,0.37022802233695984,0.410077303647995,0.8858276605606079,-0.215133398771286,-0.257804811000824,0.33855515718460083,0.9039599895477295,-1.6866629123687744,1.9895710945129395,-0.9564492702484131,657.9841,657.9841,259.0,259.0,518,518
235,0235.png,0.6381124258041382,-0.5037649273872375,0.5844922661781311,0.5736599564552307,0.8150667548179626,0.07420510053634644,-0.511025607585907,0.28596943616867065,0.8089398145675659,-2.5081939697265625,1.4733070135116577,-1.0128147602081299,661.77356,657.9841,259.0,259.0,518,518
236,0236.png,0.6176983714103699,-0.5408137440681458,0.5732461810112,0.5938439965248108,0.7963378429412842,0.10949831455945969,-0.5127103328704834,0.2710420489311218,0.8130320310592651,-2.5727133750915527,1.541938304901123,-1.1975057125091553,657.9841,657.9841,259.0,259.0,518,518
237,0237.png,0.6935835480690002,-0.5050051212310791,0.5157169103622437,0.5417611598968506,0.8353763222694397,0.0872759222984314,-0.4721796214580536,0.21685023605823517,0.8531253337860107,-2.49609375,1.6971242427825928,-1.436708688735962,728.01917,728.01917,259.0,259.0,518,518
238,0238.png,0.6720455884933472,-0.5216231346130371,0.5276963710784912,0.5488622188568115,0.8270780444145203,0.11664760112762451,-0.49437034130096436,0.20921418070793152,0.8423380255699158,-2.7509279251098633,1.5892889499664307,-1.4376832246780396,710.39496,710.39496,259.0,259.0,518,518
239,0239.png,0.655872642993927,-0.5197414755821228,0.5496144890785217,0.5516088008880615,0.8247789740562439,0.1198846697807312,-0.5127134323120117,0.2225743979215622,0.8277244567871094,-3.002547025680542,1.5733311176300049,-1.3801589012145996,689.3991,689.3991,259.0,259.0,518,518
240,0240.png,0.6501778364181519,-0.5239278674125671,0.552433431148529,0.5532978773117065,0.8225507140159607,0.12713974714279175,-0.5181192755699158,0.2210368663072586,0.8247495889663696,-3.203829288482666,1.5422402620315552,-1.3839153051376343,673.37256,673.37256,259.0,259.0,518,518
241,0241.png,0.6553314924240112,-0.5223977565765381,0.5477332472801208,0.55433589220047,0.8229547142982483,0.11982040852308273,-0.5104633569717407,0.22313517332077026,0.8289698958396912,-3.3673157691955566,1.5669238567352295,-1.383191466331482,677.3178,677.3178,259.0,259.0,518,518
242,0242.png,0.9358208179473877,-0.2427208423614502,0.2533155679702759,0.2574045658111572,0.9650404453277588,-0.026317324489355087,-0.23657001554965973,0.08840000629425049,0.9672711491584778,-1.0748761892318726,1.9282617568969727,-1.749700903892517,714.7298,714.7298,259.0,259.0,518,518
243,0243.png,0.6684784293174744,-0.38215088844299316,0.6401337385177612,0.4233364462852478,0.9007805585861206,0.09297525882720947,-0.6089097261428833,0.2066299021244049,0.7638983726501465,-2.9030041694641113,1.1163768768310547,-0.6124879121780396,665.601,665.601,259.0,259.0,518,518
244,0244.png,0.5106542110443115,-0.4491683542728424,0.7353131771087646,0.5652204751968384,0.8174907565116882,0.10548528283834457,-0.6455948948860168,0.3601529598236084,0.6704236268997192,-3.552006244659424,0.781754732131958,0.028214097023010254,639.5864,632.4736,259.0,259.0,518,518
245,0245.png,0.8969815969467163,-0.3578765392303467,0.258993923664093,0.382623553276062,0.9218981862068176,-0.05860556289553642,-0.21544718742370605,0.14936310052871704,0.9650157690048218,-2.2850756645202637,1.7325090169906616,-1.6444226503372192,646.8377,632.4736,259.0,259.0,518,518
246,0246.png,0.9861901998519897,-0.14310742914676666,0.05142983794212341,0.1443248689174652,0.9847500324249268,-0.10183160752058029,-0.033586859703063965,0.10481801629066467,0.995265543460846,-1.1239604949951172,2.157992124557495,-1.9607665538787842,681.30347,665.601,259.0,259.0,518,518
247,0247.png,0.9626744985580444,-0.21708780527114868,0.15671157836914062,0.2323927879333496,0.9684498310089111,-0.08909034729003906,-0.12879160046577454,0.11948132514953613,0.9845278263092041,-1.4698866605758667,2.0600500106811523,-1.8539798259735107,657.9841,643.19446,259.0,259.0,518,518
248,0248.png,0.7188448905944824,-0.4693140387535095,0.5146793127059937,0.5216931700706482,0.8514915704727173,0.044138986617326736,-0.4560518264770508,0.23446142673492432,0.8572614192962646,-2.52103328704834,1.8826344013214111,-1.4466509819030762,714.7298,710.39496,259.0,259.0,518,518
249,0249.png,0.8069461584091187,-0.4088849127292633,0.42698782682418823,0.42794251441955566,0.9021860361099243,0.04989363253116608,-0.40223148465156555,0.13962408900260925,0.9041794538497925,-2.086423873901367,2.109663963317871,-1.8981220722198486,719.11145,714.7298,259.0,259.0,518,518
250,0250.png,0.6585514545440674,-0.5255276560783386,0.5407920479774475,0.5602072477340698,0.8199740648269653,0.11272621154785156,-0.4997914433479309,0.22670093178749084,0.8345161080360413,-2.9668421745300293,1.7345709800720215,-1.5165770053863525,737.1246,737.1246,259.0,259.0,518,518
251,0251.png,0.6526702642440796,-0.5243710279464722,0.5490400791168213,0.5598917007446289,0.8197973966598511,0.11553169786930084,-0.5077962279319763,0.2300284504890442,0.8287168741226196,-3.1908533573150635,1.72201406955719,-1.522292971611023,714.7298,710.39496,259.0,259.0,518,518
252,0252.png,0.6523754596710205,-0.5232731699943542,0.5504429936408997,0.5526072382926941,0.8232145309448242,0.12585195899009705,-0.5160924792289734,0.22010834515094757,0.8262767195701599,-3.3931283950805664,1.6933643817901611,-1.5528252124786377,693.51044,693.51044,259.0,259.0,518,518
253,0253.png,0.9188723564147949,-0.1438746452331543,0.36696040630340576,0.1820819079875946,0.9805519580841064,-0.07187038660049438,-0.3468822240829468,0.13056987524032593,0.9281603693962097,-1.500687599182129,2.2800660133361816,-1.6513991355895996,693.51044,685.3304,259.0,259.0,518,518
254,0254.png,0.42831578850746155,-0.6122431755065918,0.667272686958313,0.6850653886795044,0.6992073059082031,0.2007906436920166,-0.5870869159698486,0.36963939666748047,0.7179198265075684,-3.463141441345215,0.7348036766052246,-0.45145463943481445,693.51044,685.3304,259.0,259.0,518,518
255,0255.png,0.5213219523429871,-0.5329301953315735,0.6688437461853027,0.6102272272109985,0.7783887386322021,0.14307361841201782,-0.5938276648521423,0.3317020535469055,0.7305344343185425,-3.6174001693725586,0.8704208135604858,-0.4514143466949463,673.37256,661.77356,259.0,259.0,518,518
256,0256.png,0.6084661483764648,-0.5303626656532288,0.5926612615585327,0.5949005484580994,0.7967667579650879,0.10047449171543121,-0.5226538777351379,0.28946298360824585,0.8001726865768433,-3.7646141052246094,1.5445826053619385,-0.9823460578918457,632.4736,625.4953,259.0,259.0,518,518
257,0257.png,0.2647492587566376,-0.6691562533378601,0.6956526041030884,0.702268123626709,0.6257089376449585,0.337611585855484,-0.6591790318489075,0.3985292911529541,0.6348997950553894,-4.817857265472412,0.18768417835235596,-0.03763890266418457,657.9841,650.51666,259.0,259.0,518,518
258,0258.png,0.9130301475524902,-0.3174492418766022,0.25832146406173706,0.30005696415901184,0.9484927654266357,0.09883511066436768,-0.27473974227905273,-0.014314651489257812,0.961478054523468,-2.3254218101501465,2.272012948989868,-2.7251148223876953,611.9261,611.9261,259.0,259.0,518,518
259,0259.png,0.5862267017364502,-0.5545893311500549,0.5929615497589111,0.6038543581962585,0.7846660017967224,0.1358146369457245,-0.5375274419784546,0.2764265239238739,0.7948735952377319,-3.7525463104248047,1.1609020233154297,-0.9498202800750732,625.4953,622.05524,259.0,259.0,518,518
260,0260.png,0.7767323851585388,-0.470166951417923,0.42035800218582153,0.5229285955429077,0.8516985774040222,-0.017465364187955856,-0.3472612798213959,0.2313717007637024,0.9078757166862488,-3.0277347564697266,2.0313117504119873,-1.7058782577514648,636.01294,636.01294,259.0,259.0,518,518
261,0261.png,0.7331019639968872,-0.46500587463378906,0.49801841378211975,0.49847739934921265,0.8635494112968445,0.06974268704652786,-0.45958444476127625,0.19501741230487823,0.865268886089325,-2.675624370574951,2.124908924102783,-1.8441554307937622,775.66797,770.65436,259.0,259.0,518,518
262,0262.png,0.6688086986541748,-0.5130408406257629,0.5401503443717957,0.5448375940322876,0.8303486108779907,0.11225208640098572,-0.5032333731651306,0.2172478586435318,0.8349723219871521,-3.129953384399414,1.9020483493804932,-1.7183432579040527,719.11145,719.11145,259.0,259.0,518,518
263,0263.png,0.654988706111908,-0.5235567092895508,0.5470350980758667,0.5506448149681091,0.8242350220680237,0.12776431441307068,-0.5148845911026001,0.21556083858013153,0.8282419443130493,-3.380789279937744,1.8368945121765137,-1.725809931755066,681.30347,681.30347,259.0,259.0,518,518
264,0264.png,0.8495573401451111,-0.41099944710731506,0.33133649826049805,0.42867669463157654,0.9029685258865356,0.018306326121091843,-0.30361106991767883,0.12371987849473953,0.9444894194602966,-2.8699727058410645,2.2306344509124756,-2.180532932281494,737.1246,737.1246,259.0,259.0,518,518
265,0265.png,0.5879321098327637,-0.655452311038971,0.4765808880329132,0.6799778938293457,0.717545747756958,0.14676202833652496,-0.4353380501270294,0.23550058901309967,0.8677485585212708,-3.720740795135498,1.1397030353546143,-1.5802055597305298,775.66797,775.66797,259.0,259.0,518,518
266,0266.png,0.7644418478012085,-0.5289441347122192,0.36950504779815674,0.553276777267456,0.8313440084457397,0.04180212691426277,-0.32621872425079346,0.16988728940486908,0.9293065071105957,-2.982720136642456,1.9901087284088135,-2.0176076889038086,728.01917,728.01917,259.0,259.0,518,518
267,0267.png,0.767282247543335,-0.5062589645385742,0.3948347866535187,0.5251280665397644,0.8481448292732239,0.06309754401445389,-0.3642570674419403,0.15672488510608673,0.9171321392059326,-2.8941338062286377,2.0317423343658447,-2.006495952606201,755.9567,755.9567,259.0,259.0,518,518
268,0268.png,0.846680760383606,-0.4198954403400421,0.3274990916252136,0.43451276421546936,0.8999119400978088,0.027860980480909348,-0.3033284544944763,0.1159210056066513,0.9455941915512085,-2.8831992149353027,2.556063652038574,-2.5527687072753906,643.19446,646.8377,259.0,259.0,518,518
269,0269.png,0.8339146375656128,-0.4140484631061554,0.3659498393535614,0.4207497835159302,0.904646635055542,0.06278357654809952,-0.35392457246780396,0.09909933805465698,0.9296492338180542,-3.0168824195861816,2.5267913341522217,-2.617018222808838,650.51666,654.232,259.0,259.0,518,518
270,0270.png,0.996896505355835,-0.06424960494041443,-0.006365656852722168,0.06312507390975952,0.9981052875518799,0.019133269786834717,0.007767856121063232,-0.023505136370658875,1.0013138055801392,-0.8099013566970825,2.8173882961273193,-3.11542010307312,654.232,654.232,259.0,259.0,518,518
271,0271.png,0.9965738654136658,0.005599185824394226,-0.06827691197395325,-0.004203788936138153,1.000016450881958,0.008186832070350647,0.06895983219146729,-0.010020993649959564,0.9983863830566406,-0.37413352727890015,2.9096808433532715,-3.108738422393799,639.5864,639.5864,259.0,259.0,518,518
272,0272.png,0.9977361559867859,-0.022123169153928757,-0.02451828122138977,0.024715058505535126,0.9981939792633057,0.039503276348114014,0.027195513248443604,-0.04240207374095917,1.0006119012832642,-0.6178840398788452,2.775003671646118,-3.1988282203674316,650.51666,654.232,259.0,259.0,518,518
273,0273.png,0.9970837831497192,0.02015145868062973,-0.05691024661064148,-0.018991176038980484,0.9994707107543945,0.004369631409645081,0.06000801920890808,-0.007223352789878845,0.9994400143623352,-0.3911687731742859,2.9274370670318604,-3.0916237831115723,625.4953,628.9679,259.0,259.0,518,518
274,0274.png,0.9968496561050415,-0.005818895995616913,-0.04876229166984558,0.008109983056783676,0.9977391958236694,0.0629885345697403,0.04987287521362305,-0.06618855893611908,0.9977187514305115,-0.4968888759613037,2.7125115394592285,-3.2622406482696533,639.5864,639.5864,259.0,259.0,518,518
275,0275.png,0.8492222428321838,-0.41013091802597046,0.333290159702301,0.42820119857788086,0.9032059907913208,0.01776553876698017,-0.30521395802497864,0.12486652284860611,0.9438121914863586,-2.7456846237182617,2.231261968612671,-2.1694021224975586,625.4953,618.64734,259.0,259.0,518,518
276,0276.png,0.8511053323745728,-0.4087277054786682,0.33014845848083496,0.425894170999527,0.9042716026306152,0.018947027623653412,-0.3031941056251526,0.12171689420938492,0.9448913335800171,-2.728414535522461,2.323068380355835,-2.266535520553589,628.9679,628.9679,259.0,259.0,518,518
277,0277.png,0.8471325635910034,-0.4131263792514801,0.33493655920028687,0.4353893995285034,0.8999315500259399,0.006056315265595913,-0.3008158206939697,0.1379164755344391,0.9433831572532654,-2.758556365966797,2.450659990310669,-2.3242721557617188,611.9261,611.9261,259.0,259.0,518,518
278,0278.png,0.8445828557014465,-0.41677138209342957,0.33689257502555847,0.4384564757347107,0.8984050750732422,0.009456299245357513,-0.30355075001716614,0.13693483173847198,0.9426423907279968,-2.773364305496216,2.528454542160034,-2.419462203979492,615.2711,618.64734,259.0,259.0,518,518
279,0279.png,0.8459265232086182,-0.42208558320999146,0.32662585377693176,0.4384491741657257,0.8981567025184631,0.022507166489958763,-0.2997628152370453,0.12140027433633804,0.9460397362709045,-2.751230239868164,2.5731916427612305,-2.550198793411255,632.4736,636.01294,259.0,259.0,518,518
280,0280.png,0.8516002297401428,-0.41230863332748413,0.32429859042167664,0.4217028319835663,0.9054498672485352,0.04148922860622406,-0.3076283931732178,0.09867206960916519,0.9462001919746399,-2.7144956588745117,2.7132585048675537,-2.7533485889434814,628.9679,632.4736,259.0,259.0,518,518
281,0281.png,0.994709849357605,-0.08055521547794342,-0.004179269075393677,0.08091827481985092,0.9953588247299194,-0.042346734553575516,0.010641366243362427,0.0398213267326355,0.9996915459632874,-0.7486286163330078,2.9717605113983154,-2.9113986492156982,628.9679,625.4953,259.0,259.0,518,518
282,0282.png,0.9867695569992065,-0.14965814352035522,0.03041556477546692,0.1473464071750641,0.9865550994873047,0.06383131444454193,-0.037988319993019104,-0.060176245868206024,0.998312771320343,-1.0350966453552246,2.547182083129883,-3.191312313079834,646.8377,646.8377,259.0,259.0,518,518
283,0283.png,0.995669960975647,-0.017172493040561676,-0.07507997751235962,0.020213402807712555,0.998211145401001,0.030118130147457123,0.07722088694572449,-0.03423888236284256,0.9977647662162781,-0.32116714119911194,2.759974241256714,-3.1891846656799316,611.9261,608.6117,259.0,259.0,518,518
284,0284.png,0.9977506399154663,-0.025708500295877457,-0.05141827464103699,0.025226593017578125,0.9998850226402283,-0.0020892396569252014,0.052101075649261475,-0.0020280182361602783,0.9997939467430115,-0.44351664185523987,2.8778514862060547,-3.062473773956299,608.6117,605.3277,259.0,259.0,518,518
285,0285.png,0.9932544827461243,-0.018518969416618347,-0.09661877155303955,0.020908918231725693,0.998607873916626,0.03788825869560242,0.09770306944847107,-0.042335547506809235,0.99552321434021,-0.22714251279830933,2.7277579307556152,-3.1966471672058105,615.2711,615.2711,259.0,259.0,518,518
286,0286.png,0.8526970148086548,-0.417740136384964,0.31418463587760925,0.43131759762763977,0.9015249013900757,0.025443052873015404,-0.2907657027244568,0.11103890091180801,0.9501768946647644,-2.527092218399048,2.1752243041992188,-2.260500431060791,565.20245,565.20245,259.0,259.0,518,518
287,0287.png,0.8496309518814087,-0.41063594818115234,0.3316011130809784,0.4259820282459259,0.9040569067001343,0.025575052946805954,-0.30719271302223206,0.11676031351089478,0.944225549697876,-2.572160243988037,2.2997584342956543,-2.2710611820220947,605.3277,602.0735,259.0,259.0,518,518
288,0288.png,0.8483054041862488,-0.41117024421691895,0.334360808134079,0.42716288566589355,0.9035226702690125,0.024768119677901268,-0.3091784119606018,0.11903389543294907,0.9432787895202637,-2.5846128463745117,2.41776442527771,-2.3748929500579834,602.0735,602.0735,259.0,259.0,518,518
289,0289.png,0.8479301929473877,-0.41172486543655396,0.3346351683139801,0.42599114775657654,0.9039021730422974,0.030221374705433846,-0.3118421137332916,0.11415605247020721,0.9430100917816162,-2.587320327758789,2.516700267791748,-2.486881971359253,611.9261,608.6117,259.0,259.0,518,518
290,0290.png,0.8502025604248047,-0.41079914569854736,0.3299069106578827,0.42143183946609497,0.9056780338287354,0.03930295258760452,-0.311832070350647,0.10285447537899017,0.9443482160568237,-2.563739538192749,2.6052346229553223,-2.6402852535247803,608.6117,611.9261,259.0,259.0,518,518
291,0291.png,0.8505817651748657,-0.402961403131485,0.33857613801956177,0.4145287275314331,0.9089170694351196,0.03805529698729515,-0.31993547081947327,0.10526064038276672,0.9413301944732666,-2.5791003704071045,2.736219644546509,-2.7285118103027344,608.6117,611.9261,259.0,259.0,518,518
292,0292.png,0.9708147048950195,-0.21372298896312714,0.09860129654407501,0.20945408940315247,0.9759573936462402,0.05392054095864296,-0.10474136471748352,-0.034212738275527954,0.9946478605270386,-1.282501220703125,2.4115803241729736,-3.1019668579101562,636.01294,639.5864,259.0,259.0,518,518
293,0293.png,0.9710001945495605,-0.21448643505573273,0.09845717251300812,0.21063286066055298,0.9763838052749634,0.04461026191711426,-0.10339584946632385,-0.024935685098171234,0.9950854182243347,-1.2883723974227905,2.458976984024048,-3.079925298690796,625.4953,625.4953,259.0,259.0,518,518
294,0294.png,0.9873358607292175,-0.14847369492053986,0.02542024850845337,0.14826510846614838,0.9885783791542053,0.0023602694272994995,-0.022314876317977905,-0.0014520660042762756,1.0005766153335571,-0.8682313561439514,2.676617383956909,-3.0639379024505615,611.9261,611.9261,259.0,259.0,518,518
295,0295.png,0.9717429876327515,-0.21365241706371307,0.09236814081668854,0.21092985570430756,0.9767565727233887,0.034721292555332184,-0.09577880799770355,-0.016971953213214874,0.9962507486343384,-1.2701900005340576,2.5240509510040283,-3.0506479740142822,598.8487,598.8487,259.0,259.0,518,518
296,0296.png,0.9804776310920715,-0.18447504937648773,0.045931071043014526,0.1805647760629654,0.9808824062347412,0.06895830482244492,-0.05552029609680176,-0.06215623766183853,0.9973706603050232,-0.9919517040252686,2.4053382873535156,-3.2287471294403076,611.9261,611.9261,259.0,259.0,518,518
297,0297.png,0.8470882773399353,-0.4132517874240875,0.334894061088562,0.43136096000671387,0.9016745686531067,0.018906522542238235,-0.30667418241500854,0.12566228210926056,0.943225085735321,-2.400359630584717,2.164297580718994,-2.1648173332214355,568.1298,565.20245,259.0,259.0,518,518
298,0298.png,0.8464516997337341,-0.409720242023468,0.34085938334465027,0.4280981123447418,0.903205156326294,0.019990313798189163,-0.31294119358062744,0.12622393667697906,0.9410642385482788,-2.414080858230591,2.3007400035858154,-2.248357057571411,583.15155,583.15155,259.0,259.0,518,518
299,0299.png,0.8465042114257812,-0.408764123916626,0.3418866693973541,0.4269111752510071,0.9037445783615112,0.020935580134391785,-0.3144133687019348,0.12546291947364807,0.9406721591949463,-2.4159224033355713,2.4360053539276123,-2.354557752609253,595.6529,595.6529,259.0,259.0,518,518
300,0300.png,0.8465440273284912,-0.40971723198890686,0.34063056111335754,0.42554187774658203,0.9042041301727295,0.027530629187822342,-0.31616294384002686,0.11887192726135254,0.9409558176994324,-2.415508270263672,2.5476574897766113,-2.4805307388305664,608.6117,611.9261,259.0,259.0,518,518
301,0301.png,0.8571243286132812,-0.39714130759239197,0.32865455746650696,0.40886861085891724,0.9116970896720886,0.0326228067278862,-0.30945706367492676,0.10363326966762543,0.9450502991676331,-2.3306655883789062,2.6874659061431885,-2.6927125453948975,598.8487,602.0735,259.0,259.0,518,518
302,0302.png,0.8673262596130371,-0.38564759492874146,0.31507980823516846,0.4027644991874695,0.9149981737136841,0.008119978941977024,-0.28835806250572205,0.11710087209939957,0.9501733183860779,-2.2448980808258057,2.9381375312805176,-2.796555280685425,602.0735,605.3277,259.0,259.0,518,518
303,0303.png,0.9678726196289062,-0.21923242509365082,0.11872804164886475,0.21472793817520142,0.9745354056358337,0.05666657164692879,-0.12517863512039185,-0.03208565711975098,0.9923835396766663,-1.3370327949523926,2.3901877403259277,-3.1045517921447754,628.9679,628.9679,259.0,259.0,518,518
304,0304.png,0.9703613519668579,-0.22529040277004242,0.07368192076683044,0.2230754941701889,0.9731298685073853,0.04992905259132385,-0.0792965441942215,-0.03488144278526306,0.9973708987236023,-1.095324993133545,2.4036078453063965,-3.355912446975708,622.05524,618.64734,259.0,259.0,518,518
305,0305.png,0.9535683393478394,-0.26958316564559937,0.12938730418682098,0.2711906135082245,0.9621931910514832,0.007519261911511421,-0.12440626323223114,0.025366537272930145,0.9924731254577637,-1.3633861541748047,2.5378451347351074,-3.1605305671691895,625.4953,625.4953,259.0,259.0,518,518
306,0306.png,0.9733343124389648,-0.2116427719593048,0.08088915050029755,0.21114976704120636,0.9772451519966125,0.014406409114599228,-0.08009801805019379,0.0002210959792137146,0.9976766109466553,-1.1080338954925537,2.5601511001586914,-3.2369089126586914,611.9261,611.9261,259.0,259.0,518,518
307,0307.png,0.9751724004745483,-0.2032642364501953,0.07622578740119934,0.2040223479270935,0.9788706302642822,-0.004747021943330765,-0.07043717801570892,0.01714140921831131,0.9981715083122253,-1.0469263792037964,2.6230950355529785,-3.1923441886901855,622.05524,622.05524,259.0,259.0,518,518
308,0308.png,0.8409818410873413,-0.41409191489219666,0.3491396903991699,0.43332192301750183,0.9006615877151489,0.021874750033020973,-0.32046324014663696,0.1300913244485855,0.9379610419273376,-2.250505208969116,2.115232467651367,-2.0724873542785645,595.6529,595.6529,259.0,259.0,518,518
309,0309.png,0.8440700769424438,-0.41074371337890625,0.3455676734447479,0.42634353041648865,0.9037296175956726,0.03040429577231407,-0.32166579365730286,0.11888303607702255,0.939067006111145,-2.2306697368621826,2.2381603717803955,-2.2274398803710938,608.6117,608.6117,259.0,259.0,518,518
310,0310.png,0.8430102467536926,-0.409030020236969,0.3502119481563568,0.42639949917793274,0.9038246273994446,0.02673887461423874,-0.3243427574634552,0.12401927262544632,0.9374544620513916,-2.2432284355163574,2.4011192321777344,-2.3400938510894775,611.9261,615.2711,259.0,259.0,518,518
311,0311.png,0.8445515036582947,-0.4016569256782532,0.35503849387168884,0.41965487599372864,0.907019317150116,0.025410829111933708,-0.3291036784648895,0.12476984411478043,0.9356738924980164,-2.239819049835205,2.563246250152588,-2.453446865081787,628.9679,628.9679,259.0,259.0,518,518
312,0312.png,0.848278284072876,-0.39965566992759705,0.3482535183429718,0.4089531898498535,0.9110092520713806,0.046989504247903824,-0.33287298679351807,0.09986121207475662,0.937390923500061,-2.2103004455566406,2.6301002502441406,-2.6447560787200928,654.232,657.9841,259.0,259.0,518,518
313,0313.png,0.8829019069671631,-0.36291569471359253,0.29800716042518616,0.3663361668586731,0.9291740655899048,0.04322342574596405,-0.28960010409355164,0.06806445121765137,0.9547054171562195,-1.8801754713058472,2.8311703205108643,-2.8560807704925537,714.7298,719.11145,259.0,259.0,518,518
314,0314.png,0.9342043995857239,-0.2942156493663788,0.19996829330921173,0.2845699191093445,0.9552801847457886,0.07517510652542114,-0.21068012714385986,-0.01623518019914627,0.9778417944908142,-1.723224401473999,2.2251975536346436,-3.1980087757110596,615.2711,611.9261,259.0,259.0,518,518
315,0315.png,0.9457855224609375,-0.2751343250274658,0.1694800704717636,0.2709497809410095,0.9611664414405823,0.04644228518009186,-0.17227892577648163,-0.0008603408932685852,0.9857491254806519,-1.5520076751708984,2.368415117263794,-3.20650577545166,615.2711,618.64734,259.0,259.0,518,518
316,0316.png,0.9018274545669556,-0.32554978132247925,0.28394749760627747,0.3083677887916565,0.9454091787338257,0.1021442860364914,-0.2986099421977997,-0.007338948547840118,0.9545454382896423,-1.706045389175415,2.4890503883361816,-3.303974151611328,632.4736,632.4736,259.0,259.0,518,518
317,0317.png,0.9150235056877136,-0.30319029092788696,0.265633225440979,0.2970525026321411,0.9526925683021545,0.060234036296606064,-0.26842811703681946,0.021188177168369293,0.963250458240509,-1.5594472885131836,2.667753219604492,-3.200549602508545,632.4736,632.4736,259.0,259.0,518,518
318,0318.png,0.8940193057060242,-0.3292587697505951,0.30392780900001526,0.3210032284259796,0.9436638951301575,0.07625509798526764,-0.3088238537311554,0.026640109717845917,0.9507649540901184,-1.7688236236572266,2.575688600540161,-3.1986093521118164,646.8377,646.8377,259.0,259.0,518,518
319,0319.png,0.8083141446113586,-0.4241551160812378,0.4097854495048523,0.49438226222991943,0.8649505972862244,-0.08388413488864899,-0.31601980328559875,0.2670588791370392,0.9095472693443298,-2.367898464202881,2.532550096511841,-1.7501845359802246,577.06445,577.06445,259.0,259.0,518,518
320,0320.png,0.8111284375190735,-0.4200455844402313,0.40838444232940674,0.48337322473526,0.872672438621521,-0.0659848153591156,-0.3256376385688782,0.2479574978351593,0.91154944896698,-2.355015754699707,2.6282472610473633,-1.9125285148620605,589.3467,589.3467,259.0,259.0,518,518
321,0321.png,0.8095754384994507,-0.4236469268798828,0.4077686369419098,0.48133915662765503,0.8747968673706055,-0.049837589263916016,-0.33213144540786743,0.23429295420646667,0.9129862785339355,-2.362711191177368,2.7123401165008545,-2.0622048377990723,602.0735,598.8487,259.0,259.0,518,518
322,0322.png,0.8077380657196045,-0.421525776386261,0.4136354327201843,0.4753924608230591,0.8787172436714172,-0.03643692284822464,-0.34488099813461304,0.22370541095733643,0.9108723402023315,-2.381749391555786,2.810007095336914,-2.2097699642181396,611.9261,608.6117,259.0,259.0,518,518
323,0323.png,0.815263569355011,-0.40935415029525757,0.41104239225387573,0.4433003067970276,0.8959943652153015,0.010763902217149734,-0.36953312158584595,0.17080944776535034,0.9127393364906311,-2.3260953426361084,2.7825658321380615,-2.4703896045684814,654.232,650.51666,259.0,259.0,518,518
324,0324.png,0.8179276585578918,-0.40502461791038513,0.41000986099243164,0.4256540536880493,0.9036073684692383,0.041255883872509,-0.3841473460197449,0.1381707489490509,0.9122769236564636,-2.3065261840820312,2.8018598556518555,-2.632903575897217,693.51044,693.51044,259.0,259.0,518,518
325,0325.png,0.8230646848678589,-0.38697975873947144,0.4171459972858429,0.4156937897205353,0.9089695811271667,0.020640449598431587,-0.38385412096977234,0.15374213457107544,0.909837543964386,-2.292848587036133,3.02876877784729,-2.717142105102539,693.51044,693.51044,259.0,259.0,518,518
326,0326.png,0.876741349697113,-0.34190046787261963,0.3388480842113495,0.333572119474411,0.9387301802635193,0.08272748440504074,-0.3431934118270874,0.037935785949230194,0.9383661150932312,-1.9451351165771484,2.5379037857055664,-3.1525840759277344,643.19446,643.19446,259.0,259.0,518,518
327,0327.png,0.9152233004570007,-0.2991272211074829,0.2694292962551117,0.2917231321334839,0.9538885354995728,0.06632784008979797,-0.2740893065929413,0.014973968267440796,0.9617825150489807,-1.5300462245941162,2.6358628273010254,-3.2961127758026123,643.19446,646.8377,259.0,259.0,518,518
328,0328.png,0.963491678237915,-0.2335054725408554,0.12650758028030396,0.23605351150035858,0.9715228080749512,-0.013484595343470573,-0.11739151179790497,0.040353693068027496,0.9929930567741394,-0.7711594700813293,3.084512233734131,-3.1429362297058105,677.3178,681.30347,259.0,259.0,518,518
329,0329.png,0.9508345127105713,-0.2476722002029419,0.1822586953639984,0.252106249332428,0.9674543738365173,-0.006022119894623756,-0.17199112474918365,0.04896576702594757,0.9842497110366821,-0.9973292946815491,3.0553646087646484,-3.1136929988861084,677.3178,681.30347,259.0,259.0,518,518
330,0330.png,0.7798277735710144,-0.4245920181274414,0.46178731322288513,0.507429838180542,0.8584944009780884,-0.07032103091478348,-0.36383703351020813,0.28659069538116455,0.8852565288543701,-2.374119758605957,2.4736063480377197,-1.587205410003662,595.6529,598.8487,259.0,259.0,518,518
331,0331.png,0.7904614806175232,-0.4210732579231262,0.44650980830192566,0.4959443211555481,0.86558997631073,-0.06466636061668396,-0.3560401201248169,0.2708122134208679,0.8934546113014221,-2.3082027435302734,2.6165785789489746,-1.7675132751464844,615.2711,618.64734,259.0,259.0,518,518
332,0332.png,0.7941966652870178,-0.42369088530540466,0.4372473657131195,0.4912049174308777,0.8691526651382446,-0.05293180048465729,-0.3546343743801117,0.25438258051872253,0.8988804221153259,-2.282954692840576,2.7286152839660645,-1.9579174518585205,611.9261,615.2711,259.0,259.0,518,518
333,0333.png,0.7984920144081116,-0.40744316577911377,0.4448324739933014,0.4788665473461151,0.8755737543106079,-0.06074250489473343,-0.36183956265449524,0.2585054934024811,0.894759476184845,-2.2652359008789062,2.922873020172119,-2.0990688800811768,615.2711,618.64734,259.0,259.0,518,518
334,0334.png,0.7955352663993835,-0.4100426435470581,0.44778162240982056,0.4706293046474457,0.8814741373062134,-0.031687792390584946,-0.3783855140209198,0.23362505435943604,0.8948315978050232,-2.2980260848999023,2.9571800231933594,-2.3004627227783203,636.01294,639.5864,259.0,259.0,518,518
335,0335.png,0.8028753995895386,-0.3874744176864624,0.4547233581542969,0.4245181679725647,0.9049095511436462,0.019223211333155632,-0.41566696763038635,0.17500564455986023,0.8916727900505066,-2.257132053375244,2.897836685180664,-2.5208325386047363,697.66486,701.86334,259.0,259.0,518,518
336,0336.png,0.8106980323791504,-0.3711216449737549,0.4544360339641571,0.4152875244617462,0.9094247221946716,-0.00048300251364707947,-0.41008517146110535,0.186519056558609,0.8919174671173096,-2.2095162868499756,3.1141345500946045,-2.6087169647216797,710.39496,710.39496,259.0,259.0,518,518
337,0337.png,0.952216625213623,-0.23928947746753693,0.18694709241390228,0.24703983962535858,0.9686207175254822,-0.020201994106173515,-0.17314592003822327,0.06274653226137161,0.9832608103752136,-0.9721236228942871,3.104418992996216,-3.0630509853363037,669.46716,673.37256,259.0,259.0,518,518
338,0338.png,0.9552203416824341,-0.23510873317718506,0.17609047889709473,0.24234852194786072,0.9697672128677368,-0.025803325697779655,-0.16264252364635468,0.06465265154838562,0.9848949313163757,-0.9319725632667542,3.133065700531006,-3.0456483364105225,693.51044,693.51044,259.0,259.0,518,518
339,0339.png,0.956891655921936,-0.23921918869018555,0.16041183471679688,0.24500082433223724,0.9690935015678406,-0.017884477972984314,-0.14832603931427002,0.053566329181194305,0.9880852103233337,-0.8862069845199585,3.099222183227539,-3.087195873260498,677.3178,681.30347,259.0,259.0,518,518
340,0340.png,0.9582840800285339,-0.1879216432571411,0.21373559534549713,0.19473344087600708,0.9805930256843567,-0.01049754023551941,-0.2043842226266861,0.04852418601512909,0.978219747543335,-0.6497923135757446,3.1778833866119385,-3.1803293228149414,685.3304,689.3991,259.0,259.0,518,518
341,0341.png,0.8062857985496521,-0.3637869954109192,0.4681224226951599,0.4175739884376526,0.9082637429237366,-0.0157956313341856,-0.4163844585418701,0.20556257665157318,0.8847029209136963,-2.060502529144287,2.2989466190338135,-1.836289882659912,618.64734,618.64734,259.0,259.0,518,518
342,0342.png,0.8100506663322449,-0.3596007227897644,0.464804470539093,0.4144078493118286,0.9096185564994812,-0.02090172842144966,-0.4121725857257843,0.2070564180612564,0.8863371014595032,-2.024834632873535,2.4590718746185303,-1.932266354560852,628.9679,628.9679,259.0,259.0,518,518
343,0343.png,0.8070577383041382,-0.35984891653060913,0.46983468532562256,0.4150121808052063,0.9093849658966064,-0.018929623067378998,-0.41755858063697815,0.20764265954494476,0.8836523294448853,-2.050764799118042,2.6045103073120117,-2.104128837585449,611.9261,608.6117,259.0,259.0,518,518
344,0344.png,0.8046857714653015,-0.35374608635902405,0.47852471470832825,0.41167616844177246,0.9108508825302124,-0.021329857409000397,-0.42527443170547485,0.21170900762081146,0.8789567351341248,-2.0711545944213867,2.7618250846862793,-2.2169761657714844,611.9261,608.6117,259.0,259.0,518,518
345,0345.png,0.7927054166793823,-0.35831907391548157,0.4949966371059418,0.42404717206954956,0.9050266742706299,-0.02639566734433174,-0.43546369671821594,0.22816899418830872,0.8697082996368408,-2.165478467941284,2.9413156509399414,-2.2866663932800293,622.05524,618.64734,259.0,259.0,518,518
346,0346.png,0.793164849281311,-0.3540728986263275,0.4973224997520447,0.4150190055370331,0.9094201922416687,-0.016735924407839775,-0.44322168827056885,0.2171017825603485,0.8686224222183228,-2.1677446365356445,3.0546557903289795,-2.3865408897399902,665.601,665.601,259.0,259.0,518,518
347,0347.png,0.8135091662406921,-0.328431636095047,0.4816058576107025,0.39642134308815,0.916679322719574,-0.047259800136089325,-0.42318642139434814,0.22670042514801025,0.8761840462684631,-2.014469623565674,3.3128252029418945,-2.4416942596435547,693.51044,697.66486,259.0,259.0,518,518
348,0348.png,0.8368803858757019,-0.30480343103408813,0.45613813400268555,0.34661558270454407,0.9377104640007019,-0.011611610651016235,-0.421199232339859,0.16519145667552948,0.8909662365913391,-1.8378312587738037,3.2138781547546387,-2.6674084663391113,714.7298,719.11145,259.0,259.0,518,518
349,0349.png,0.8519070744514465,-0.21721285581588745,0.47775548696517944,0.24541370570659637,0.9690954685211182,0.0013849958777427673,-0.460129976272583,0.11377353221178055,0.8796716332435608,-1.6634851694107056,3.2159974575042725,-2.843494415283203,785.8734,791.06744,259.0,259.0,518,518
350,0350.png,0.9180817604064941,-0.14231543242931366,0.37076008319854736,0.1542331725358963,0.9878379106521606,-0.002762608230113983,-0.36298805475234985,0.05714516341686249,0.9297422170639038,-0.937848687171936,3.2415122985839844,-3.137568235397339,801.6435,812.47845,259.0,259.0,518,518
351,0351.png,0.9454955458641052,-0.19339591264724731,0.26168525218963623,0.20313642919063568,0.9789795875549316,-0.01309376209974289,-0.25143715739250183,0.06273707747459412,0.9658597707748413,-0.80518639087677,3.1846792697906494,-3.1089982986450195,685.3304,689.3991,259.0,259.0,518,518
352,0352.png,0.7485082745552063,-0.3620065450668335,0.5577261447906494,0.4400029480457306,0.8976659178733826,-0.009894698858261108,-0.4937373399734497,0.25004827976226807,0.8314162492752075,-2.4355294704437256,2.2311012744903564,-1.5268614292144775,605.3277,602.0735,259.0,259.0,518,518
353,0353.png,0.7451387643814087,-0.35956010222435,0.5637513995170593,0.4496203660964966,0.8925334215164185,-0.027063410729169846,-0.49052876234054565,0.2708897888660431,0.8267657160758972,-2.4610650539398193,2.433690309524536,-1.569159984588623,622.05524,615.2711,259.0,259.0,518,518
354,0354.png,0.7460933923721313,-0.3600011169910431,0.5622053742408752,0.4378977417945862,0.8986990451812744,-0.007510431110858917,-0.49974220991134644,0.24935093522071838,0.828075110912323,-2.462249994277954,2.5143837928771973,-1.8072423934936523,598.8487,592.4857,259.0,259.0,518,518
355,0355.png,0.7419435381889343,-0.36650651693344116,0.5635848045349121,0.44123750925064087,0.8970673084259033,-0.00033323466777801514,-0.5026595592498779,0.24634549021720886,0.8271956443786621,-2.485856533050537,2.631045341491699,-1.95232355594635,595.6529,589.3467,259.0,259.0,518,518
356,0356.png,0.7484697699546814,-0.35728755593299866,0.5606943964958191,0.4304018020629883,0.9023539423942566,-0.0008031539618968964,-0.5027768611907959,0.23955798149108887,0.8291568756103516,-2.4425482749938965,2.7996606826782227,-2.1234018802642822,598.8487,595.6529,259.0,259.0,518,518
357,0357.png,0.7493352890014648,-0.3628312349319458,0.5560494661331177,0.44568946957588196,0.894683301448822,-0.019242417067289352,-0.4871291518211365,0.2598530054092407,0.8323047161102295,-2.430366039276123,3.035693407058716,-2.165466547012329,622.05524,618.64734,259.0,259.0,518,518
358,0358.png,0.741356611251831,-0.3437631130218506,0.5783445239067078,0.4578064978122711,0.8865754008293152,-0.06291642785072327,-0.4888346195220947,0.30891501903533936,0.8142145872116089,-2.4778246879577637,3.346449613571167,-2.060110569000244,650.51666,646.8377,259.0,259.0,518,518
359,0359.png,0.7986544370651245,-0.2890644073486328,0.5296135544776917,0.3542553186416626,0.9345753192901611,-0.026412103325128555,-0.4843280017375946,0.20614881813526154,0.8490127325057983,-1.9885687828063965,3.278339147567749,-2.4817283153533936,741.75354,746.43463,259.0,259.0,518,518
360,0360.png,0.8028663992881775,-0.2988143861293793,0.5176374316215515,0.35096561908721924,0.9361317157745361,-0.00611268263310194,-0.47972550988197327,0.18400776386260986,0.8567713499069214,-1.9464563131332397,3.3222603797912598,-2.6790812015533447,765.6986,770.65436,259.0,259.0,518,518
361,0361.png,0.8192991614341736,-0.30823463201522827,0.48511478304862976,0.3481445908546448,0.9371688365936279,0.005365123972296715,-0.4531518518924713,0.16189590096473694,0.875656008720398,-1.7905490398406982,3.4123220443725586,-2.8938241004943848,807.0281,812.47845,259.0,259.0,518,518
362,0362.png,0.9080603122711182,-0.1943707913160324,0.37113285064697266,0.26318731904029846,0.9531629085540771,-0.14956071972846985,-0.32157930731773376,0.2306404709815979,0.9176884293556213,-0.7633851766586304,4.1054887771606445,-3.0123844146728516,697.66486,697.66486,259.0,259.0,518,518
363,0363.png,0.765065610408783,-0.355364054441452,0.539026141166687,0.4194401204586029,0.9075096249580383,0.00141122005879879,-0.4867360591888428,0.222626730799675,0.8434081673622131,-2.1385464668273926,2.198828935623169,-1.5989060401916504,608.6117,608.6117,259.0,259.0,518,518
364,0364.png,0.843734622001648,-0.2695018947124481,0.4656144678592682,0.3121504485607147,0.9496507048606873,-0.01844417117536068,-0.4341188371181488,0.1582609862089157,0.8859930038452148,-1.4822828769683838,2.4016642570495605,-1.9176685810089111,632.4736,636.01294,259.0,259.0,518,518
365,0365.png,0.8274798393249512,-0.2936784327030182,0.48014888167381287,0.3496195375919342,0.9361456632614136,-0.03243197500705719,-0.4371465742588043,0.19204919040203094,0.8776657581329346,-1.599790334701538,2.5949864387512207,-2.0116164684295654,602.0735,602.0735,259.0,259.0,518,518
366,0366.png,0.802055299282074,-0.30530768632888794,0.5150936245918274,0.36672160029411316,0.9298540949821472,-0.022154739126563072,-0.4691711962223053,0.2041037380695343,0.8580413460731506,-1.7847607135772705,2.6972157955169678,-2.0895347595214844,580.09467,583.15155,259.0,259.0,518,518
367,0367.png,0.8182263970375061,-0.29926449060440063,0.4925135672092438,0.3517020046710968,0.9357242584228516,-0.018002908676862717,-0.45242196321487427,0.1853105127811432,0.871317446231842,-1.6571789979934692,2.8293676376342773,-2.2797152996063232,595.6529,598.8487,259.0,259.0,518,518
368,0368.png,0.8178938031196594,-0.32050278782844543,0.47945401072502136,0.3727269470691681,0.9275406002998352,-0.01811288855969906,-0.4358079731464386,0.19076958298683167,0.8786271214485168,-1.6602400541305542,2.971067190170288,-2.4334704875946045,580.09467,580.09467,259.0,259.0,518,518
369,0369.png,0.7820127010345459,-0.31299254298210144,0.5408831238746643,0.3933732509613037,0.9183325171470642,-0.03962327167391777,-0.48127323389053345,0.2410932183265686,0.8414233326911926,-1.9300509691238403,3.207322359085083,-2.3062057495117188,615.2711,618.64734,259.0,259.0,518,518
370,0370.png,0.7946304678916931,-0.30301418900489807,0.5278957486152649,0.3691527545452118,0.9288275241851807,-0.024832628667354584,-0.47976890206336975,0.21194668114185333,0.8501781225204468,-1.8179640769958496,3.2732183933258057,-2.52697491645813,643.19446,643.19446,259.0,259.0,518,518
371,0371.png,0.8002312779426575,-0.3092816472053528,0.5155724883079529,0.362386554479599,0.9317690134048462,-0.0056422376073896885,-0.4756213426589966,0.18879878520965576,0.8580169677734375,-1.774054765701294,3.328829765319824,-2.722565174102783,669.46716,677.3178,259.0,259.0,518,518
372,0372.png,0.8047963380813599,-0.3148238956928253,0.504928469657898,0.3669188618659973,0.9299849271774292,-0.007116249762475491,-0.4643430709838867,0.18837930262088776,0.8643069267272949,-1.733382225036621,3.4717953205108643,-2.8412106037139893,689.3991,697.66486,259.0,259.0,518,518
373,0373.png,0.7709611654281616,-0.3243906497955322,0.550045907497406,0.4151112735271454,0.9083281755447388,-0.04817197471857071,-0.4809519946575165,0.2624780237674713,0.8351015448570251,-2.003110647201538,3.8037893772125244,-2.7085466384887695,693.51044,697.66486,259.0,259.0,518,518
374,0374.png,0.8109389543533325,-0.28764352202415466,0.5112655162811279,0.32903140783309937,0.944038450717926,0.007085174322128296,-0.481694757938385,0.15981155633926392,0.8605818748474121,-1.543455719947815,2.204921007156372,-1.8085005283355713,598.8487,598.8487,259.0,259.0,518,518
375,0375.png,0.8089960813522339,-0.2926139533519745,0.5115374326705933,0.35046330094337463,0.9361323118209839,-0.020999498665332794,-0.46974173188209534,0.1936425119638443,0.8601799011230469,-1.5390064716339111,2.4169535636901855,-1.8018878698349,625.4953,625.4953,259.0,259.0,518,518
376,0376.png,0.7964560985565186,-0.3324611186981201,0.5069001913070679,0.39011716842651367,0.9204503893852234,-0.01151028648018837,-0.45979273319244385,0.20426131784915924,0.8630977869033813,-1.6252697706222534,2.576906442642212,-2.00272798538208,632.4736,636.01294,259.0,259.0,518,518
377,0377.png,0.7942081093788147,-0.32358086109161377,0.5161474943161011,0.3870859444141388,0.9215958118438721,-0.020176690071821213,-0.46615543961524963,0.21329852938652039,0.857430100440979,-1.6357779502868652,2.7311248779296875,-2.126352310180664,608.6117,611.9261,259.0,259.0,518,518
378,0378.png,0.8125896453857422,-0.3167959749698639,0.49090567231178284,0.37125325202941895,0.9281376004219055,-0.01782364770770073,-0.4469946622848511,0.19408079981803894,0.8722013831138611,-1.5068652629852295,2.854182004928589,-2.3295791149139404,598.8487,598.8487,259.0,259.0,518,518
379,0379.png,0.8116986155509949,-0.32544800639152527,0.48668891191482544,0.37645187973976135,0.9261353611946106,-0.010760165750980377,-0.444293737411499,0.18935483694076538,0.8746417164802551,-1.5147008895874023,2.963381767272949,-2.5078446865081787,577.06445,577.06445,259.0,259.0,518,518
380,0380.png,0.8012195825576782,-0.324120432138443,0.5047542452812195,0.38972121477127075,0.9202344417572021,-0.030026085674762726,-0.4517803490161896,0.21815332770347595,0.863916277885437,-1.5927562713623047,3.1908044815063477,-2.4955201148986816,615.2711,611.9261,259.0,259.0,518,518
381,0381.png,0.7965935468673706,-0.31129908561706543,0.520013153553009,0.3835194408893585,0.9225770235061646,-0.037559911608695984,-0.46508052945137024,0.22675549983978271,0.8545174598693848,-1.6270614862442017,3.3646039962768555,-2.569600820541382,643.19446,643.19446,259.0,259.0,518,518
382,0382.png,0.7985967993736267,-0.3092976212501526,0.518113374710083,0.38054919242858887,0.9238077402114868,-0.03746209293603897,-0.4639833867549896,0.2244948148727417,0.8557198643684387,-1.613241195678711,3.490708827972412,-2.666483163833618,677.3178,681.30347,259.0,259.0,518,518
383,0383.png,0.7984926104545593,-0.30540353059768677,0.5205895900726318,0.36610233783721924,0.9301794767379761,-0.01802152581512928,-0.4757000207901001,0.20235972106456757,0.8548337817192078,-1.6180953979492188,3.5127110481262207,-2.7869765758514404,737.1246,737.1246,259.0,259.0,518,518
384,0384.png,0.7898679971694946,-0.2960241734981537,0.5389662981033325,0.34383851289749146,0.9387147426605225,0.00970059260725975,-0.5056701898574829,0.175044447183609,0.8435507416725159,-1.6907858848571777,3.4835445880889893,-2.9566168785095215,807.0281,807.0281,259.0,259.0,518,518
385,0385.png,0.7900609970092773,-0.337503582239151,0.513594388961792,0.38384196162223816,0.9230039715766907,0.014324904419481754,-0.4758996367454529,0.18317875266075134,0.8590969443321228,-1.5144054889678955,2.2488760948181152,-1.877240777015686,605.3277,608.6117,259.0,259.0,518,518
386,0386.png,0.7856179475784302,-0.3356994092464447,0.5215935707092285,0.3934825658798218,0.9190687537193298,-0.0031729345209896564,-0.4753800332546234,0.20511451363563538,0.8543473482131958,-1.5254335403442383,2.423478603363037,-1.9031939506530762,605.3277,611.9261,259.0,259.0,518,518
387,0387.png,0.8009697794914246,-0.3219781219959259,0.5065282583236694,0.3881920576095581,0.9208588004112244,-0.030708186328411102,-0.4535670876502991,0.21859055757522583,0.8628588318824768,-1.4087367057800293,2.643782615661621,-1.978752851486206,615.2711,615.2711,259.0,259.0,518,518
388,0388.png,0.6877835988998413,-0.27544981241226196,0.6740462183952332,0.4880852997303009,0.8597629070281982,-0.14952516555786133,-0.53498375415802,0.4297420084476471,0.7253074049949646,-2.2881438732147217,3.323303699493408,-1.2010358572006226,632.4736,628.9679,259.0,259.0,518,518
389,0389.png,0.6842359900474548,-0.2805500328540802,0.6754564642906189,0.47671058773994446,0.8700903654098511,-0.12430653721094131,-0.5494703054428101,0.4042080044746399,0.728638231754303,-2.31139874458313,3.3734354972839355,-1.47451651096344,618.64734,615.2711,259.0,259.0,518,518
390,0390.png,0.6947993040084839,-0.27837228775024414,0.665472149848938,0.4713142514228821,0.872205913066864,-0.13012708723545074,-0.5414332151412964,0.40099644660949707,0.736463189125061,-2.2615973949432373,3.5506277084350586,-1.6518967151641846,611.9261,605.3277,259.0,259.0,518,518
391,0391.png,0.6674975156784058,-0.28519678115844727,0.6901177167892456,0.48787927627563477,0.864879846572876,-0.11681631952524185,-0.5601105093955994,0.4130368232727051,0.7158458828926086,-2.376721143722534,3.6945574283599854,-1.7266899347305298,615.2711,608.6117,259.0,259.0,518,518
392,0392.png,0.6782445907592773,-0.274880051612854,0.6837570667266846,0.48015379905700684,0.8674384355545044,-0.1302168071269989,-0.5539242029190063,0.4136647582054138,0.719860851764679,-2.2723183631896973,3.8577311038970947,-1.803487777709961,657.9841,654.232,259.0,259.0,518,518
393,0393.png,0.6819575428962708,-0.24382106959819794,0.6918883323669434,0.4326534867286682,0.8942919373512268,-0.11368428170681,-0.5882782936096191,0.3742688298225403,0.7143886089324951,-2.191187858581543,3.852191686630249,-1.9781293869018555,706.10645,706.10645,259.0,259.0,518,518
394,0394.png,0.7199774980545044,-0.23216570913791656,0.6560418605804443,0.37986329197883606,0.920211672782898,-0.09329180419445038,-0.5793849229812622,0.3145756721496582,0.7498553395271301,-1.973050594329834,3.812178611755371,-2.28971004486084,737.1246,737.1246,259.0,259.0,518,518
395,0395.png,0.7340781688690186,-0.25706520676612854,0.6307026743888855,0.3358597457408905,0.9416416883468628,-0.009140650741755962,-0.5882591009140015,0.21595735847949982,0.7774922847747803,-1.9346654415130615,3.5482969284057617,-2.717819929122925,817.99615,812.47845,259.0,259.0,518,518
396,0396.png,0.6525377035140991,-0.28144416213035583,0.7059787511825562,0.48878079652786255,0.865306556224823,-0.10922747105360031,-0.5771548748016357,0.4148787260055542,0.7010643482208252,-2.298412799835205,2.7814700603485107,-0.89481121301651,618.64734,618.64734,259.0,259.0,518,518
397,0397.png,0.6623613238334656,-0.29478922486305237,0.6910723447799683,0.5085135698318481,0.8513697385787964,-0.1268567442893982,-0.5480411648750305,0.4332195222377777,0.7127935886383057,-2.2650949954986572,2.966460704803467,-0.9670603275299072,622.05524,622.05524,259.0,259.0,518,518
398,0398.png,0.672837495803833,-0.29430291056632996,0.6809368133544922,0.5106477737426758,0.8481292128562927,-0.14007878303527832,-0.5334190726280212,0.43931350111961365,0.7203407883644104,-2.196533203125,3.1473336219787598,-1.045419454574585,632.4736,632.4736,259.0,259.0,518,518
399,0399.png,0.6653000712394714,-0.29722192883491516,0.6869530081748962,0.5118312835693359,0.8490365743637085,-0.12994259595870972,-0.5421140789985657,0.43612140417099,0.7159426808357239,-2.2175798416137695,3.2509922981262207,-1.1816823482513428,632.4736,628.9679,259.0,259.0,518,518
400,0400.png,0.6521580219268799,-0.27619612216949463,0.7083971500396729,0.4847727119922638,0.8674066066741943,-0.11049589514732361,-0.5809707045555115,0.414003849029541,0.6984146237373352,-2.292801856994629,3.1732053756713867,-1.2596356868743896,639.5864,643.19446,259.0,259.0,518,518
401,0401.png,0.6340581774711609,-0.2789444923400879,0.7236607670783997,0.4869951903820038,0.8680559992790222,-0.09427192062139511,-0.5987991690635681,0.41076400876045227,0.6850928664207458,-2.3726284503936768,3.21648907661438,-1.3443962335586548,625.4953,628.9679,259.0,259.0,518,518
402,0402.png,0.6191397309303284,-0.29133954644203186,0.7317079305648804,0.5115810036659241,0.8536471724510193,-0.095212422311306,-0.594052791595459,0.4319884479045868,0.6761150360107422,-2.441540241241455,3.3048198223114014,-1.3640456199645996,595.6529,598.8487,259.0,259.0,518,518
403,0403.png,0.639369547367096,-0.2996806800365448,0.710564911365509,0.4925536513328552,0.8663281202316284,-0.07996397465467453,-0.5886391401290894,0.39958620071411133,0.7003828883171082,-2.382904529571533,3.3591461181640625,-1.5884296894073486,622.05524,622.05524,259.0,259.0,518,518
404,0404.png,0.6156298518180847,-0.34726613759994507,0.7099407911300659,0.48895567655563354,0.8719345331192017,0.0006857924163341522,-0.6162024140357971,0.3452691435813904,0.7055061459541321,-2.569826126098633,3.1597228050231934,-1.8898348808288574,632.4736,636.01294,259.0,259.0,518,518
405,0405.png,0.6202313899993896,-0.37301692366600037,0.6925848126411438,0.4353051483631134,0.8953729867935181,0.09122462570667267,-0.6509702205657959,0.2433566153049469,0.7168434858322144,-2.5300943851470947,2.831246852874756,-2.2050201892852783,685.3304,693.51044,259.0,259.0,518,518
406,0406.png,0.5343790054321289,-0.39116135239601135,0.7518389225006104,0.4350239634513855,0.8871058225631714,0.15169015526771545,-0.7228323817253113,0.24540941417217255,0.6429812908172607,-2.948194980621338,2.6368863582611084,-2.0618369579315186,755.9567,765.6986,259.0,259.0,518,518
407,0407.png,0.6519298553466797,-0.27744191884994507,0.7081218957901001,0.48478963971138,0.867612361907959,-0.10877867788076401,-0.5812029838562012,0.41275736689567566,0.6989596486091614,-2.1609110832214355,2.7829861640930176,-0.8996274471282959,628.9679,628.9679,259.0,259.0,518,518
408,0408.png,0.6518833637237549,-0.2806940972805023,0.7068837285041809,0.4892582595348358,0.864919900894165,-0.110149085521698,-0.5774899125099182,0.4161907732486725,0.7000075578689575,-2.165803909301758,2.879270553588867,-0.9779973030090332,639.5864,639.5864,259.0,259.0,518,518
409,0409.png,0.6522305607795715,-0.2787153124809265,0.7073439359664917,0.4896998703479767,0.8642471432685852,-0.113437719643116,-0.5767114162445068,0.4189158082008362,0.6990224719047546,-2.1608853340148926,2.985537528991699,-1.0622797012329102,636.01294,639.5864,259.0,259.0,518,518
410,0410.png,0.6515559554100037,-0.2796920835971832,0.7075831890106201,0.49060386419296265,0.8638254404067993,-0.11272305250167847,-0.5767133831977844,0.419129878282547,0.6988922357559204,-2.1636881828308105,3.07954740524292,-1.1518652439117432,643.19446,646.8377,259.0,259.0,518,518
411,0411.png,0.6460896730422974,-0.27537068724632263,0.7142789363861084,0.4901837706565857,0.8640738129615784,-0.11265239119529724,-0.5831804275512695,0.4214797019958496,0.6920580267906189,-2.1813387870788574,3.1774635314941406,-1.2260358333587646,636.01294,639.5864,259.0,259.0,518,518
412,0412.png,0.6495984196662903,-0.27464622259140015,0.7113553881645203,0.48629164695739746,0.8663650751113892,-0.11197281628847122,-0.5825590491294861,0.4172098636627197,0.6951683759689331,-2.168959379196167,3.282284736633301,-1.3863093852996826,625.4953,628.9679,259.0,259.0,518,518
413,0413.png,0.6402994990348816,-0.27140292525291443,0.7209998369216919,0.4798926115036011,0.8713241219520569,-0.10051487386226654,-0.5979467630386353,0.40894952416419983,0.6869288086891174,-2.1996512413024902,3.346964120864868,-1.5171226263046265,595.6529,602.0735,259.0,259.0,518,518
414,0414.png,0.6271750926971436,-0.27687859535217285,0.7304423451423645,0.481351375579834,0.8721595406532288,-0.08493870496749878,-0.6106135845184326,0.4036215543746948,0.6788619756698608,-2.272494316101074,3.3926656246185303,-1.5999661684036255,595.6529,598.8487,259.0,259.0,518,518
415,0415.png,0.6187814474105835,-0.2433592677116394,0.7492993474006653,0.4407539963722229,0.8942481279373169,-0.07565252482891083,-0.6486097574234009,0.3755734860897064,0.6593712568283081,-2.2706069946289062,3.4486687183380127,-1.710230827331543,669.46716,673.37256,259.0,259.0,518,518
416,0416.png,0.7000793814659119,-0.23402805626392365,0.6768902540206909,0.3758283853530884,0.9238220453262329,-0.07178465276956558,-0.6054108142852783,0.3028798997402191,0.733887791633606,-1.8155063390731812,3.4501495361328125,-1.9910995960235596,846.6389,852.5882,259.0,259.0,518,518
417,0417.png,0.7119938135147095,-0.1831212192773819,0.680070161819458,0.2965575158596039,0.9532861709594727,-0.0556575208902359,-0.6353875398635864,0.23916217684745789,0.7322379350662231,-1.6527771949768066,3.3931496143341064,-2.2379565238952637,877.17084,883.521,259.0,259.0,518,518
418,0418.png,0.6509677171707153,-0.2777193784713745,0.7089021801948547,0.4871353805065155,0.8660866618156433,-0.11042360216379166,-0.5803129076957703,0.41576245427131653,0.6979166865348816,-2.026803493499756,2.783109426498413,-0.8964716196060181,632.4736,636.01294,259.0,259.0,518,518
419,0419.png,0.6505122184753418,-0.2783059775829315,0.7090923190116882,0.4869193732738495,0.8663812875747681,-0.10904837399721146,-0.5810040235519409,0.4147546887397766,0.6979404091835022,-2.028424024581909,2.8770499229431152,-0.9793099164962769,646.8377,650.51666,259.0,259.0,518,518
420,0420.png,0.6542717814445496,-0.28165820240974426,0.7042795419692993,0.4879699945449829,0.8657302856445312,-0.1095099225640297,-0.575878918170929,0.41384607553482056,0.7027269601821899,-2.0166006088256836,2.9769515991210938,-1.0853766202926636,654.232,657.9841,259.0,259.0,518,518
421,0421.png,0.653391420841217,-0.2819030284881592,0.7050023078918457,0.4883154332637787,0.865617036819458,-0.10885215550661087,-0.5765817165374756,0.41391921043395996,0.7021051645278931,-2.0209085941314697,3.076184034347534,-1.194945216178894,643.19446,646.8377,259.0,259.0,518,518
422,0422.png,0.6526142358779907,-0.27724364399909973,0.7075663208961487,0.48776975274086,0.8653675317764282,-0.11323938518762589,-0.577921986579895,0.41756919026374817,0.6988264322280884,-2.0166144371032715,3.18580961227417,-1.278834342956543,639.5864,643.19446,259.0,259.0,518,518
423,0423.png,0.6482515335083008,-0.26584067940711975,0.7159140706062317,0.4752580225467682,0.872900128364563,-0.10868045687675476,-0.5930215120315552,0.4092804789543152,0.6910008788108826,-2.0235435962677,3.269395351409912,-1.3853259086608887,646.8377,650.51666,259.0,259.0,518,518
424,0424.png,0.6579581499099731,-0.27491262555122375,0.703491747379303,0.4827994108200073,0.8679528832435608,-0.11482745409011841,-0.5760363936424255,0.41372817754745483,0.7026669383049011,-1.990739107131958,3.413832664489746,-1.5079209804534912,636.01294,639.5864,259.0,259.0,518,518
425,0425.png,0.6607142686843872,-0.2788628935813904,0.6993314623832703,0.4848630726337433,0.8667867183685303,-0.11491068452596664,-0.5711296200752258,0.4135153293609619,0.7068002223968506,-1.9816951751708984,3.5217771530151367,-1.6221046447753906,625.4953,628.9679,259.0,259.0,518,518
426,0426.png,0.6766171455383301,-0.2608948349952698,0.6909321546554565,0.48319485783576965,0.8623691201210022,-0.15008056163787842,-0.5536954998970032,0.4340015947818756,0.7084168791770935,-1.8862080574035645,3.7331299781799316,-1.6393132209777832,605.3277,608.6117,259.0,259.0,518,518
427,0427.png,0.648034393787384,-0.24017460644245148,0.7251068949699402,0.4413587749004364,0.8914260864257812,-0.10148559510707855,-0.6188597083091736,0.38444963097572327,0.6825055480003357,-1.996401309967041,3.650099039077759,-1.769542932510376,737.1246,741.75354,259.0,259.0,518,518
428,0428.png,0.6907301545143127,-0.21059077978134155,0.6939811706542969,0.37346506118774414,0.9227182865142822,-0.0947340652346611,-0.6173667907714844,0.32290077209472656,0.7150607109069824,-1.6933972835540771,3.6577963829040527,-2.0662834644317627,775.66797,780.74066,259.0,259.0,518,518
429,0429.png,0.6514661908149719,-0.27777090668678284,0.7084221243858337,0.4915364980697632,0.862845778465271,-0.11612525582313538,-0.5760132670402527,0.4224153161048889,0.6974887847900391,-1.8749141693115234,2.7852261066436768,-0.8972905874252319,598.8487,602.0735,259.0,259.0,518,518
430,0430.png,0.656663715839386,-0.27884113788604736,0.7031622529029846,0.4868517518043518,0.8658189177513123,-0.1137557253241539,-0.5741025805473328,0.41556069254875183,0.7031717300415039,-1.8570432662963867,2.8842105865478516,-1.0145595073699951,611.9261,611.9261,259.0,259.0,518,518
431,0431.png,0.6554219722747803,-0.2799522280693054,0.7038847208023071,0.4864235520362854,0.8664464354515076,-0.1107528954744339,-0.5758799910545349,0.4135048985481262,0.70292729139328,-1.862092137336731,2.980159282684326,-1.088489294052124,639.5864,643.19446,259.0,259.0,518,518
432,0432.png,0.6562352180480957,-0.2798689305782318,0.7031562924385071,0.48729604482650757,0.8657121658325195,-0.11264476180076599,-0.5742127299308777,0.41509121656417847,0.7033592462539673,-1.858792781829834,3.0893566608428955,-1.189568281173706,639.5864,643.19446,259.0,259.0,518,518
433,0433.png,0.6537595391273499,-0.2803765833377838,0.7052675485610962,0.489238977432251,0.8646721839904785,-0.11217831075191498,-0.5753835439682007,0.41691580414772034,0.7013147473335266,-1.869633674621582,3.193253993988037,-1.284080147743225,639.5864,643.19446,259.0,259.0,518,518
434,0434.png,0.6528790593147278,-0.2737881541252136,0.7086640000343323,0.4834728240966797,0.8678759336471558,-0.1125243604183197,-0.581242024898529,0.4146241247653961,0.6978194713592529,-1.8653311729431152,3.2988414764404297,-1.3979158401489258,632.4736,636.01294,259.0,259.0,518,518
435,0435.png,0.6565099954605103,-0.27580010890960693,0.7045031785964966,0.4818839728832245,0.8689154982566833,-0.11132310330867767,-0.5784540772438049,0.4111132025718689,0.7022114396095276,-1.850081443786621,3.4008471965789795,-1.523228406906128,628.9679,636.01294,259.0,259.0,518,518
436,0436.png,0.6539176106452942,-0.2748343348503113,0.7072963118553162,0.4878747761249542,0.8647477626800537,-0.11747436225414276,-0.5763481259346008,0.42044052481651306,0.6984058022499084,-1.8603317737579346,3.5482540130615234,-1.6066970825195312,632.4736,636.01294,259.0,259.0,518,518
437,0437.png,0.661408007144928,-0.27865317463874817,0.6987560987472534,0.4846278131008148,0.8668387532234192,-0.11551851779222488,-0.5705240964889526,0.41355612874031067,0.707267165184021,-1.8285505771636963,3.651249647140503,-1.7719812393188477,608.6117,611.9261,259.0,259.0,518,518
438,0438.png,0.6407110691070557,-0.2597390413284302,0.7249137163162231,0.48848333954811096,0.863379716873169,-0.12482495605945587,-0.5904511213302612,0.4326488971710205,0.6788435578346252,-1.9148993492126465,3.7976953983306885,-1.7082774639129639,646.8377,650.51666,259.0,259.0,518,518
439,0439.png,0.6553895473480225,-0.25870561599731445,0.7119888067245483,0.45470118522644043,0.8849000930786133,-0.09933456778526306,-0.6014306545257568,0.38719382882118225,0.6964494585990906,-1.8304507732391357,3.790811538696289,-1.9360988140106201,706.10645,710.39496,259.0,259.0,518,518
440,0440.png,0.6564749479293823,-0.2797623574733734,0.7029737234115601,0.49016332626342773,0.8635777831077576,-0.11651023477315903,-0.5714927315711975,0.4195842444896698,0.702911376953125,-1.7008107900619507,2.765942096710205,-0.8523410558700562,625.4953,632.4736,259.0,259.0,518,518
441,0441.png,0.6586914658546448,-0.27601686120033264,0.7023696303367615,0.4793972671031952,0.8704667687416077,-0.10995735973119736,-0.5780344605445862,0.40766075253486633,0.7045713067054749,-1.688408374786377,2.8630783557891846,-1.0224609375,622.05524,622.05524,259.0,259.0,518,518
442,0442.png,0.6548291444778442,-0.2782359719276428,0.7051175832748413,0.48483726382255554,0.8673812747001648,-0.11041080951690674,-0.5778900384902954,0.4126977324485779,0.7017460465431213,-1.7043436765670776,2.972477436065674,-1.0888231992721558,636.01294,636.01294,259.0,259.0,518,518
443,0443.png,0.6539485454559326,-0.27936041355133057,0.7054943442344666,0.4855611026287079,0.8671355247497559,-0.10913108289241791,-0.5782748460769653,0.41245195269584656,0.7015727162361145,-1.710498571395874,3.0797457695007324,-1.191541075706482,643.19446,643.19446,259.0,259.0,518,518
444,0444.png,0.6560518741607666,-0.28001168370246887,0.7032713890075684,0.4869031012058258,0.8660396337509155,-0.11182304471731186,-0.5747553110122681,0.4143109917640686,0.7033753991127014,-1.7020864486694336,3.197868585586548,-1.28492271900177,654.232,657.9841,259.0,259.0,518,518
445,0445.png,0.6547811627388,-0.2783871293067932,0.7051026821136475,0.4885587990283966,0.864727795124054,-0.11471502482891083,-0.5747984647750854,0.41812869906425476,0.7010728120803833,-1.7058422565460205,3.319261312484741,-1.388162612915039,646.8377,650.51666,259.0,259.0,518,518
446,0446.png,0.6548625826835632,-0.2779349684715271,0.7052050828933716,0.488414466381073,0.864749550819397,-0.11517096310853958,-0.5748264193534851,0.4183861315250397,0.7008959650993347,-1.7032132148742676,3.431553602218628,-1.503821611404419,643.19446,646.8377,259.0,259.0,518,518
447,0447.png,0.654562771320343,-0.27758848667144775,0.7056208252906799,0.4884055256843567,0.8647347688674927,-0.11532115191221237,-0.5751734972000122,0.41864845156669617,0.7004531025886536,-1.702012300491333,3.543120861053467,-1.6152245998382568,636.01294,643.19446,259.0,259.0,518,518
448,0448.png,0.65489661693573,-0.285167932510376,0.7022824883460999,0.49172070622444153,0.8634963631629944,-0.11031825095415115,-0.5719713568687439,0.41610854864120483,0.704588770866394,-1.7093830108642578,3.6692774295806885,-1.7390129566192627,632.4736,636.01294,259.0,259.0,518,518
449,0449.png,0.6570498943328857,-0.28055745363235474,0.7021172642707825,0.4911656379699707,0.8629018068313599,-0.11728771030902863,-0.5699678659439087,0.4204435348510742,0.7036391496658325,-1.6958717107772827,3.8129193782806396,-1.8276540040969849,636.01294,643.19446,259.0,259.0,518,518
450,0450.png,0.6468333005905151,-0.2902158498764038,0.7077017426490784,0.4886039197444916,0.867266833782196,-0.09316319227218628,-0.5837528705596924,0.4045253098011017,0.7016445398330688,-1.7599538564682007,3.8485021591186523,-1.956262230873108,665.601,669.46716,259.0,259.0,518,518
451,0451.png,0.6403788924217224,-0.258917897939682,0.7254999279975891,0.48511219024658203,0.8657477498054504,-0.12154771387577057,-0.5936228632926941,0.42837992310523987,0.6787788271903992,-1.5645928382873535,2.7326297760009766,-0.7164956331253052,657.9841,657.9841,259.0,259.0,518,518
452,0452.png,0.6564436554908752,-0.2864333391189575,0.7003142237663269,0.47851282358169556,0.8728161454200745,-0.09388822317123413,-0.5813272595405579,0.39527690410614014,0.7089095115661621,-1.5390658378601074,2.799027442932129,-1.0228428840637207,618.64734,622.05524,259.0,259.0,518,518
453,0453.png,0.6571685671806335,-0.2787899672985077,0.7027087211608887,0.48463597893714905,0.8673484325408936,-0.11155900359153748,-0.5753973722457886,0.41239359974861145,0.7039772868156433,-1.5276999473571777,2.958737850189209,-1.0858283042907715,608.6117,608.6117,259.0,259.0,518,518
454,0454.png,0.6572139263153076,-0.2784234881401062,0.7028111815452576,0.48184144496917725,0.8692755699157715,-0.1086430773139,-0.5776858925819397,0.4085661768913269,0.7043324708938599,-1.5252716541290283,3.0681614875793457,-1.1815071105957031,632.4736,632.4736,259.0,259.0,518,518
455,0455.png,0.655914843082428,-0.28088971972465515,0.7030499577522278,0.4846811294555664,0.8677818179130554,-0.1079012081027031,-0.576786994934082,0.410052090883255,0.7042064666748047,-1.5354323387145996,3.1867551803588867,-1.2809550762176514,639.5864,643.19446,259.0,259.0,518,518
456,0456.png,0.6556409001350403,-0.2821737229824066,0.7027929425239563,0.48742198944091797,0.8660514950752258,-0.109418123960495,-0.5747804641723633,0.41281864047050476,0.7042334079742432,-1.5380358695983887,3.3109641075134277,-1.3983736038208008,636.01294,636.01294,259.0,259.0,518,518
457,0457.png,0.6547483801841736,-0.28017887473106384,0.7044242024421692,0.4893637001514435,0.8644359111785889,-0.11345572024583817,-0.5741559267044067,0.41753241419792175,0.7019566893577576,-1.539076566696167,3.443213701248169,-1.503357172012329,628.9679,632.4736,259.0,259.0,518,518
458,0458.png,0.6511027216911316,-0.28024256229400635,0.7077849507331848,0.4921797811985016,0.8628183603286743,-0.11354798823595047,-0.5759069323539734,0.42081478238105774,0.6985451579093933,-1.5551252365112305,3.5624401569366455,-1.6049635410308838,628.9679,628.9679,259.0,259.0,518,518
459,0459.png,0.6510439515113831,-0.27964338660240173,0.7080760598182678,0.4879690110683441,0.8657793998718262,-0.10912290215492249,-0.5795289874076843,0.4150957763195038,0.6989669799804688,-1.556605577468872,3.663914203643799,-1.7367138862609863,636.01294,639.5864,259.0,259.0,518,518
460,0460.png,0.6590494513511658,-0.2828463017940521,0.6993115544319153,0.4907526671886444,0.8633416891098022,-0.11576284468173981,-0.5680069923400879,0.4179912507534027,0.7066879272460938,-1.5205349922180176,3.838968276977539,-1.8692193031311035,643.19446,650.51666,259.0,259.0,518,518
461,0461.png,0.6573206782341003,-0.29097411036491394,0.6976122856140137,0.5042948722839355,0.854739785194397,-0.12111314386129379,-0.5580511689186096,0.4299788475036621,0.7074444890022278,-1.541414737701416,3.9920902252197266,-1.9780305624008179,615.2711,618.64734,259.0,259.0,518,518
462,0462.png,0.619930624961853,-0.30084121227264404,0.7271847128868103,0.5078221559524536,0.8574344515800476,-0.0801050066947937,-0.596464991569519,0.41752737760543823,0.6830406785011292,-1.5213489532470703,2.613056182861328,-0.7656208276748657,646.8377,650.51666,259.0,259.0,518,518
463,0463.png,0.6507323980331421,-0.29132550954818726,0.7036447525024414,0.4953906834125519,0.862225353717804,-0.10352196544408798,-0.5735430717468262,0.4144700765609741,0.7042739987373352,-1.3949368000030518,2.809422731399536,-0.934728741645813,622.05524,625.4953,259.0,259.0,518,518
464,0464.png,0.6546329259872437,-0.2828530967235565,0.7034636735916138,0.4865543842315674,0.8668866753578186,-0.10661929845809937,-0.5766607522964478,0.4105912148952484,0.7039954662322998,-1.366248369216919,2.9282729625701904,-1.0365804433822632,632.4736,636.01294,259.0,259.0,518,518
465,0465.png,0.6556221842765808,-0.2849195897579193,0.701702892780304,0.48933565616607666,0.8651015758514404,-0.10834859311580658,-0.5731766223907471,0.412921279668808,0.7054839730262756,-1.3617007732391357,3.054508686065674,-1.150529146194458,632.4736,632.4736,259.0,259.0,518,518
466,0466.png,0.6543165445327759,-0.28210145235061646,0.7040607333183289,0.4884508550167084,0.865447998046875,-0.10959038138389587,-0.5754163265228271,0.41413116455078125,0.7029390335083008,-1.3639757633209229,3.1850426197052,-1.2668743133544922,632.4736,632.4736,259.0,259.0,518,518
467,0467.png,0.6563050150871277,-0.2811129689216614,0.7025949358940125,0.48592618107795715,0.8668853044509888,-0.10949062556028366,-0.5752890110015869,0.4117908477783203,0.7044196128845215,-1.355323076248169,3.3093347549438477,-1.3974182605743408,636.01294,639.5864,259.0,259.0,518,518
468,0468.png,0.6559723019599915,-0.28198495507240295,0.7025579214096069,0.4898095726966858,0.8642575740814209,-0.11287735402584076,-0.5723682045936584,0.41668808460235596,0.7039218544960022,-1.3575234413146973,3.4473671913146973,-1.5061038732528687,636.01294,636.01294,259.0,259.0,518,518
469,0469.png,0.6524561047554016,-0.28292331099510193,0.7054640650749207,0.4944847822189331,0.8613976240158081,-0.11428922414779663,-0.5723660588264465,0.42193305492401123,0.7007862329483032,-1.3754621744155884,3.5813851356506348,-1.6146454811096191,628.9679,632.4736,259.0,259.0,518,518
470,0470.png,0.6512297987937927,-0.28154271841049194,0.7071521282196045,0.4974830746650696,0.859093964099884,-0.11852539330720901,-0.5711537599563599,0.42750346660614014,0.6983919143676758,-1.3799200057983398,3.722343921661377,-1.718475341796875,625.4953,628.9679,259.0,259.0,518,518
471,0471.png,0.6519272327423096,-0.28631213307380676,0.7045889496803284,0.4992672801017761,0.8584557175636292,-0.11556462943553925,-0.5688003897666931,0.4256422221660614,0.7014527320861816,-1.3831744194030762,3.8447682857513428,-1.854101300239563,618.64734,622.05524,259.0,259.0,518,518
472,0472.png,0.6586318016052246,-0.2913029193878174,0.6962312459945679,0.4950031638145447,0.8616318702697754,-0.11016695946455002,-0.5648159980773926,0.4157060980796814,0.7105945348739624,-1.3530887365341187,3.9810266494750977,-2.029728412628174,625.4953,628.9679,259.0,259.0,518,518
473,0473.png,0.6601569652557373,-0.3061252534389496,0.6883755326271057,0.5168112516403198,0.8471487164497375,-0.12149751931428909,-0.543050229549408,0.43436768651008606,0.7164152264595032,-1.1914494037628174,2.681539535522461,-0.6715312004089355,622.05524,625.4953,259.0,259.0,518,518
474,0474.png,0.6538599133491516,-0.2799096703529358,0.7053592801094055,0.49630802869796753,0.8593637943267822,-0.12149646878242493,-0.5691758990287781,0.4280533492565155,0.6996746063232422,-1.2000361680984497,2.8056089878082275,-0.7664291262626648,646.8377,654.232,259.0,259.0,518,518
475,0475.png,0.6177363991737366,-0.28194302320480347,0.736551821231842,0.5034780502319336,0.8584086894989014,-0.09576112776994705,-0.6022830605506897,0.4285862147808075,0.670947253704071,-1.3365068435668945,2.893890857696533,-0.9345115423202515,632.4736,636.01294,259.0,259.0,518,518
476,0476.png,0.6505163908004761,-0.2795463800430298,0.7086012959480286,0.49040544033050537,0.8640674352645874,-0.11172205954790115,-0.5780568718910217,0.41872087121009827,0.6980233788490295,-1.1957316398620605,3.054431676864624,-1.1199743747711182,625.4953,628.9679,259.0,259.0,518,518
477,0477.png,0.6522175669670105,-0.28075337409973145,0.7065508365631104,0.49067768454551697,0.8638649582862854,-0.11209145188331604,-0.5759046673774719,0.4183308184146881,0.7000402212142944,-1.1867817640304565,3.182065486907959,-1.2526483535766602,625.4953,625.4953,259.0,259.0,518,518
478,0478.png,0.6519951820373535,-0.28105732798576355,0.7066362500190735,0.4902275502681732,0.8642657995223999,-0.11096246540546417,-0.5765393376350403,0.4172973334789276,0.7001339197158813,-1.187621831893921,3.3104677200317383,-1.3793525695800781,628.9679,628.9679,259.0,259.0,518,518
479,0479.png,0.6537030935287476,-0.28193557262420654,0.7046991586685181,0.4902794361114502,0.8641708493232727,-0.11147502809762955,-0.5745568871498108,0.4169026017189026,0.7020024657249451,-1.1809812784194946,3.44386625289917,-1.5047482252120972,636.01294,636.01294,259.0,259.0,518,518
480,0480.png,0.6541010737419128,-0.28234609961509705,0.7041638493537903,0.4921005368232727,0.8628610968589783,-0.11356693506240845,-0.5725458264350891,0.4193304777145386,0.7022026777267456,-1.1805974245071411,3.583381414413452,-1.6299395561218262,632.4736,632.4736,259.0,259.0,518,518
481,0481.png,0.6533713936805725,-0.2799440324306488,0.705800473690033,0.49350741505622864,0.8615210652351379,-0.11757445335388184,-0.5721668004989624,0.4236724376678467,0.6998975872993469,-1.1806144714355469,3.7282917499542236,-1.7530266046524048,622.05524,622.05524,259.0,259.0,518,518
482,0482.png,0.6531496644020081,-0.2747126817703247,0.7080554962158203,0.48489776253700256,0.8669652342796326,-0.1133955791592598,-0.5797223448753357,0.41594645380973816,0.6982991099357605,-1.175471305847168,3.841719627380371,-1.915248155593872,622.05524,625.4953,259.0,259.0,518,518
483,0483.png,0.6515966653823853,-0.282499760389328,0.7064310312271118,0.4875480532646179,0.8664519190788269,-0.10558485984802246,-0.5792527198791504,0.4117276072502136,0.7011893391609192,-1.1928963661193848,3.9587600231170654,-2.053558826446533,625.4953,628.9679,259.0,259.0,518,518
484,0484.png,0.35201650857925415,-0.36837416887283325,0.8629491329193115,0.6180145740509033,0.7813668847084045,0.0806618183851242,-0.7014352083206177,0.50410395860672,0.5004367828369141,-2.1712331771850586,2.2532615661621094,-0.20719683170318604,615.2711,618.64734,259.0,259.0,518,518
485,0485.png,0.46908485889434814,-0.3506374657154083,0.8132842779159546,0.5761123299598694,0.8167259693145752,0.018729176372289658,-0.667894184589386,0.45835283398628235,0.5833625197410583,-1.756235122680664,2.5286877155303955,-0.5653378963470459,636.01294,639.5864,259.0,259.0,518,518
486,0486.png,0.5624098777770996,-0.34559696912765503,0.7537567615509033,0.5569448471069336,0.8292833566665649,-0.037041082978248596,-0.6093882322311401,0.43931061029434204,0.6574438810348511,-1.4188275337219238,2.7209177017211914,-0.7813310027122498,622.05524,625.4953,259.0,259.0,518,518
487,0487.png,0.5988036394119263,-0.2927400469779968,0.747966468334198,0.5043366551399231,0.8604220747947693,-0.06923551112413406,-0.6203458309173584,0.41739168763160706,0.6614560484886169,-1.2175097465515137,2.9054388999938965,-1.0198732614517212,636.01294,636.01294,259.0,259.0,518,518
488,0488.png,0.6492405533790588,-0.28879204392433167,0.7060683369636536,0.5037173628807068,0.8558460474014282,-0.11554718762636185,-0.5679534673690796,0.42920011281967163,0.6999680995941162,-1.0128216743469238,3.1792683601379395,-1.193481206893921,622.05524,622.05524,259.0,259.0,518,518
489,0489.png,0.646369218826294,-0.28796276450157166,0.7090467810630798,0.5012167096138,0.8579263091087341,-0.11089926958084106,-0.5733892917633057,0.42561274766921997,0.697711169719696,-1.0265759229660034,3.3037350177764893,-1.3485848903656006,618.64734,618.64734,259.0,259.0,518,518
490,0490.png,0.64887934923172,-0.2830006778240204,0.7087392210960388,0.49425745010375977,0.8619926571846008,-0.11070556193590164,-0.5766149163246155,0.42067211866378784,0.6980448961257935,-1.0078330039978027,3.436563730239868,-1.4897818565368652,628.9679,628.9679,259.0,259.0,518,518
491,0491.png,0.6509281396865845,-0.28388237953186035,0.7064964175224304,0.4937770664691925,0.8622473478317261,-0.11087411642074585,-0.5747146606445312,0.419552743434906,0.7002889513969421,-0.9984539151191711,3.577425003051758,-1.6278738975524902,636.01294,636.01294,259.0,259.0,518,518
492,0492.png,0.6495628952980042,-0.281895250082016,0.7085503339767456,0.4939109981060028,0.8619930148124695,-0.11225549131631851,-0.5761406421661377,0.4214169979095459,0.6979878544807434,-1.0020055770874023,3.7235331535339355,-1.7776238918304443,622.05524,625.4953,259.0,259.0,518,518
493,0493.png,0.6492584347724915,-0.27897781133651733,0.7099826335906982,0.48875340819358826,0.8653088808059692,-0.10933319479227066,-0.5808645486831665,0.4165305197238922,0.6969969868659973,-0.999461829662323,3.854250907897949,-1.948608636856079,618.64734,618.64734,259.0,259.0,518,518
494,0494.png,0.650948166847229,-0.27407005429267883,0.7103369832038879,0.4820666015148163,0.8691249489784241,-0.10884591192007065,-0.5845590829849243,0.41188010573387146,0.696665346622467,-0.9801178574562073,3.991102457046509,-2.1039085388183594,622.05524,622.05524,259.0,259.0,518,518
495,0495.png,0.31654804944992065,-0.2891095280647278,0.9061105251312256,0.6492170691490173,0.7599848508834839,0.015052612870931625,-0.6910523176193237,0.5824546813964844,0.42523878812789917,-2.033337354660034,2.363630771636963,0.19138199090957642,605.3277,615.2711,259.0,259.0,518,518
496,0496.png,0.5983506441116333,-0.3316071033477783,0.7319393157958984,0.5192374587059021,0.8533009886741638,-0.03997357189655304,-0.6084031462669373,0.4024827778339386,0.6815306544303894,-1.1025092601776123,2.6249330043792725,-0.8423881530761719,615.2711,618.64734,259.0,259.0,518,518
497,0497.png,0.5870640873908997,-0.29708677530288696,0.7555586695671082,0.5513273477554321,0.8273138999938965,-0.10481549054384232,-0.5910376906394958,0.4765263497829437,0.6482091546058655,-1.0610368251800537,2.840955972671509,-0.6158902049064636,646.8377,646.8377,259.0,259.0,518,518
498,0498.png,0.636990487575531,-0.29878851771354675,0.7130856513977051,0.5137450098991394,0.8512510061264038,-0.10458537936210632,-0.5727689266204834,0.43155133724212646,0.6945615410804749,-0.8580284714698792,2.962718963623047,-0.90116286277771,657.9841,657.9841,259.0,259.0,518,518
499,0499.png,0.6504853963851929,-0.27881088852882385,0.708919107913971,0.5023850798606873,0.8549948334693909,-0.12716279923915863,-0.5677170753479004,0.43742141127586365,0.6950445175170898,-0.7837456464767456,3.1687722206115723,-1.1435562372207642,608.6117,608.6117,259.0,259.0,518,518
500,0500.png,0.6473485827445984,-0.2760544419288635,0.7128691673278809,0.4985332489013672,0.8578676581382751,-0.12292712181806564,-0.5746560096740723,0.4335481524467468,0.6917454600334167,-0.7930219769477844,3.3063740730285645,-1.317495346069336,602.0735,602.0735,259.0,259.0,518,518
501,0501.png,0.6438357830047607,-0.2740551829338074,0.716823935508728,0.49381470680236816,0.861478328704834,-0.11658190190792084,-0.5826008915901184,0.4276038706302643,0.6887771487236023,-0.8080777525901794,3.433224678039551,-1.4747905731201172,608.6117,605.3277,259.0,259.0,518,518
502,0502.png,0.6475027799606323,-0.27837589383125305,0.7118263840675354,0.49481508135795593,0.8610073924064636,-0.1157962903380394,-0.5776727795600891,0.42575603723526,0.6940683126449585,-0.7954826951026917,3.583552598953247,-1.609797477722168,622.05524,618.64734,259.0,259.0,518,518
503,0503.png,0.6453460454940796,-0.2786809206008911,0.7136719822883606,0.4972957968711853,0.8594825863838196,-0.11646381765604019,-0.5779649019241333,0.42862066626548767,0.6920552849769592,-0.807934582233429,3.738180637359619,-1.75815749168396,615.2711,611.9261,259.0,259.0,518,518
504,0504.png,0.6403787136077881,-0.28052300214767456,0.7174355983734131,0.49254435300827026,0.8637800216674805,-0.10419053584337234,-0.5874719619750977,0.41864606738090515,0.6901369094848633,-0.8392289876937866,3.8484933376312256,-1.9404819011688232,618.64734,618.64734,259.0,259.0,518,518
505,0505.png,0.6442433595657349,-0.2776637375354767,0.7150670289993286,0.48703786730766296,0.866864025592804,-0.10454949736595154,-0.5878461003303528,0.41417551040649414,0.6925150752067566,-0.81081223487854,3.999715566635132,-2.090517997741699,625.4953,625.4953,259.0,259.0,518,518
506,0506.png,0.6179999113082886,-0.3077024519443512,0.7259604334831238,0.5548564195632935,0.8219358921051025,-0.1262562870979309,-0.5549392104148865,0.47940385341644287,0.6774464249610901,-0.8608493208885193,3.2201945781707764,-0.974166750907898,615.2711,618.64734,259.0,259.0,518,518
507,0507.png,0.5943747758865356,-0.3031758666038513,0.7473625540733337,0.5488357543945312,0.8293137550354004,-0.1020384281873703,-0.5859865546226501,0.469468355178833,0.6579172015190125,-0.8295723795890808,2.8965139389038086,-0.7635713815689087,595.6529,602.0735,259.0,259.0,518,518
508,0508.png,0.9870278835296631,-0.0243186354637146,0.1610507071018219,0.0783061534166336,0.9363917708396912,-0.34618550539016724,-0.1394186019897461,0.35139450430870056,0.9259558916091919,1.682551622390747,2.659252643585205,-0.655659556388855,618.64734,615.2711,259.0,259.0,518,518
509,0509.png,0.641231119632721,-0.2657284140586853,0.7222784757614136,0.516117513179779,0.8429206013679504,-0.15057584643363953,-0.5658713579177856,0.46804744005203247,0.6763348579406738,-0.5700348019599915,3.107978343963623,-0.8661898970603943,654.232,654.232,259.0,259.0,518,518
510,0510.png,0.6508448719978333,-0.29871904850006104,0.7004345655441284,0.5166128277778625,0.8473264575004578,-0.12109576165676117,-0.5542604327201843,0.4393840730190277,0.70464688539505,-0.578779935836792,3.2006850242614746,-1.1490286588668823,639.5864,639.5864,259.0,259.0,518,518
511,0511.png,0.6698547601699829,-0.2658744752407074,0.6956373453140259,0.4865432679653168,0.8619143962860107,-0.14151887595653534,-0.5590154528617859,0.43175894021987915,0.7055878043174744,-0.47034531831741333,3.3415348529815674,-1.2773233652114868,661.77356,661.77356,259.0,259.0,518,518
512,0512.png,0.6479222774505615,-0.2739662528038025,0.7131506204605103,0.5004029870033264,0.8560053706169128,-0.12822222709655762,-0.5723838806152344,0.4384617507457733,0.6905338764190674,-0.579234778881073,3.4754467010498047,-1.4091696739196777,643.19446,639.5864,259.0,259.0,518,518
513,0513.png,0.6470521688461304,-0.2686038017272949,0.7159759402275085,0.486966609954834,0.865205705165863,-0.11788515746593475,-0.5848026871681213,0.4234946370124817,0.6894481182098389,-0.5865226984024048,3.5833070278167725,-1.622875452041626,646.8377,646.8377,259.0,259.0,518,518
514,0514.png,0.6379941701889038,-0.27425673604011536,0.7219745516777039,0.489887535572052,0.8650033473968506,-0.10660139471292496,-0.592275083065033,0.4202635884284973,0.685014009475708,-0.6402422785758972,3.705209493637085,-1.7938737869262695,636.01294,636.01294,259.0,259.0,518,518
515,0515.png,0.6321187615394592,-0.27276885509490967,0.7277045249938965,0.49140068888664246,0.8643184900283813,-0.1051468476653099,-0.597291111946106,0.42264342308044434,0.679153323173523,-0.666723370552063,3.85036039352417,-1.9373008012771606,628.9679,628.9679,259.0,259.0,518,518
516,0516.png,0.635517418384552,-0.2742367386817932,0.7241723537445068,0.4840525686740875,0.8693138957023621,-0.09784720093011856,-0.5996893644332886,0.411319375038147,0.6839790344238281,-0.64747154712677,3.9678308963775635,-2.0870559215545654,654.232,654.232,259.0,259.0,518,518
517,0517.png,0.9909977912902832,-0.022105753421783447,0.11620527505874634,0.05398982763290405,0.9549948573112488,-0.2958787679672241,-0.10223525762557983,0.29669851064682007,0.9498565196990967,1.8784679174423218,2.3541245460510254,-0.4652002155780792,611.9261,615.2711,259.0,259.0,518,518
518,0518.png,0.9421429634094238,-0.09762465953826904,0.32335782051086426,0.19352638721466064,0.9398528933525085,-0.28266242146492004,-0.2741909623146057,0.3277241587638855,0.9029501676559448,1.2088855504989624,2.750386953353882,-0.8251423239707947,598.8487,602.0735,259.0,259.0,518,518
519,0519.png,0.936896026134491,-0.13073661923408508,0.32434943318367004,0.22567705810070038,0.9328095316886902,-0.28154394030570984,-0.2626171112060547,0.33557578921318054,0.9042751789093018,1.1373534202575684,2.9264116287231445,-1.0178585052490234,595.6529,598.8487,259.0,259.0,518,518
520,0520.png,0.19155947864055634,-0.3658580780029297,0.9129687547683716,0.6891382932662964,0.7100174427032471,0.14048686623573303,-0.6971068382263184,0.6008459329605103,0.38721710443496704,-2.0903396606445312,2.621039867401123,-0.31196171045303345,636.01294,639.5864,259.0,259.0,518,518
521,0521.png,0.7283536195755005,-0.24376720190048218,0.6425854563713074,0.48152589797973633,0.8460413217544556,-0.2283899337053299,-0.4853378236293793,0.474174439907074,0.7324963212013245,0.025935053825378418,3.2803359031677246,-0.80340576171875,693.51044,693.51044,259.0,259.0,518,518
522,0522.png,0.6448827981948853,-0.23789064586162567,0.7286602258682251,0.4921223521232605,0.8556892275810242,-0.15900690853595734,-0.5827699899673462,0.4597795903682709,0.6675413250923157,-0.36890798807144165,3.3034136295318604,-1.0591931343078613,685.3304,689.3991,259.0,259.0,518,518
523,0523.png,0.6149401664733887,-0.2558089792728424,0.7483404874801636,0.48641353845596313,0.8671035170555115,-0.1054820790886879,-0.6189169883728027,0.42752805352211,0.6562879085540771,-0.5088364481925964,3.3336453437805176,-1.3279179334640503,661.77356,665.601,259.0,259.0,518,518
524,0524.png,0.6098679900169373,-0.25475189089775085,0.7528504133224487,0.4876229465007782,0.8666065335273743,-0.10394106060266495,-0.6229764819145203,0.42917120456695557,0.6513487696647644,-0.5288320779800415,3.4999327659606934,-1.5101670026779175,657.9841,654.232,259.0,259.0,518,518
525,0525.png,0.6226274967193604,-0.26717814803123474,0.7379178404808044,0.49805861711502075,0.8597312569618225,-0.11119507253170013,-0.6017829179763794,0.4353789687156677,0.6670116186141968,-0.4794975519180298,3.702019453048706,-1.668359398841858,639.5864,639.5864,259.0,259.0,518,518
526,0526.png,0.621649980545044,-0.2620692253112793,0.7405685186386108,0.49217310547828674,0.8632925748825073,-0.10987699031829834,-0.6075221300125122,0.4314734637737274,0.6643275618553162,-0.4755784273147583,3.852553606033325,-1.85919988155365,628.9679,625.4953,259.0,259.0,518,518
527,0527.png,0.621055006980896,-0.2649964392185211,0.7400312423706055,0.484942227602005,0.8687919974327087,-0.09806429594755173,-0.6139528751373291,0.41842013597488403,0.666756272315979,-0.4825596809387207,3.9708523750305176,-2.0646300315856934,646.8377,646.8377,259.0,259.0,518,518
528,0528.png,0.8639429807662964,-0.13201898336410522,0.48781701922416687,0.24125638604164124,0.9554324150085449,-0.1715449094772339,-0.44018635153770447,0.26450103521347046,0.8565984964370728,0.9045044779777527,3.0280704498291016,-1.6023814678192139,817.99615,829.2383,259.0,259.0,518,518
529,0529.png,0.8361102342605591,-0.14766184985637665,0.529556930065155,0.2769058346748352,0.9442597031593323,-0.17919445037841797,-0.4702047109603882,0.2947075664997101,0.8306809067726135,0.7184553146362305,3.1054177284240723,-1.557896614074707,775.66797,780.74066,259.0,259.0,518,518
530,0530.png,0.8457865118980408,-0.14604750275611877,0.5145586729049683,0.2931656241416931,0.9300156235694885,-0.22308650612831116,-0.44337499141693115,0.33814194798469543,0.8284984230995178,0.7844197154045105,3.1528801918029785,-1.3904800415039062,829.2383,834.96545,259.0,259.0,518,518
531,0531.png,0.830879271030426,-0.1685267984867096,0.5322209000587463,0.3132895827293396,0.9288472533226013,-0.19894134998321533,-0.45745301246643066,0.3300585150718689,0.8242433071136475,0.6864909529685974,3.1774656772613525,-1.4571298360824585,858.6144,864.7192,259.0,259.0,518,518
532,0532.png,0.8515132665634155,-0.1299775242805481,0.5098698139190674,0.2465471476316452,0.9541258811950684,-0.17126025259494781,-0.4609948694705963,0.27016615867614746,0.8437101244926453,0.9951068758964539,3.033557176589966,-1.6293518543243408,562.3,556.5682,259.0,259.0,518,518
533,0533.png,0.8550267219543457,-0.12451187521219254,0.5052937269210815,0.24686896800994873,0.9512553811073303,-0.1861964911222458,-0.454221248626709,0.28261300921440125,0.843312680721283,0.9945376515388489,3.0482399463653564,-1.572070837020874,537.242,531.9202,259.0,259.0,518,518
534,0534.png,0.8751581311225891,-0.13278980553150177,0.46702831983566284,0.24076099693775177,0.9534199833869934,-0.18312150239944458,-0.41767239570617676,0.2712857127189636,0.8657671213150024,0.9140156507492065,3.0346755981445312,-1.5535893440246582,526.6832,521.52875,259.0,259.0,518,518
535,0535.png,0.8631890416145325,-0.1265350729227066,0.4906064569950104,0.241816908121109,0.9532769918441772,-0.1824619323015213,-0.4413715600967407,0.27477529644966125,0.852728009223938,0.9832378625869751,3.03749680519104,-1.5909473896026611,524.0958,518.98175,259.0,259.0,518,518
536,0536.png,0.8625693917274475,-0.12164817005395889,0.4929341673851013,0.23699554800987244,0.9545527696609497,-0.18214598298072815,-0.44518721103668213,0.2725725471973419,0.8514406681060791,1.029585361480713,3.0293309688568115,-1.5979535579681396,537.242,531.9202,259.0,259.0,518,518
537,0537.png,0.8634185194969177,-0.12623655796051025,0.4902767539024353,0.23815743625164032,0.955350399017334,-0.17631325125694275,-0.44288015365600586,0.26759669184684753,0.8542318344116211,0.9450721144676208,3.0244948863983154,-1.609540343284607,545.38837,539.9353,259.0,259.0,518,518
538,0538.png,0.8657194972038269,-0.12025180459022522,0.48768818378448486,0.23507198691368103,0.954503059387207,-0.1849035620689392,-0.4400128126144409,0.27335992455482483,0.853890597820282,1.0078561305999756,3.0285868644714355,-1.5901917219161987,537.242,531.9202,259.0,259.0,518,518
539,0539.png,0.8609870672225952,-0.13164222240447998,0.4931517541408539,0.24712243676185608,0.952360987663269,-0.18007709085941315,-0.442735493183136,0.27552568912506104,0.8517728447914124,0.8670339584350586,3.0422048568725586,-1.5888898372650146,508.9901,504.1085,259.0,259.0,518,518
540,0540.png,0.8473719358444214,-0.1323736160993576,0.5161523818969727,0.25550636649131775,0.9504601359367371,-0.17835387587547302,-0.46384549140930176,0.281732439994812,0.8383285403251648,0.9506288170814514,3.0541000366210938,-1.592712163925171,521.52875,516.4547,259.0,259.0,518,518
541,0541.png,0.848797619342804,-0.11953597515821457,0.516926646232605,0.24794772267341614,0.9501874446868896,-0.19018355011940002,-0.46515166759490967,0.2883376479148865,0.8353311419487,1.139328956604004,3.055722236633301,-1.5863693952560425,534.57043,526.6832,259.0,259.0,518,518
542,0542.png,0.8505162000656128,-0.13006950914859772,0.5115144848823547,0.2543991208076477,0.9496169090270996,-0.18435727059841156,-0.4586126208305359,0.2856682240962982,0.8398829698562622,1.0059382915496826,3.0605103969573975,-1.5834941864013672,537.242,529.2913,259.0,259.0,518,518
543,0543.png,0.8444055318832397,-0.12481171637773514,0.5228850245475769,0.2534927725791931,0.9496517181396484,-0.1854294389486313,-0.47024938464164734,0.2878565192222595,0.8326224684715271,1.141842007637024,3.0592703819274902,-1.582016944885254,548.1486,539.9353,259.0,259.0,518,518
544,0544.png,0.8553043603897095,-0.11355890333652496,0.507392942905426,0.24185273051261902,0.9502376317977905,-0.19769997894763947,-0.4565470814704895,0.29053059220314026,0.8393441438674927,1.1931467056274414,3.045419454574585,-1.561626672744751,537.242,529.2913,259.0,259.0,518,518
545,0545.png,0.8611162304878235,-0.11908109486103058,0.4961107075214386,0.24083222448825836,0.9516119360923767,-0.19224004447460175,-0.44600874185562134,0.2837015688419342,0.8473495244979858,1.0136351585388184,3.041621685028076,-1.5600874423980713,534.57043,531.9202,259.0,259.0,518,518
546,0546.png,0.8508819937705994,-0.1247432678937912,0.5122274160385132,0.2483464628458023,0.9513842463493347,-0.18353448808193207,-0.46129703521728516,0.28209251165390015,0.8396202921867371,1.026827335357666,3.044562578201294,-1.5905569791793823,562.3,559.422,259.0,259.0,518,518
547,0547.png,0.8501056432723999,-0.12608809769153595,0.5131942629814148,0.2529992163181305,0.9491695761680603,-0.1885749250650406,-0.46021807193756104,0.28885799646377563,0.8379058241844177,0.9724803566932678,3.0608971118927,-1.5669734477996826,548.1486,542.6507,259.0,259.0,518,518
548,0548.png,0.8579713106155396,-0.11833597719669342,0.5017424821853638,0.2414078414440155,0.9517102837562561,-0.19102628529071808,-0.4518253803253174,0.28372642397880554,0.8442344665527344,1.054492712020874,3.042471408843994,-1.5712833404541016,568.1298,562.3,259.0,259.0,518,518
549,0549.png,0.8472840189933777,-0.12666478753089905,0.5177268981933594,0.2516229450702667,0.9508460164070129,-0.18182554841041565,-0.46611762046813965,0.28305286169052124,0.8366130590438843,0.9383320808410645,3.0504281520843506,-1.5872811079025269,565.20245,559.422,259.0,259.0,518,518
550,0550.png,0.8627089262008667,-0.12398458272218704,0.4921075403690338,0.24113386869430542,0.9528643488883972,-0.1855151653289795,-0.44279247522354126,0.2774045467376709,0.8511301875114441,0.9090924263000488,3.023047924041748,-1.557186245918274,553.7382,550.9318,259.0,259.0,518,518
551,0551.png,0.8562796711921692,-0.13123391568660736,0.5014408826828003,0.2521499693393707,0.9501628279685974,-0.18465569615364075,-0.4490702450275421,0.28325656056404114,0.8458712100982666,0.9642543196678162,3.049062967300415,-1.5605239868164062,565.20245,562.3,259.0,259.0,518,518
552,0552.png,0.8467228412628174,-0.12666232883930206,0.5186499953269958,0.25437137484550476,0.949272871017456,-0.18617399036884308,-0.4656597375869751,0.28831830620765686,0.835064172744751,1.0162291526794434,3.0527901649475098,-1.5741074085235596,548.1486,545.38837,259.0,259.0,518,518
553,0553.png,0.8547496795654297,-0.12367945164442062,0.505967915058136,0.24806524813175201,0.9503101110458374,-0.18941374123096466,-0.45431575179100037,0.2861466407775879,0.8420681953430176,1.0176212787628174,3.0493979454040527,-1.56487238407135,537.242,531.9202,259.0,259.0,518,518
554,0554.png,0.8456653952598572,-0.1204473078250885,0.5218545198440552,0.25732579827308655,0.9453566670417786,-0.20145756006240845,-0.4659750461578369,0.3034842610359192,0.8294781446456909,1.1237890720367432,3.076353073120117,-1.5382797718048096,513.9472,508.9901,259.0,259.0,518,518
555,0555.png,0.8477465510368347,-0.12142987549304962,0.5182185173034668,0.25303423404693604,0.9479872584342957,-0.19440948963165283,-0.46452367305755615,0.29471462965011597,0.8334587812423706,1.1715331077575684,3.0604875087738037,-1.5606284141540527,526.6832,518.98175,259.0,259.0,518,518
556,0556.png,0.8376194834709167,-0.11688768863677979,0.5355333089828491,0.251607745885849,0.9494683742523193,-0.18894201517105103,-0.4832938015460968,0.29177793860435486,0.8237087726593018,1.136900544166565,3.0474774837493896,-1.594286561012268,559.422,553.7382,259.0,259.0,518,518
557,0557.png,0.8503913879394531,-0.11574951559305191,0.5151467323303223,0.24170494079589844,0.9522740244865417,-0.18779931962490082,-0.46572497487068176,0.28294867277145386,0.8368683457374573,0.9877018332481384,3.025730848312378,-1.5834028720855713,556.5682,550.9318,259.0,259.0,518,518
558,0558.png,0.8408405184745789,-0.11577558517456055,0.5306773781776428,0.24807234108448029,0.9505243897438049,-0.18832392990589142,-0.47953325510025024,0.288759708404541,0.8269789218902588,1.0827808380126953,3.039081573486328,-1.5947918891906738,562.3,556.5682,259.0,259.0,518,518
559,0559.png,0.8416263461112976,-0.11793337017297745,0.528946042060852,0.24768216907978058,0.9513456225395203,-0.18463945388793945,-0.47835564613342285,0.285177081823349,0.8289082050323486,1.0472841262817383,3.033510446548462,-1.5979046821594238,568.1298,562.3,259.0,259.0,518,518
560,0560.png,0.8452317714691162,-0.11351184546947479,0.524107038974762,0.24475529789924622,0.9507516026496887,-0.19152484834194183,-0.4734635651111603,0.2889229655265808,0.8304294943809509,1.1298727989196777,3.0352089405059814,-1.5880674123764038,550.9318,545.38837,259.0,259.0,518,518
561,0561.png,0.8376137018203735,-0.1187155619263649,0.5351415872573853,0.25028377771377563,0.950894832611084,-0.18342724442481995,-0.4840046465396881,0.2863274812698364,0.8252063393592834,0.932135820388794,3.035428762435913,-1.5947898626327515,586.23535,580.09467,259.0,259.0,518,518
562,0562.png,0.8394715189933777,-0.11659345030784607,0.5326743721961975,0.2542341351509094,0.947346031665802,-0.1959673911333084,-0.4786677956581116,0.2986692190170288,0.8239458799362183,1.0036460161209106,3.056641101837158,-1.5575000047683716,583.15155,577.06445,259.0,259.0,518,518
563,0563.png,0.8477520942687988,-0.11284749954938889,0.520141065120697,0.2627057433128357,0.9379422068595886,-0.22757351398468018,-0.45912137627601624,0.32842138409614563,0.8237795233726501,1.0151028633117676,3.098087787628174,-1.4485042095184326,539.9353,537.242,259.0,259.0,518,518
564,0564.png,0.8390994668006897,-0.12235116958618164,0.5319745540618896,0.27009904384613037,0.9392834305763245,-0.212812140583992,-0.4706017076969147,0.32103681564331055,0.8201778531074524,1.096915364265442,3.0928375720977783,-1.4878053665161133,559.422,556.5682,259.0,259.0,518,518
565,0565.png,0.8330483436584473,-0.11468135565519333,0.5431274175643921,0.27259963750839233,0.9361293315887451,-0.22325348854064941,-0.4796803295612335,0.33290600776672363,0.8100730776786804,1.2656735181808472,3.1088058948516846,-1.4718830585479736,553.7382,548.1486,259.0,259.0,518,518
566,0566.png,0.845090925693512,-0.1148366704583168,0.5240487456321716,0.2522834539413452,0.9465674161911011,-0.2021917700767517,-0.4697517156600952,0.3018130958080292,0.8279465436935425,1.1549348831176758,3.0571041107177734,-1.5445207357406616,565.20245,556.5682,259.0,259.0,518,518
567,0567.png,0.8453975319862366,-0.11455374956130981,0.5236120223999023,0.24766096472740173,0.9492923021316528,-0.19499744474887848,-0.47158971428871155,0.29330873489379883,0.8299592733383179,1.1353830099105835,3.0442349910736084,-1.5705056190490723,580.09467,574.0605,259.0,259.0,518,518
568,0568.png,0.830514132976532,-0.11420382559299469,0.547112226486206,0.2700141966342926,0.9384104609489441,-0.21675041317939758,-0.4856301546096802,0.3265511095523834,0.809114933013916,1.0797274112701416,3.089661121368408,-1.4926599264144897,589.3467,577.06445,259.0,259.0,518,518
569,0569.png,0.8436074256896973,-0.11204441636800766,0.527047872543335,0.26628100872039795,0.9363316893577576,-0.23002685606479645,-0.4646981954574585,0.33315709233283997,0.8187147378921509,1.1121137142181396,3.091264009475708,-1.4626435041427612,556.5682,542.6507,259.0,259.0,518,518
570,0570.png,0.8299578428268433,-0.11467032879590988,0.5478631258010864,0.2792000472545624,0.9323954582214355,-0.2306203991174698,-0.48135101795196533,0.34320172667503357,0.8047655820846558,1.031069040298462,3.1131532192230225,-1.4476163387298584,562.3,548.1486,259.0,259.0,518,518
571,0571.png,0.8119832277297974,-0.10626276582479477,0.5759092569351196,0.28319981694221497,0.9313112497329712,-0.23010075092315674,-0.5089267492294312,0.34890449047088623,0.7850306034088135,1.0323097705841064,3.1234474182128906,-1.4714223146438599,574.0605,562.3,259.0,259.0,518,518
572,0572.png,0.8414755463600159,-0.1158502995967865,0.5296475291252136,0.2805604040622711,0.9281370043754578,-0.24569039046764374,-0.4601247012615204,0.35414522886276245,0.8124558329582214,1.044184923171997,3.124645471572876,-1.3728556632995605,550.9318,537.242,259.0,259.0,518,518
573,0573.png,0.8635441660881042,-0.11730857193470001,0.49226272106170654,0.26584792137145996,0.9320130348205566,-0.24747908115386963,-0.42668917775154114,0.3432230055332184,0.8351841568946838,1.1280099153518677,3.0970067977905273,-1.3719868659973145,574.0605,562.3,259.0,259.0,518,518
574,0574.png,0.8777846097946167,-0.11353538185358047,0.4671064019203186,0.26755937933921814,0.9214216470718384,-0.2827620506286621,-0.395170658826828,0.37181469798088074,0.8384906053543091,1.224447250366211,3.127171277999878,-1.2256743907928467,545.38837,534.57043,259.0,259.0,518,518
575,0575.png,0.8529060482978821,-0.10925788432359695,0.5123744606971741,0.2987179160118103,0.9036343097686768,-0.30788642168045044,-0.4265443682670593,0.41416558623313904,0.8023359775543213,1.1680564880371094,3.201409101486206,-1.1437702178955078,537.242,531.9202,259.0,259.0,518,518
576,0576.png,0.8241604566574097,-0.09638187289237976,0.560015857219696,0.3086811900138855,0.9022157192230225,-0.3019479811191559,-0.473294734954834,0.42109841108322144,0.7718526124954224,1.1647536754608154,3.2211568355560303,-1.1999976634979248,531.9202,521.52875,259.0,259.0,518,518
577,0577.png,0.7375536561012268,-0.13157111406326294,0.6643186807632446,0.38907068967819214,0.8840532302856445,-0.25921088457107544,-0.551172137260437,0.44861966371536255,0.7013095021247864,0.8506558537483215,3.3347506523132324,-0.9438024163246155,568.1298,562.3,259.0,259.0,518,518
578,0578.png,0.7208566069602966,-0.1398579180240631,0.6808810234069824,0.40177884697914124,0.8821934461593628,-0.2459222674369812,-0.5640647411346436,0.4495607018470764,0.6901994943618774,0.871976912021637,3.369703769683838,-0.8441442251205444,537.242,529.2913,259.0,259.0,518,518
579,0579.png,0.7200616002082825,-0.1581728458404541,0.6777089834213257,0.4031447768211365,0.8876665830612183,-0.22290357947349548,-0.5638387203216553,0.4326370656490326,0.701205849647522,1.0653553009033203,3.364093780517578,-0.9215981960296631,531.9202,521.52875,259.0,259.0,518,518
580,0580.png,0.7738295197486877,-0.08756904304027557,0.6292634010314941,0.3619229197502136,0.8734997510910034,-0.32594287395477295,-0.5182673931121826,0.47941726446151733,0.7060136198997498,1.5385589599609375,3.3918099403381348,-1.1032257080078125,605.3277,602.0735,259.0,259.0,518,518
581,0581.png,0.7549998760223389,-0.07345204055309296,0.6535499691963196,0.357803612947464,0.8785377740859985,-0.31686925888061523,-0.5478937029838562,0.47238266468048096,0.6881065964698792,1.6455943584442139,3.369377374649048,-1.1945019960403442,589.3467,589.3467,259.0,259.0,518,518
582,0582.png,0.8020994067192078,-0.0651438981294632,0.595531165599823,0.29934656620025635,0.9036315083503723,-0.3071301281452179,-0.5153214335441589,0.4240545332431793,0.7426712512969971,1.1703855991363525,3.199193000793457,-1.2580338716506958,618.64734,615.2711,259.0,259.0,518,518
583,0583.png,0.9872814416885376,-0.0007161051034927368,0.15430369973182678,0.05408160388469696,0.9374161958694458,-0.34549573063850403,-0.1404268741607666,0.34852588176727295,0.9260702133178711,1.9000378847122192,2.66312837600708,-0.6605937480926514,611.9261,605.3277,259.0,259.0,518,518
584,0584.png,0.9470794200897217,-0.05268191546201706,0.31762081384658813,0.17086458206176758,0.9152886271476746,-0.36641302704811096,-0.2690140902996063,0.4003514349460602,0.8747133612632751,1.5584700107574463,2.939276933670044,-0.7921189069747925,598.8487,595.6529,259.0,259.0,518,518
585,0585.png,0.8414867520332336,-0.08225994557142258,0.5358429551124573,0.28371286392211914,0.9079930186271667,-0.309192955493927,-0.4582163095474243,0.4115213453769684,0.7860259413719177,0.9112279415130615,3.110229730606079,-1.104797601699829,580.09467,580.09467,259.0,259.0,518,518
586,0586.png,0.8276275992393494,-0.05724063515663147,0.5602009296417236,0.27737629413604736,0.9061703085899353,-0.32013553380966187,-0.48645439743995667,0.4197276532649994,0.7643479704856873,1.0231443643569946,3.115227222442627,-1.1676161289215088,562.3,562.3,259.0,259.0,518,518
587,0587.png,0.7694977521896362,-0.08278147131204605,0.6351741552352905,0.33641958236694336,0.8950713872909546,-0.29327455163002014,-0.5417088270187378,0.43889984488487244,0.7146894931793213,0.8417149186134338,3.209857940673828,-1.2158396244049072,550.9318,553.7382,259.0,259.0,518,518
588,0588.png,0.7554647326469421,-0.07779496908187866,0.6524960398674011,0.3339845538139343,0.8997623324394226,-0.2814813256263733,-0.5623829960823059,0.430079847574234,0.703931450843811,0.9382965564727783,3.1843342781066895,-1.2613826990127563,583.15155,574.0605,259.0,259.0,518,518
589,0589.png,0.7503501772880554,-0.10235220938920975,0.6550920605659485,0.3408001959323883,0.9062163233757019,-0.2508618235588074,-0.5649474263191223,0.4108189344406128,0.7133017778396606,1.0404882431030273,3.1485233306884766,-1.2861689329147339,608.6117,602.0735,259.0,259.0,518,518
590,0590.png,0.7428781986236572,-0.10120077431201935,0.6637120246887207,0.34896817803382874,0.901963472366333,-0.2549390196800232,-0.5701607465744019,0.4205414652824402,0.7034479379653931,1.1768789291381836,3.169297933578491,-1.2565280199050903,618.64734,611.9261,259.0,259.0,518,518
591,0591.png,0.7613083720207214,-0.09227725118398666,0.6437869071960449,0.33781787753105164,0.9011386036872864,-0.27233660221099854,-0.5519774556159973,0.4242561161518097,0.7156081199645996,1.4509998559951782,3.163640022277832,-1.199265956878662,625.4953,618.64734,259.0,259.0,518,518
592,0592.png,0.7473260164260864,-0.07485417276620865,0.6621653437614441,0.3376278579235077,0.8983837962150574,-0.2815146744251251,-0.571021556854248,0.4334646165370941,0.6948285698890686,1.7436635494232178,3.1981160640716553,-1.2527239322662354,622.05524,622.05524,259.0,259.0,518,518
593,0593.png,0.7411832213401794,-0.05395947024226189,0.6710309982299805,0.3135935366153717,0.9090268611907959,-0.275223970413208,-0.5925467014312744,0.41384968161582947,0.6886915564537048,1.945047378540039,3.1224470138549805,-1.3820165395736694,611.9261,615.2711,259.0,259.0,518,518
594,0594.png,0.8921821117401123,-0.08144712448120117,0.44564327597618103,0.23651470243930817,0.9216700792312622,-0.30865880846977234,-0.3820880055427551,0.38021305203437805,0.8407751321792603,0.6733582615852356,2.888509511947632,-1.0302715301513672,595.6529,602.0735,259.0,259.0,518,518
595,0595.png,0.7772055268287659,-0.10313761979341507,0.6227079629898071,0.3330579996109009,0.9041610956192017,-0.2681737542152405,-0.5324422121047974,0.4152332544326782,0.7354772686958313,0.16828083992004395,3.0134310722351074,-1.146073818206787,595.6529,592.4857,259.0,259.0,518,518
596,0596.png,0.760665237903595,-0.0700749084353447,0.6472814679145813,0.3176242411136627,0.9070054888725281,-0.27723976969718933,-0.5648348331451416,0.4159395098686218,0.7104200124740601,0.3525867462158203,2.9996531009674072,-1.1723623275756836,598.8487,595.6529,259.0,259.0,518,518
597,0597.png,0.755765974521637,-0.07902593165636063,0.651999294757843,0.33078283071517944,0.9026173949241638,-0.27608978748321533,-0.5638668537139893,0.42382925748825073,0.7065228223800659,0.52225261926651,3.0228610038757324,-1.1386559009552002,611.9261,611.9261,259.0,259.0,518,518
598,0598.png,0.7538822889328003,-0.08167925477027893,0.6538597345352173,0.333506315946579,0.902294397354126,-0.2738427519798279,-0.5647879838943481,0.42400991916656494,0.7056764960289001,0.7169501781463623,3.0279369354248047,-1.1480962038040161,608.6117,611.9261,259.0,259.0,518,518
599,0599.png,0.755087673664093,-0.08288433402776718,0.6523122787475586,0.33369043469429016,0.9022743105888367,-0.27368319034576416,-0.5630547404289246,0.42383095622062683,0.7071707844734192,0.928562581539154,3.028874397277832,-1.1340515613555908,615.2711,615.2711,259.0,259.0,518,518
600,0600.png,0.7550904750823975,-0.08352269977331161,0.6522282958030701,0.3353610932826996,0.9012821912765503,-0.2748962342739105,-0.5620639324188232,0.42581436038017273,0.7067708373069763,1.1367714405059814,3.033902168273926,-1.130340814590454,615.2711,615.2711,259.0,259.0,518,518
601,0601.png,0.7543314695358276,-0.08644290268421173,0.6527312994003296,0.34070703387260437,0.8986915349960327,-0.2767637073993683,-0.5598720908164978,0.43067339062690735,0.7055736780166626,1.3391938209533691,3.050151824951172,-1.1103971004486084,615.2711,615.2711,259.0,259.0,518,518
602,0602.png,0.7570473551750183,-0.08679569512605667,0.6495231986045837,0.34220990538597107,0.8967581391334534,-0.28113511204719543,-0.5552438497543335,0.4345957636833191,0.70683753490448,1.5604145526885986,3.059274673461914,-1.084484577178955,611.9261,615.2711,259.0,259.0,518,518
603,0603.png,0.7574412226676941,-0.0838782787322998,0.6494432091712952,0.34674733877182007,0.8917220830917358,-0.29137352108955383,-0.5518921613693237,0.44543126225471497,0.7027201652526855,1.7834012508392334,3.0807595252990723,-1.0555272102355957,605.3277,605.3277,259.0,259.0,518,518
604,0604.png,0.7460504770278931,-0.07017716020345688,0.6641116142272949,0.3369672894477844,0.8972867131233215,-0.28577694296836853,-0.5730234980583191,0.4365111291408539,0.6912630200386047,1.89975106716156,3.0447428226470947,-1.1391315460205078,605.3277,602.0735,259.0,259.0,518,518
605,0605.png,0.8052998781204224,-0.09899388998746872,0.5864701271057129,0.3031842112541199,0.9157884120941162,-0.26433271169662476,-0.5076786279678345,0.39012080430984497,0.766169548034668,0.1927940845489502,2.8201279640197754,-1.1455018520355225,559.422,559.422,259.0,259.0,518,518
606,0606.png,0.7741488814353943,-0.08931376785039902,0.6286240220069885,0.3251631259918213,0.9053017497062683,-0.27400457859039307,-0.5418024063110352,0.41602304577827454,0.7281349897384644,0.24999582767486572,2.8827123641967773,-1.0786848068237305,562.3,562.3,259.0,259.0,518,518
607,0607.png,0.7728700041770935,-0.0893368273973465,0.6302006840705872,0.32484501600265503,0.9059928059577942,-0.2720908522605896,-0.5438597202301025,0.41443130373954773,0.7275043725967407,0.441103994846344,2.8696656227111816,-1.0901501178741455,571.0824,571.0824,259.0,259.0,518,518
608,0608.png,0.7651568651199341,-0.08797343075275421,0.63975989818573,0.3306804299354553,0.9034698009490967,-0.27341172099113464,-0.5511141419410706,0.42026564478874207,0.718634307384491,0.5961907505989075,2.885770320892334,-1.0623779296875,580.09467,580.09467,259.0,259.0,518,518
609,0609.png,0.7661177515983582,-0.09395984560251236,0.6377565264701843,0.3355236053466797,0.9020118117332458,-0.2722916901111603,-0.5468327403068542,0.42208418250083923,0.7208456993103027,0.7872387170791626,2.8945393562316895,-1.0256016254425049,592.4857,592.4857,259.0,259.0,518,518
610,0610.png,0.759100079536438,-0.0904972031712532,0.6466115713119507,0.3359708786010742,0.9024760723114014,-0.2701907157897949,-0.5562582015991211,0.42184242606163025,0.7137203812599182,0.9511852264404297,2.8925819396972656,-1.0432615280151367,592.4857,595.6529,259.0,259.0,518,518
611,0611.png,0.7549067139625549,-0.08782970160245895,0.6518798470497131,0.33958664536476135,0.8999470472335815,-0.27405446767807007,-0.5597636699676514,0.4277723729610443,0.7074199914932251,1.130152940750122,2.9033665657043457,-1.0217775106430054,595.6529,598.8487,259.0,259.0,518,518
612,0612.png,0.7520582675933838,-0.085743248462677,0.6554480195045471,0.3397182524204254,0.8998764157295227,-0.27412235736846924,-0.5635188221931458,0.42832934856414795,0.7040867805480957,1.315669298171997,2.9043431282043457,-1.0098247528076172,605.3277,608.6117,259.0,259.0,518,518
613,0613.png,0.7533577680587769,-0.08591373264789581,0.6539275050163269,0.3416684865951538,0.8980342745780945,-0.2777029573917389,-0.5605911016464233,0.43215179443359375,0.7040971517562866,1.5176907777786255,2.913099765777588,-1.0027836561203003,598.8487,602.0735,259.0,259.0,518,518
614,0614.png,0.7621351480484009,-0.08900696784257889,0.6432269811630249,0.3451288044452667,0.8936386108398438,-0.287410706281662,-0.5464261174201965,0.4405589997768402,0.7100331783294678,1.754181146621704,2.9305272102355957,-0.9340893030166626,605.3277,608.6117,259.0,259.0,518,518
615,0615.png,0.7508531808853149,-0.07996618747711182,0.6575548052787781,0.34885865449905396,0.8906524181365967,-0.29211142659187317,-0.5595167279243469,0.4482707977294922,0.6948302388191223,1.9086182117462158,2.9418160915374756,-0.9824681878089905,589.3467,589.3467,259.0,259.0,518,518
616,0616.png,0.7918345332145691,-0.1016073152422905,0.6041892766952515,0.33047670125961304,0.9002438187599182,-0.284092515707016,-0.5121786594390869,0.4240584373474121,0.7448321580886841,0.305877685546875,2.780855894088745,-0.9184951186180115,589.3467,589.3467,259.0,259.0,518,518
617,0617.png,0.7811704874038696,-0.10238313674926758,0.6178346276283264,0.3389419615268707,0.897711455821991,-0.2820722460746765,-0.5229048132896423,0.4291917085647583,0.7343406081199646,0.4169652462005615,2.790811538696289,-0.9087135195732117,592.4857,592.4857,259.0,259.0,518,518
618,0618.png,0.7749118804931641,-0.10431084036827087,0.6253782510757446,0.3388608694076538,0.9008971452713013,-0.2718268632888794,-0.5322007536888123,0.4220178723335266,0.7317847609519958,0.5526631474494934,2.7810208797454834,-0.9229568243026733,608.6117,608.6117,259.0,259.0,518,518
619,0619.png,0.7679288983345032,-0.10299550741910934,0.634177565574646,0.342984676361084,0.8994552493095398,-0.2714022397994995,-0.5396288633346558,0.42540380358695984,0.7243316769599915,0.6923866868019104,2.7890501022338867,-0.9166922569274902,615.2711,615.2711,259.0,259.0,518,518
620,0620.png,0.7654722332954407,-0.09496752917766571,0.6383874416351318,0.33851173520088196,0.9003371596336365,-0.2741098701953888,-0.5459110140800476,0.4253999590873718,0.7195985913276672,0.8566159605979919,2.7834510803222656,-0.9243424534797668,615.2711,615.2711,259.0,259.0,518,518
621,0621.png,0.7589152455329895,-0.09095562249422073,0.6467656493186951,0.3385116159915924,0.9007885456085205,-0.2726229131221771,-0.5549875497817993,0.42532628774642944,0.712645947933197,0.9974140524864197,2.7802767753601074,-0.9375969171524048,615.2711,615.2711,259.0,259.0,518,518
622,0622.png,0.7514860033988953,-0.08982869237661362,0.6555631756782532,0.3457399904727936,0.8971673846244812,-0.275430828332901,-0.5606178641319275,0.43315136432647705,0.7034621834754944,1.1336495876312256,2.7962565422058105,-0.9398689270019531,602.0735,602.0735,259.0,259.0,518,518
623,0623.png,0.7463311553001404,-0.08532195538282394,0.6620344519615173,0.35002264380455017,0.8936293721199036,-0.28142860531806946,-0.5648748874664307,0.4412723779678345,0.694957435131073,1.2887967824935913,2.8108878135681152,-0.9197408556938171,605.3277,605.3277,259.0,259.0,518,518
624,0624.png,0.7445372343063354,-0.08414910733699799,0.6642046570777893,0.350932776927948,0.8930182456970215,-0.2822284996509552,-0.5666863918304443,0.4427211880683899,0.6925554871559143,1.456885576248169,2.8117611408233643,-0.9106627702713013,611.9261,608.6117,259.0,259.0,518,518
625,0625.png,0.7567495107650757,-0.08419112116098404,0.6502112150192261,0.34814614057540894,0.8909844160079956,-0.2919562757015228,-0.5520025491714478,0.4468080997467041,0.7017598152160645,1.6889487504959106,2.811386823654175,-0.8598166704177856,611.9261,615.2711,259.0,259.0,518,518
626,0626.png,0.7497133612632751,-0.06995781511068344,0.6599851846694946,0.35330167412757874,0.8828635811805725,-0.30983424186706543,-0.5582359433174133,0.46514618396759033,0.684719979763031,1.8487153053283691,2.838226795196533,-0.8334711790084839,611.9261,615.2711,259.0,259.0,518,518
627,0627.png,0.7951042652130127,-0.1041717678308487,0.5994157791137695,0.3352718949317932,0.8960988521575928,-0.2914532423019409,-0.5038111805915833,0.4321163594722748,0.7459345459938049,0.31236618757247925,2.6805150508880615,-0.7843970656394958,583.15155,583.15155,259.0,259.0,518,518
628,0628.png,0.769413411617279,-0.09819210320711136,0.6331256031990051,0.3544207513332367,0.8873763680458069,-0.29533517360687256,-0.5300240516662598,0.45111149549484253,0.7158578634262085,0.5601924061775208,2.735466241836548,-0.8882179856300354,598.8487,598.8487,259.0,259.0,518,518
629,0629.png,0.7550684213638306,-0.09379252791404724,0.6508679389953613,0.36028337478637695,0.8859845399856567,-0.2923702299594879,-0.5465299487113953,0.4547695517539978,0.7009442448616028,0.644912838935852,2.7414443492889404,-0.8975733518600464,595.6529,595.6529,259.0,259.0,518,518
630,0630.png,0.7446924448013306,-0.08642266690731049,0.6637403964996338,0.3560304641723633,0.8899176716804504,-0.285584956407547,-0.5632866621017456,0.4484923183917999,0.6916269063949585,0.7481096386909485,2.7295730113983154,-0.9127509593963623,622.05524,622.05524,259.0,259.0,518,518
631,0631.png,0.7401886582374573,-0.0894998162984848,0.6683709025382996,0.3591446578502655,0.8902794122695923,-0.28049421310424805,-0.5672430992126465,0.4471490681171417,0.6892507076263428,0.865262508392334,2.7304632663726807,-0.9175112247467041,625.4953,625.4953,259.0,259.0,518,518
632,0632.png,0.7333341836929321,-0.08085623383522034,0.6769825220108032,0.357932448387146,0.8898700475692749,-0.28333529829978943,-0.5768610239028931,0.4496043026447296,0.679589569568634,0.987939715385437,2.7300801277160645,-0.9295644164085388,625.4953,622.05524,259.0,259.0,518,518
633,0633.png,0.7251214385032654,-0.07228906452655792,0.6867393255233765,0.35776403546333313,0.8890727162361145,-0.2860376834869385,-0.5872276425361633,0.45267799496650696,0.6685733795166016,1.104466199874878,2.73258113861084,-0.9330838918685913,625.4953,625.4953,259.0,259.0,518,518
634,0634.png,0.7205893993377686,-0.0737784132361412,0.6913464665412903,0.36353325843811035,0.8866941332817078,-0.2861121892929077,-0.5893291234970093,0.4570404291152954,0.6637425422668457,1.2256836891174316,2.745115280151367,-0.9305422902107239,622.05524,622.05524,259.0,259.0,518,518
635,0635.png,0.7223721742630005,-0.07166877388954163,0.6897000074386597,0.3691316246986389,0.8807734847068787,-0.29697659611701965,-0.583605170249939,0.4687695801258087,0.660632848739624,1.3816226720809937,2.765418529510498,-0.8888444900512695,622.05524,618.64734,259.0,259.0,518,518
636,0636.png,0.7228298783302307,-0.06908108294010162,0.6894819140434265,0.36304762959480286,0.8843486309051514,-0.2938847243785858,-0.5868431329727173,0.46224847435951233,0.6623422503471375,1.5280827283859253,2.7488036155700684,-0.8868624567985535,639.5864,639.5864,259.0,259.0,518,518
637,0637.png,0.7220098972320557,-0.05817345529794693,0.6913303732872009,0.33966249227523804,0.8977606892585754,-0.2810387909412384,-0.6016936898231506,0.4372490346431732,0.6659374237060547,1.6813921928405762,2.6876652240753174,-0.9816851615905762,636.01294,636.01294,259.0,259.0,518,518
638,0638.png,0.7930818796157837,-0.12165480107069016,0.5988528728485107,0.3583534359931946,0.8851761817932129,-0.29716408252716064,-0.4911191761493683,0.449675589799881,0.7440294623374939,0.49713289737701416,2.647117853164673,-0.7457131147384644,598.8487,598.8487,259.0,259.0,518,518
639,0639.png,0.7729274034500122,-0.09174582362174988,0.6297963261604309,0.3544771373271942,0.8827957510948181,-0.30869612097740173,-0.5250819325447083,0.46125584840774536,0.7130417823791504,0.5838518142700195,2.6492631435394287,-0.7682933807373047,602.0735,602.0735,259.0,259.0,518,518
640,0640.png,0.7286104559898376,-0.05821489170193672,0.6843553781509399,0.36217451095581055,0.8781964182853699,-0.3128053843975067,-0.5802162885665894,0.47526445984840393,0.6589864492416382,0.6613085865974426,2.6528971195220947,-0.8611364364624023,622.05524,625.4953,259.0,259.0,518,518
641,0641.png,0.7151192426681519,-0.06679472327232361,0.6977121233940125,0.37145504355430603,0.8793238997459412,-0.29836931824684143,-0.5910588502883911,0.47203290462493896,0.6516140103340149,0.7261898517608643,2.6601130962371826,-0.8735606074333191,636.01294,636.01294,259.0,259.0,518,518
642,0642.png,0.7173619866371155,-0.06936349719762802,0.6951534748077393,0.37013575434684753,0.880711555480957,-0.2959139049053192,-0.5891153812408447,0.46907082200050354,0.6554996967315674,0.8572958111763,2.658762216567993,-0.8862610459327698,628.9679,632.4736,259.0,259.0,518,518
643,0643.png,0.711826503276825,-0.054509907960891724,0.7021256685256958,0.3610571324825287,0.8833474516868591,-0.29930973052978516,-0.6013256311416626,0.4661029577255249,0.6464495062828064,0.986274003982544,2.645387649536133,-0.9168587923049927,625.4953,628.9679,259.0,259.0,518,518
644,0644.png,0.6990787982940674,-0.03806038200855255,0.7158849239349365,0.3567189574241638,0.8838129043579102,-0.30313920974731445,-0.618618369102478,0.4668385982513428,0.6293611526489258,1.0930774211883545,2.6404643058776855,-0.9395612478256226,628.9679,632.4736,259.0,259.0,518,518
645,0645.png,0.6896389722824097,-0.02350069209933281,0.7255923748016357,0.35332250595092773,0.8831430077552795,-0.3090355098247528,-0.6309747695922852,0.46907079219818115,0.6152650713920593,1.2102816104888916,2.6375439167022705,-0.9572162628173828,622.05524,622.05524,259.0,259.0,518,518
646,0646.png,0.6879051923751831,-0.016802582889795303,0.727429986000061,0.3605751693248749,0.8753234148025513,-0.3225608170032501,-0.6285082101821899,0.48377805948257446,0.6063437461853027,1.3471400737762451,2.664228677749634,-0.9143795967102051,625.4953,625.4953,259.0,259.0,518,518
647,0647.png,0.7106937766075134,-0.014263572171330452,0.7051800489425659,0.35684096813201904,0.8686115145683289,-0.34415316581726074,-0.6051033139228821,0.4959939420223236,0.6202003359794617,1.564503788948059,2.6615753173828125,-0.8312690854072571,632.4736,632.4736,259.0,259.0,518,518
648,0648.png,0.6935490369796753,-0.03905770182609558,0.7211971282958984,0.3428424000740051,0.8959534764289856,-0.28292492032051086,-0.6326248049736023,0.44312506914138794,0.6325309872627258,1.595720887184143,2.6088922023773193,-0.9633670449256897,677.3178,677.3178,259.0,259.0,518,518
649,0649.png,0.7705361247062683,-0.06839506328105927,0.635662853717804,0.36233949661254883,0.8645603656768799,-0.3485179543495178,-0.5231044888496399,0.49856841564178467,0.6890135407447815,0.5614834427833557,2.6107177734375,-0.70481276512146,586.23535,589.3467,259.0,259.0,518,518
650,0650.png,0.7507990002632141,-0.07274026423692703,0.6584309935569763,0.37394487857818604,0.8657296895980835,-0.3329699635505676,-0.5431368350982666,0.49557220935821533,0.6754929423332214,0.6030863523483276,2.6096320152282715,-0.6996808052062988,611.9261,615.2711,259.0,259.0,518,518
651,0651.png,0.7238935828208923,-0.05196170136332512,0.6898449063301086,0.3621889352798462,0.8770619034767151,-0.315951406955719,-0.5860008001327515,0.47819584608078003,0.6517044901847839,0.6591367125511169,2.5669949054718018,-0.7938200831413269,611.9261,611.9261,259.0,259.0,518,518
652,0652.png,0.798079252243042,-0.0036668144166469574,0.6044002771377563,0.3183370530605316,0.8511127233505249,-0.4179483652114868,-0.5108159780502319,0.5253798961639404,0.6782687902450562,1.1631507873535156,2.4943580627441406,-0.526505708694458,639.5864,639.5864,259.0,259.0,518,518
653,0653.png,0.7806679606437683,-0.006058305501937866,0.6267533302307129,0.3318537771701813,0.8506146669387817,-0.4081847667694092,-0.5281995534896851,0.5261783599853516,0.6640941500663757,1.2221790552139282,2.5198490619659424,-0.5712238550186157,628.9679,628.9679,259.0,259.0,518,518
654,0654.png,0.7810540199279785,0.0051018670201301575,0.6262813806533813,0.3230442404747009,0.8519446849822998,-0.4125412404537201,-0.5332364439964294,0.5245130062103271,0.6613661050796509,1.369187593460083,2.5073153972625732,-0.5890923738479614,628.9679,628.9679,259.0,259.0,518,518
655,0655.png,0.7781139016151428,0.018185563385486603,0.62961745262146,0.3186585009098053,0.849570631980896,-0.42064493894577026,-0.5402927994728088,0.5273968577384949,0.6533341407775879,1.5063972473144531,2.5010552406311035,-0.6015735864639282,622.05524,622.05524,259.0,259.0,518,518
656,0656.png,0.7685446739196777,0.025516144931316376,0.6410609483718872,0.3246493339538574,0.844963788986206,-0.42532625794410706,-0.5504055619239807,0.5344281196594238,0.6389917731285095,1.6080769300460815,2.513502836227417,-0.6022332906723022,622.05524,622.05524,259.0,259.0,518,518
657,0657.png,0.7701835632324219,0.033428192138671875,0.6387054324150085,0.3136872947216034,0.8493607640266418,-0.42475563287734985,-0.5543591380119324,0.5274350047111511,0.6414142847061157,1.7566746473312378,2.486715793609619,-0.6253615021705627,625.4953,622.05524,259.0,259.0,518,518
658,0658.png,0.7545949220657349,0.035518962889909744,0.6569727659225464,0.32095301151275635,0.8505282998085022,-0.4169257879257202,-0.571245014667511,0.5254746675491333,0.6280587911605835,1.8340290784835815,2.4994592666625977,-0.655096173286438,632.4736,636.01294,259.0,259.0,518,518
659,0659.png,0.7499833106994629,0.03258034214377403,0.6624356508255005,0.3167782723903656,0.8588139414787292,-0.4031163156032562,-0.5795465707778931,0.5118557810783386,0.6316462159156799,1.942704439163208,2.4866530895233154,-0.6971626281738281,654.232,657.9841,259.0,259.0,518,518
660,0660.png,0.9273251295089722,-0.04291623830795288,0.3722001314163208,0.24208518862724304,0.8238359689712524,-0.5131979584693909,-0.28122371435165405,0.5654627084732056,0.774013876914978,1.3474863767623901,2.3031296730041504,-0.05058753490447998,586.23535,589.3467,259.0,259.0,518,518
661,0661.png,0.8317750692367554,-0.018994882702827454,0.5568245649337769,0.3090362250804901,0.8450784683227539,-0.4368898272514343,-0.4600653648376465,0.5347526669502258,0.7068760395050049,1.052597999572754,2.3985366821289062,-0.3719732165336609,615.2711,618.64734,259.0,259.0,518,518
662,0662.png,0.8011953234672546,-0.00425243005156517,0.6003044843673706,0.3196362555027008,0.8479719758033752,-0.42321667075157166,-0.5048282146453857,0.5306315422058105,0.6787188649177551,1.0615520477294922,2.404919385910034,-0.43916377425193787,611.9261,615.2711,259.0,259.0,518,518
663,0663.png,0.7960417866706848,-0.014619644731283188,0.6069821715354919,0.33213305473327637,0.8454670906066895,-0.4185953736305237,-0.5048820972442627,0.5342533588409424,0.6757054924964905,1.1450390815734863,2.4307591915130615,-0.42267516255378723,622.05524,622.05524,259.0,259.0,518,518
664,0664.png,0.9207789301872253,-0.033463675528764725,0.38920989632606506,0.24654731154441833,0.8197273015975952,-0.5176164507865906,-0.2983577847480774,0.572039783000946,0.7626087665557861,1.9696718454360962,2.3100473880767822,-0.06174394488334656,615.2711,618.64734,259.0,259.0,518,518
665,0665.png,0.9194324612617493,-0.03642888367176056,0.3921429216861725,0.25021132826805115,0.8200678825378418,-0.5152989029884338,-0.29947298765182495,0.5713441967964172,0.762688159942627,2.1199936866760254,2.317176580429077,-0.056308478116989136,622.05524,625.4953,259.0,259.0,518,518
666,0666.png,0.9152516722679138,-0.038102008402347565,0.4017487168312073,0.2591879665851593,0.8156002759933472,-0.5179097652435303,-0.30452048778533936,0.5775734782218933,0.7559460997581482,2.2626354694366455,2.336784839630127,-0.06189653277397156,608.6117,611.9261,259.0,259.0,518,518
667,0667.png,0.9065713882446289,-0.03184925764799118,0.4216791093349457,0.2654426693916321,0.8161969184875488,-0.5137583017349243,-0.3242092728614807,0.5771569013595581,0.7479484677314758,2.3884034156799316,2.3495869636535645,-0.10908900201320648,611.9261,615.2711,259.0,259.0,518,518
668,0668.png,0.9022642374038696,-0.012720894068479538,0.4318782389163971,0.25940603017807007,0.8127166628837585,-0.5223117470741272,-0.3411661386489868,0.5828548073768616,0.7358462810516357,2.5563440322875977,2.3390302658081055,-0.1387544572353363,608.6117,615.2711,259.0,259.0,518,518
669,0669.png,0.8944689631462097,0.039700426161289215,0.44640713930130005,0.22604617476463318,0.8179935216903687,-0.529657781124115,-0.3825708031654358,0.5741049647331238,0.7220011353492737,2.767396926879883,2.233774185180664,-0.2423059195280075,615.2711,618.64734,259.0,259.0,518,518
670,0670.png,0.8861544728279114,0.06930836290121078,0.45918142795562744,0.21306148171424866,0.8160625696182251,-0.5379931330680847,-0.4081706404685974,0.5740362405776978,0.7077071666717529,2.9058618545532227,2.2044506072998047,-0.3177536129951477,625.4953,628.9679,259.0,259.0,518,518
671,0671.png,0.9279037117958069,-0.04291071742773056,0.37074074149131775,0.24353978037834167,0.8192210793495178,-0.5198484659194946,-0.27803561091423035,0.5721274018287659,0.7702701687812805,1.3521138429641724,2.193307399749756,0.06596758961677551,602.0735,605.3277,259.0,259.0,518,518
672,0672.png,0.9271736145019531,-0.03885573521256447,0.3730323314666748,0.24134275317192078,0.8201043009757996,-0.519489049911499,-0.2823745608329773,0.5711595416069031,0.7693914175033569,1.5089645385742188,2.188387870788574,0.0554291307926178,602.0735,602.0735,259.0,259.0,518,518
673,0673.png,0.925013542175293,-0.04055873304605484,0.3782302439212799,0.24387125670909882,0.8233670592308044,-0.513097882270813,-0.28722599148750305,0.5663220882415771,0.7711507678031921,1.6564873456954956,2.190579891204834,0.04822632670402527,611.9261,611.9261,259.0,259.0,518,518
674,0674.png,0.9245109558105469,-0.03934352099895477,0.37959930300712585,0.24306175112724304,0.8246473670005798,-0.5114262700080872,-0.2895209491252899,0.5645403861999512,0.7715896964073181,1.8189749717712402,2.187469005584717,0.0482906699180603,611.9261,615.2711,259.0,259.0,518,518
675,0675.png,0.921407163143158,-0.03974677994847298,0.38710319995880127,0.2500375509262085,0.819805383682251,-0.5158014297485352,-0.29350167512893677,0.5715382695198059,0.7648866772651672,1.9653832912445068,2.2016561031341553,0.04480832815170288,602.0735,605.3277,259.0,259.0,518,518
676,0676.png,0.9246269464492798,-0.04178909957408905,0.3790484070777893,0.24665454030036926,0.8206190466880798,-0.5161496996879578,-0.28610438108444214,0.5702171325683594,0.7686968445777893,2.1679039001464844,2.1991536617279053,0.046031489968299866,625.4953,625.4953,259.0,259.0,518,518
677,0677.png,0.9225243926048279,-0.0396631583571434,0.38441580533981323,0.24897326529026031,0.818771243095398,-0.5179585814476013,-0.2908483147621155,0.5730151534080505,0.7648053765296936,2.328894853591919,2.202986240386963,0.04027627408504486,622.05524,622.05524,259.0,259.0,518,518
678,0678.png,0.9183430075645447,-0.03221900388598442,0.39508259296417236,0.24923141300678253,0.8190847039222717,-0.5173376202583313,-0.3035709261894226,0.5730357766151428,0.7597768306732178,2.484692096710205,2.1994688510894775,0.010641142725944519,618.64734,622.05524,259.0,259.0,518,518
679,0679.png,0.9091475009918213,-0.009396303445100784,0.4171404242515564,0.247005432844162,0.8152226209640503,-0.5244646668434143,-0.33177366852760315,0.5793747901916504,0.742871105670929,2.6440799236297607,2.1980342864990234,-0.07993454486131668,605.3277,608.6117,259.0,259.0,518,518
680,0680.png,0.9021202325820923,0.01363278552889824,0.4321611821651459,0.23037320375442505,0.8284924030303955,-0.5111333131790161,-0.36169466376304626,0.5600658059120178,0.7435976266860962,2.8039207458496094,2.150319814682007,-0.26454246044158936,577.06445,580.09467,259.0,259.0,518,518
681,0681.png,0.8982453346252441,0.057115741074085236,0.43660685420036316,0.1942790001630783,0.8365158438682556,-0.5131857395172119,-0.3913484215736389,0.5451030731201172,0.7395682334899902,3.027296781539917,2.0376193523406982,-0.3600938320159912,589.3467,595.6529,259.0,259.0,518,518
682,0682.png,0.926186740398407,-0.030321016907691956,0.37629711627960205,0.23522603511810303,0.823049008846283,-0.5176581740379333,-0.2906665802001953,0.5674123167991638,0.7690427303314209,1.3530802726745605,2.0591437816619873,0.15533390641212463,625.4953,628.9679,259.0,259.0,518,518
683,0683.png,0.9274618625640869,-0.0347365140914917,0.37272006273269653,0.23716828227043152,0.8219123482704163,-0.5185695290565491,-0.2849670350551605,0.5688275098800659,0.770152747631073,1.5182969570159912,2.0620033740997314,0.1545359492301941,615.2711,618.64734,259.0,259.0,518,518
684,0684.png,0.927627444267273,-0.037414900958538055,0.372040331363678,0.23907198011875153,0.8213773965835571,-0.5185357332229614,-0.28281548619270325,0.5694238543510437,0.7705139517784119,1.6806468963623047,2.0638935565948486,0.1673310399055481,622.05524,625.4953,259.0,259.0,518,518
685,0685.png,0.9267716407775879,-0.03807401284575462,0.3741215467453003,0.24050410091876984,0.8218287229537964,-0.51715087890625,-0.2844022512435913,0.5687282681465149,0.7704371213912964,1.8457480669021606,2.06589412689209,0.16896790266036987,628.9679,628.9679,259.0,259.0,518,518
686,0686.png,0.9262586832046509,-0.036448147147893906,0.3755665123462677,0.24053093791007996,0.8209343552589417,-0.5185568332672119,-0.2860453724861145,0.5701261162757874,0.768786609172821,2.014874219894409,2.0647993087768555,0.1643076390028,625.4953,625.4953,259.0,259.0,518,518
687,0687.png,0.9234005212783813,-0.04083079844713211,0.38216105103492737,0.24788711965084076,0.8201903700828552,-0.516235888004303,-0.288989782333374,0.5708984732627869,0.7670978903770447,2.162247896194458,2.0789735317230225,0.15313033759593964,622.05524,622.05524,259.0,259.0,518,518
688,0688.png,0.9257336854934692,-0.03633304685354233,0.37688305974006653,0.2421226054430008,0.8190788626670837,-0.5207396745681763,-0.2864221930503845,0.5727853178977966,0.7666643261909485,2.365054130554199,2.069091320037842,0.1597364991903305,628.9679,632.4736,259.0,259.0,518,518
689,0689.png,0.9243794679641724,-0.03487186133861542,0.38036438822746277,0.24348624050617218,0.8180785775184631,-0.5216701030731201,-0.2896348237991333,0.5742897987365723,0.7643142342567444,2.5356948375701904,2.071714162826538,0.15791389346122742,628.9679,628.9679,259.0,259.0,518,518
690,0690.png,0.9195212125778198,-0.028299205005168915,0.3926072418689728,0.2497788816690445,0.8098189234733582,-0.5314618349075317,-0.29962557554244995,0.5863487720489502,0.7511493563652039,2.6974964141845703,2.0863735675811768,0.14741988480091095,611.9261,615.2711,259.0,259.0,518,518
691,0691.png,0.9201316833496094,-0.01447039470076561,0.3919398784637451,0.2386159598827362,0.8107607364654541,-0.5351900458335876,-0.30657562613487244,0.5854162573814392,0.7490379810333252,2.894643783569336,2.061537027359009,0.09281424432992935,605.3277,608.6117,259.0,259.0,518,518
692,0692.png,0.9108649492263794,0.012625349685549736,0.41331660747528076,0.23361818492412567,0.806265652179718,-0.544128954410553,-0.3364049196243286,0.5916553139686584,0.7309728860855103,3.0646727085113525,2.030966281890869,0.03692014515399933,595.6529,598.8487,259.0,259.0,518,518
693,0693.png,0.9313232898712158,-0.03378882259130478,0.3629510998725891,0.22743548452854156,0.8291806578636169,-0.5113443732261658,-0.2802900969982147,0.5581876635551453,0.7796196937561035,1.3619282245635986,1.9213836193084717,0.2371634691953659,615.2711,615.2711,259.0,259.0,518,518
694,0694.png,0.92735755443573,-0.03559038043022156,0.37290072441101074,0.23676066100597382,0.82419753074646,-0.5151190161705017,-0.2856362462043762,0.5654535293579102,0.7723846435546875,1.5147017240524292,1.9383326768875122,0.2510354220867157,615.2711,618.64734,259.0,259.0,518,518
695,0695.png,0.9264557957649231,-0.03820803388953209,0.37489742040634155,0.2404654622077942,0.8229792714118958,-0.515336275100708,-0.285461962223053,0.5670480728149414,0.7712794542312622,1.6761038303375244,1.9434454441070557,0.2705889940261841,625.4953,628.9679,259.0,259.0,518,518
696,0696.png,0.9256356358528137,-0.03915902599692345,0.37683936953544617,0.24168945848941803,0.8241258263587952,-0.5129208564758301,-0.2871086001396179,0.5653070211410522,0.771939754486084,1.8419009447097778,1.9458259344100952,0.27529171109199524,636.01294,639.5864,259.0,259.0,518,518
697,0697.png,0.9245666861534119,-0.03835176303982735,0.37956494092941284,0.2424706518650055,0.8242762088775635,-0.5123072266578674,-0.28985926508903503,0.5651809573173523,0.7709921002388,2.011230945587158,1.9471348524093628,0.2679068148136139,636.01294,639.5864,259.0,259.0,518,518
698,0698.png,0.9259264469146729,-0.04053804278373718,0.37596893310546875,0.24309426546096802,0.8224238753318787,-0.5149790644645691,-0.2849617302417755,0.5676887631416321,0.7709949016571045,2.18717098236084,1.9466980695724487,0.2816503942012787,636.01294,636.01294,259.0,259.0,518,518
699,0699.png,0.9257479906082153,-0.04121997579932213,0.3763377368450165,0.24489057064056396,0.8202540874481201,-0.5175747871398926,-0.2839837074279785,0.5707820653915405,0.7690725922584534,2.361365795135498,1.9490150213241577,0.2925339639186859,636.01294,636.01294,259.0,259.0,518,518
700,0700.png,0.9226197600364685,-0.03292505443096161,0.38482946157455444,0.24215351045131683,0.8227107524871826,-0.514967679977417,-0.29627659916877747,0.5677627921104431,0.7666158080101013,2.5605108737945557,1.9454588890075684,0.25459593534469604,628.9679,632.4736,259.0,259.0,518,518
701,0701.png,0.9213385581970215,-0.02720152959227562,0.38836655020713806,0.24073930084705353,0.8209840059280396,-0.5183809995651245,-0.30136269330978394,0.5705443620681763,0.7625341415405273,2.7429747581481934,1.9395270347595215,0.240131676197052,622.05524,622.05524,259.0,259.0,518,518
702,0702.png,0.9203457236289978,-0.013205057010054588,0.39147207140922546,0.2324630320072174,0.8201654553413391,-0.523460328578949,-0.3107115626335144,0.5722019076347351,0.7574823498725891,2.9361610412597656,1.9154865741729736,0.2226291447877884,625.4953,625.4953,259.0,259.0,518,518
703,0703.png,0.9406455159187317,0.025015924125909805,0.33854666352272034,0.15216641128063202,0.8583488464355469,-0.490966796875,-0.29941150546073914,0.5127154588699341,0.8033230900764465,3.235614776611328,1.681348204612732,0.15350574254989624,628.9679,636.01294,259.0,259.0,518,518
704,0704.png,0.9353567361831665,-0.04967112094163895,0.3503972589969635,0.23501266539096832,0.8242801427841187,-0.5157933235168457,-0.2598526179790497,0.5642553567886353,0.78240966796875,1.3397984504699707,1.8082398176193237,0.392538845539093,586.23535,589.3467,259.0,259.0,518,518
705,0705.png,0.9294368624687195,-0.04338838905096054,0.3667830526828766,0.23720139265060425,0.8284501433372498,-0.5080428719520569,-0.2784688174724579,0.5586146712303162,0.7799740433692932,1.498584508895874,1.8090530633926392,0.3812137842178345,615.2711,615.2711,259.0,259.0,518,518
706,0706.png,0.9270532131195068,-0.04388725757598877,0.37276914715766907,0.24089862406253815,0.8283292055130005,-0.5064839720726013,-0.28315669298171997,0.5587859153747559,0.7781416773796082,1.6660820245742798,1.8171437978744507,0.389885812997818,628.9679,628.9679,259.0,259.0,518,518
707,0707.png,0.9256784915924072,-0.04117593541741371,0.37651515007019043,0.2419254183769226,0.826294481754303,-0.5093065500259399,-0.28676047921180725,0.5619900822639465,0.7744895815849304,1.8410853147506714,1.817787766456604,0.39979881048202515,636.01294,639.5864,259.0,259.0,518,518
708,0708.png,0.9245472550392151,-0.04062899574637413,0.37937209010124207,0.24313582479953766,0.8262075781822205,-0.5088664293289185,-0.2893940210342407,0.5621525645256042,0.7733802795410156,2.016404151916504,1.8207968473434448,0.3961511254310608,639.5864,639.5864,259.0,259.0,518,518
709,0709.png,0.9240666031837463,-0.03857865557074547,0.3807692527770996,0.24290229380130768,0.825126588344574,-0.5107293725013733,-0.291103720664978,0.5638796091079712,0.7714712023735046,2.1955504417419434,1.8193140029907227,0.3991060256958008,639.5864,639.5864,259.0,259.0,518,518
710,0710.png,0.923963725566864,-0.03805186599493027,0.3810751438140869,0.2434430718421936,0.8236430287361145,-0.512860119342804,-0.2909853458404541,0.5660862326622009,0.7698980569839478,2.3759279251098633,1.8187981843948364,0.39790940284729004,636.01294,636.01294,259.0,259.0,518,518
711,0711.png,0.9227146506309509,-0.03634008392691612,0.38428783416748047,0.24364514648914337,0.8242099285125732,-0.5118517279624939,-0.29475924372673035,0.5653701424598694,0.7689723968505859,2.5556416511535645,1.819756269454956,0.38647058606147766,632.4736,632.4736,259.0,259.0,518,518
712,0712.png,0.9202384352684021,-0.027966732159256935,0.39093559980392456,0.24068599939346313,0.8248358964920044,-0.5122546553611755,-0.3047487437725067,0.5649316310882568,0.7653505206108093,2.7485129833221436,1.8132381439208984,0.36191925406455994,628.9679,632.4736,259.0,259.0,518,518
713,0713.png,0.9163432121276855,-0.02384854666888714,0.400337278842926,0.24353854358196259,0.8235774636268616,-0.5129199624061584,-0.31408804655075073,0.5669767260551453,0.760002613067627,2.923931121826172,1.8197028636932373,0.3353787362575531,625.4953,628.9679,259.0,259.0,518,518
714,0714.png,0.9083279967308044,-0.0077380649745464325,0.4189716577529907,0.24244019389152527,0.8227795958518982,-0.514721691608429,-0.33733439445495605,0.5685831904411316,0.7486621141433716,3.095616579055786,1.819411277770996,0.22940990328788757,605.3277,608.6117,259.0,259.0,518,518
715,0715.png,0.9330050349235535,-0.03573146462440491,0.35837090015411377,0.23197808861732483,0.8176300525665283,-0.5276303887367249,-0.27080392837524414,0.5748628377914429,0.7708387970924377,1.3335051536560059,1.6705684661865234,0.5469185709953308,602.0735,605.3277,259.0,259.0,518,518
716,0716.png,0.9267359375953674,-0.039038531482219696,0.37411031126976013,0.24214068055152893,0.8199983239173889,-0.5192824602127075,-0.28316035866737366,0.571270227432251,0.7690168023109436,1.484508752822876,1.686418056488037,0.5326669216156006,615.2711,615.2711,259.0,259.0,518,518
717,0717.png,0.9244652986526489,-0.036021795123815536,0.3800448477268219,0.2383967787027359,0.8292957544326782,-0.506095826625824,-0.29354408383369446,0.5579124689102173,0.7748693227767944,1.661203384399414,1.6847102642059326,0.5087146759033203,632.4736,636.01294,259.0,259.0,518,518
718,0718.png,0.9252086877822876,-0.04029327630996704,0.377776175737381,0.23973660171031952,0.8306024074554443,-0.5033067464828491,-0.2901141047477722,0.5556610822677612,0.7777888774871826,1.8401529788970947,1.6869162321090698,0.516437292098999,636.01294,639.5864,259.0,259.0,518,518
719,0719.png,0.9241642951965332,-0.03997677564620972,0.3803834021091461,0.24137116968631744,0.8297184705734253,-0.5039769411087036,-0.292081356048584,0.557004451751709,0.776080846786499,2.0173141956329346,1.689616084098816,0.5097510814666748,632.4736,636.01294,259.0,259.0,518,518
720,0720.png,0.9232356548309326,-0.037817519158124924,0.3828766644001007,0.24231381714344025,0.8274029493331909,-0.5073170065879822,-0.2942310869693756,0.5605889558792114,0.7726702094078064,2.199106216430664,1.689044713973999,0.5100061893463135,632.4736,636.01294,259.0,259.0,518,518
721,0721.png,0.9227768182754517,-0.035890839993953705,0.38417932391166687,0.24202467501163483,0.8265388011932373,-0.5088625550270081,-0.29590094089508057,0.5619875192642212,0.7710071802139282,2.3811964988708496,1.6883983612060547,0.5065032839775085,628.9679,632.4736,259.0,259.0,518,518
722,0722.png,0.9227818250656128,-0.03577771782875061,0.3841778039932251,0.2424214482307434,0.8256133794784546,-0.510172963142395,-0.2955537736415863,0.5633604526519775,0.7701388597488403,2.565062999725342,1.686250925064087,0.5099461078643799,628.9679,628.9679,259.0,259.0,518,518
723,0723.png,0.9212446212768555,-0.033600252121686935,0.3880828320980072,0.24384944140911102,0.8239012360572815,-0.5122504830360413,-0.29915666580200195,0.5659928321838379,0.7667942643165588,2.745553493499756,1.687904953956604,0.4956943988800049,622.05524,625.4953,259.0,259.0,518,518
724,0724.png,0.9194847345352173,-0.032189831137657166,0.3923943340778351,0.2447698563337326,0.8246853947639465,-0.5105433464050293,-0.30380240082740784,0.5649154186248779,0.7657430768013,2.9378323554992676,1.6915476322174072,0.4841805100440979,622.05524,622.05524,259.0,259.0,518,518
725,0725.png,0.91476970911026,-0.022670244798064232,0.4040212333202362,0.2448858916759491,0.8232628107070923,-0.5127784609794617,-0.3176208734512329,0.5674466490745544,0.7581667900085449,3.1264212131500244,1.6910450458526611,0.4518328309059143,628.9679,628.9679,259.0,259.0,518,518
726,0726.png,0.9534411430358887,-0.04378142207860947,0.29792630672454834,0.1974714696407318,0.8340007662773132,-0.5160462260246277,-0.2229066789150238,0.5503206849098206,0.8035982251167297,1.3996695280075073,1.4661753177642822,0.6999884843826294,611.9261,615.2711,259.0,259.0,518,518
727,0727.png,0.9346521496772766,-0.03312670439481735,0.35426202416419983,0.21397997438907623,0.8453092575073242,-0.49035465717315674,-0.2797277569770813,0.5335226058959961,0.7969170212745667,1.5273274183273315,1.511738896369934,0.6018161773681641,632.4736,628.9679,259.0,259.0,518,518
728,0728.png,0.9347619414329529,-0.03617441654205322,0.3536697328090668,0.22587577998638153,0.825823962688446,-0.5174371004104614,-0.2699236273765564,0.5630152225494385,0.7798494100570679,1.6942551136016846,1.5218989849090576,0.6369110345840454,598.8487,595.6529,259.0,259.0,518,518
729,0729.png,0.9277622103691101,-0.03677850216627121,0.3717665374279022,0.23361316323280334,0.8309563398361206,-0.5056201815605164,-0.2869873642921448,0.555372953414917,0.7791664004325867,1.8481682538986206,1.5402888059616089,0.6233814358711243,611.9261,611.9261,259.0,259.0,518,518
730,0730.png,0.9244170784950256,-0.038929641246795654,0.379872590303421,0.2391495704650879,0.8318957686424255,-0.5014488101005554,-0.2931116223335266,0.5538213849067688,0.7779651880264282,2.017932176589966,1.5537846088409424,0.6278793811798096,625.4953,628.9679,259.0,259.0,518,518
731,0731.png,0.9229056239128113,-0.03667784109711647,0.383791446685791,0.24123534560203552,0.8287631273269653,-0.5056118965148926,-0.29614683985710144,0.5586522817611694,0.7733333706855774,2.200057029724121,1.5546224117279053,0.6381722092628479,628.9679,628.9679,259.0,259.0,518,518
732,0732.png,0.9229979515075684,-0.037254560738801956,0.3835107982158661,0.24218448996543884,0.8275015354156494,-0.5072183012962341,-0.2950822412967682,0.5604809522628784,0.7724204659461975,2.386089563369751,1.5548254251480103,0.6515507698059082,632.4736,636.01294,259.0,259.0,518,518
733,0733.png,0.9229587912559509,-0.03689160943031311,0.3836415708065033,0.24235454201698303,0.8267941474914551,-0.508289098739624,-0.295065313577652,0.561548113822937,0.7716510891914368,2.572230100631714,1.5543212890625,0.64771568775177,628.9679,628.9679,259.0,259.0,518,518
734,0734.png,0.9207631945610046,-0.03328526020050049,0.3892629146575928,0.24360528588294983,0.8251465559005737,-0.5103597640991211,-0.300838828086853,0.5641888380050659,0.7674592137336731,2.754793167114258,1.5554004907608032,0.623035728931427,618.64734,622.05524,259.0,259.0,518,518
735,0735.png,0.9184963703155518,-0.03339289501309395,0.39462319016456604,0.24729152023792267,0.8239361047744751,-0.5105279684066772,-0.30473947525024414,0.5659627914428711,0.7645918130874634,2.935096502304077,1.561507225036621,0.6066218614578247,611.9261,615.2711,259.0,259.0,518,518
736,0736.png,0.9185488820075989,-0.02834276296198368,0.394901305437088,0.24242451786994934,0.8262249231338501,-0.5091801881790161,-0.30846285820007324,0.5628856420516968,0.7653553485870361,3.1468632221221924,1.5516114234924316,0.6057401895523071,622.05524,625.4953,259.0,259.0,518,518
737,0737.png,0.9951269030570984,-0.046810343861579895,0.07290345430374146,0.07802851498126984,0.8193213939666748,-0.5691388249397278,-0.029410213232040405,0.5715861320495605,0.8199880123138428,1.4959399700164795,1.0565468072891235,1.160229206085205,615.2711,618.64734,259.0,259.0,518,518
738,0738.png,0.954807460308075,-0.009018432348966599,0.2966291606426239,0.1696196049451828,0.8327938318252563,-0.527910590171814,-0.23890194296836853,0.5538167953491211,0.7965095043182373,1.6167266368865967,1.2579149007797241,0.8050220608711243,618.64734,618.64734,259.0,259.0,518,518
739,0739.png,0.9355559349060059,-0.04386989027261734,0.35064205527305603,0.22172003984451294,0.8428040742874146,-0.49120402336120605,-0.2704560458660126,0.5367242097854614,0.7980073690414429,1.6943573951721191,1.3866771459579468,0.7575973868370056,615.2711,615.2711,259.0,259.0,518,518
740,0740.png,0.9263803362846375,-0.03690999373793602,0.3752172589302063,0.23375150561332703,0.8343974947929382,-0.4998551607131958,-0.29124900698661804,0.5501556396484375,0.7812686562538147,1.8510551452636719,1.4103738069534302,0.7887317538261414,646.8377,650.51666,259.0,259.0,518,518
741,0741.png,0.9235871434211731,-0.041237227618694305,0.38166069984436035,0.24013260006904602,0.8351666331291199,-0.49550169706344604,-0.2949163019657135,0.5487159490585327,0.7808897495269775,2.0194380283355713,1.4243295192718506,0.7848312258720398,646.8377,654.232,259.0,259.0,518,518
742,0742.png,0.9227560758590698,-0.036932576447725296,0.3841295838356018,0.2397288680076599,0.8322898745536804,-0.5005149245262146,-0.2978295385837555,0.553367018699646,0.7764759063720703,2.2015323638916016,1.4193475246429443,0.7770702242851257,639.5864,643.19446,259.0,259.0,518,518
743,0743.png,0.9235156774520874,-0.040131401270627975,0.3819548785686493,0.24219579994678497,0.830001950263977,-0.5031106472015381,-0.2934419810771942,0.5565751791000366,0.775870144367218,2.385636568069458,1.4216711521148682,0.7917813658714294,636.01294,636.01294,259.0,259.0,518,518
744,0744.png,0.9232798218727112,-0.03895025700330734,0.3826540410518646,0.2425457239151001,0.8283554315567017,-0.5056479573249817,-0.2938975691795349,0.5591042041778564,0.773874044418335,2.5747904777526855,1.4209402799606323,0.7812924981117249,625.4953,625.4953,259.0,259.0,518,518
745,0745.png,0.9216533303260803,-0.03742040693759918,0.3867466151714325,0.24447764456272125,0.8267530202865601,-0.5073300004005432,-0.2973865270614624,0.5615687966346741,0.7707347869873047,2.7604737281799316,1.4245994091033936,0.7700316905975342,622.05524,622.05524,259.0,259.0,518,518
746,0746.png,0.9213957786560059,-0.03502599149942398,0.3875926434993744,0.24272572994232178,0.8275312185287476,-0.5069090723991394,-0.29961010813713074,0.5605812668800354,0.7705835700035095,2.9517171382904053,1.4196007251739502,0.766074001789093,622.05524,625.4953,259.0,259.0,518,518
747,0747.png,0.9203258156776428,-0.03061341494321823,0.3905271887779236,0.24293415248394012,0.8239540457725525,-0.5126035809516907,-0.3027024269104004,0.5660907030105591,0.7653147578239441,3.145437717437744,1.4125618934631348,0.7523654103279114,618.64734,618.64734,259.0,259.0,518,518
748,0748.png,0.9969854950904846,0.0532192587852478,-0.019977107644081116,-0.05624919384717941,0.8018329739570618,-0.5961329936981201,-0.012108266353607178,0.5951459407806396,0.8037875294685364,1.5601762533187866,0.59548020362854,1.39100980758667,574.0605,580.09467,259.0,259.0,518,518
749,0749.png,0.9919307231903076,0.061526454985141754,0.10101419687271118,0.0038420874625444412,0.8277676701545715,-0.5625800490379333,-0.1141129732131958,0.5580282807350159,0.8213958144187927,1.7345613241195679,0.7499269247055054,1.1912569999694824,602.0735,605.3277,259.0,259.0,518,518
750,0750.png,0.9527807235717773,0.015256211161613464,0.3028866946697235,0.15900392830371857,0.8212661743164062,-0.548892080783844,-0.2539486289024353,0.5705694556236267,0.779775857925415,1.80667245388031,1.0784558057785034,0.9624876976013184,628.9679,632.4736,259.0,259.0,518,518
751,0751.png,0.9220064282417297,-0.02572963386774063,0.38686519861221313,0.23460158705711365,0.8288268446922302,-0.5086454749107361,-0.3041749596595764,0.5591727495193481,0.7697999477386475,1.876939058303833,1.2648394107818604,0.876676619052887,632.4736,632.4736,259.0,259.0,518,518
752,0752.png,0.9252443313598633,-0.035693682730197906,0.37815678119659424,0.2400149554014206,0.8237473964691162,-0.5143200159072876,-0.2897709906101227,0.5660759806632996,0.7703685164451599,2.046152353286743,1.2742433547973633,0.9348028302192688,636.01294,639.5864,259.0,259.0,518,518
753,0753.png,0.9208927750587463,-0.039932526648044586,0.3883187174797058,0.2431054264307022,0.8344095349311829,-0.4953162372112274,-0.30085289478302,0.5499411821365356,0.7777315378189087,2.211627960205078,1.2995247840881348,0.91593998670578,654.232,657.9841,259.0,259.0,518,518
754,0754.png,0.9249899387359619,-0.042306192219257355,0.3780941665172577,0.24178668856620789,0.8299180865287781,-0.5034472346305847,-0.2891053259372711,0.5565378069877625,0.7775413393974304,2.393984079360962,1.2889149188995361,0.9234611988067627,628.9679,632.4736,259.0,259.0,518,518
755,0755.png,0.9234960079193115,-0.03971834108233452,0.38204655051231384,0.24248912930488586,0.8289360404014587,-0.5047229528427124,-0.29326286911964417,0.5581891536712646,0.7747777700424194,2.5754261016845703,1.2887312173843384,0.9034995436668396,622.05524,625.4953,259.0,259.0,518,518
756,0756.png,0.922858476638794,-0.03768954798579216,0.38380658626556396,0.241665318608284,0.829407811164856,-0.5043460726737976,-0.29593953490257263,0.5576289892196655,0.7741521596908569,2.7600598335266113,1.2873866558074951,0.8959766626358032,622.05524,622.05524,259.0,259.0,518,518
757,0757.png,0.9214351177215576,-0.03371584415435791,0.38761600852012634,0.24112766981124878,0.8286949992179871,-0.5057753324508667,-0.30077823996543884,0.5589426159858704,0.7713140845298767,2.94459867477417,1.2834117412567139,0.8829903602600098,622.05524,622.05524,259.0,259.0,518,518
758,0758.png,0.9203944802284241,-0.02986849844455719,0.3904222548007965,0.23983527719974518,0.8285552859306335,-0.5066231489181519,-0.30496907234191895,0.5593665838241577,0.7693409323692322,3.1319706439971924,1.2789160013198853,0.8705419301986694,622.05524,622.05524,259.0,259.0,518,518
759,0759.png,0.9897893667221069,0.08901403844356537,-0.103382408618927,-0.13103200495243073,0.8297854661941528,-0.543818473815918,0.041043758392333984,0.5515428185462952,0.8333005905151367,1.5663069486618042,0.40594640374183655,1.5293062925338745,602.0735,611.9261,259.0,259.0,518,518
760,0760.png,0.9950377941131592,0.04784442484378815,0.07627458870410919,0.004357635043561459,0.8119269013404846,-0.5848925709724426,-0.08759181201457977,0.581966757774353,0.8077666163444519,1.721584439277649,0.5827770829200745,1.4678434133529663,618.64734,625.4953,259.0,259.0,518,518
761,0761.png,0.9778439402580261,0.006396055221557617,0.20592644810676575,0.11332666873931885,0.8135049343109131,-0.5712880492210388,-0.1673971265554428,0.58188396692276,0.795016348361969,1.8518314361572266,0.8309662938117981,1.2969409227371216,602.0735,605.3277,259.0,259.0,518,518
762,0762.png,0.934402585029602,-0.015031266957521439,0.3561713993549347,0.20877785980701447,0.8301688432693481,-0.5177314281463623,-0.28451716899871826,0.5575695037841797,0.7785130143165588,1.961258888244629,1.085516095161438,1.0402114391326904,625.4953,625.4953,259.0,259.0,518,518
763,0763.png,0.928162693977356,-0.034928519278764725,0.3709351420402527,0.23522809147834778,0.8240773677825928,-0.5160183310508728,-0.284307062625885,0.5656744241714478,0.7727187275886536,2.096151351928711,1.1385809183120728,1.0360645055770874,615.2711,615.2711,259.0,259.0,518,518
764,0764.png,0.9231707453727722,-0.03789404407143593,0.3830268681049347,0.2407427430152893,0.8306369781494141,-0.502765417098999,-0.29571789503097534,0.5557824373245239,0.7755651473999023,2.252336263656616,1.1664268970489502,1.0135937929153442,625.4953,625.4953,259.0,259.0,518,518
765,0765.png,0.9229642748832703,-0.03966548293828964,0.38334783911705017,0.24191947281360626,0.831267774105072,-0.5011506676673889,-0.2953921854496002,0.5547167658805847,0.77645343542099,2.4175779819488525,1.1689350605010986,1.0065579414367676,625.4953,625.4953,259.0,259.0,518,518
766,0766.png,0.9230077862739563,-0.03943324461579323,0.3832661509513855,0.24221915006637573,0.8302939534187317,-0.5026170611381531,-0.29501527547836304,0.5561893582344055,0.7755436897277832,2.586970090866089,1.1678473949432373,1.0160244703292847,628.9679,628.9679,259.0,259.0,518,518
767,0767.png,0.9226837754249573,-0.03698469325900078,0.38429996371269226,0.24065488576889038,0.8308064341545105,-0.50252765417099,-0.29730522632598877,0.5555905699729919,0.7750889658927917,2.761040449142456,1.1628625392913818,1.0111668109893799,628.9679,632.4736,259.0,259.0,518,518
768,0768.png,0.9228953719139099,-0.03684678301215172,0.38379988074302673,0.2409062683582306,0.8296289443969727,-0.5043483376502991,-0.29644331336021423,0.5573565363883972,0.7741536498069763,2.9329681396484375,1.1614402532577515,1.011091709136963,628.9679,628.9679,259.0,259.0,518,518
769,0769.png,0.9222445487976074,-0.03492296114563942,0.38555827736854553,0.23985451459884644,0.8306726217269897,-0.5031343102455139,-0.2993145287036896,0.5559265613555908,0.7740655541419983,3.107001543045044,1.1602883338928223,1.0058587789535522,632.4736,632.4736,259.0,259.0,518,518
770,0770.png,0.9582263827323914,0.04421478509902954,-0.2735103964805603,-0.1966034471988678,0.8097540140151978,-0.5547905564308167,0.20067405700683594,0.5849895477294922,0.7864002585411072,1.3374266624450684,0.12411707639694214,2.044435739517212,618.64734,625.4953,259.0,259.0,518,518
771,0771.png,0.9978765845298767,0.04276446998119354,-0.012037187814712524,-0.04164544492959976,0.7843871712684631,-0.6198235154151917,-0.015554934740066528,0.619143009185791,0.7847143411636353,1.664376139640808,0.3357698321342468,1.743527889251709,632.4736,643.19446,259.0,259.0,518,518
772,0772.png,0.9991299510002136,-0.0012724250555038452,0.0017198622226715088,0.0007359310984611511,0.8378484845161438,-0.5472981929779053,0.0007822215557098389,0.5461223721504211,0.8374010324478149,1.8086957931518555,0.495771586894989,1.7859755754470825,611.9261,611.9261,259.0,259.0,518,518
773,0773.png,0.9468041658401489,-0.045693863183259964,0.3183002471923828,0.21362218260765076,0.825942873954773,-0.5224651098251343,-0.23565903306007385,0.5621317625045776,0.7916097640991211,1.957733154296875,0.9709160923957825,1.271743893623352,608.6117,608.6117,259.0,259.0,518,518
774,0774.png,0.925585150718689,-0.06653257459402084,0.3730599880218506,0.26095670461654663,0.8227046132087708,-0.505635142326355,-0.2698771357536316,0.5648027658462524,0.7785691618919373,2.0873258113861084,1.0886290073394775,1.1810190677642822,602.0735,595.6529,259.0,259.0,518,518
775,0775.png,0.9297206401824951,-0.04586302489042282,0.36574798822402954,0.2400595247745514,0.8253445029258728,-0.5117314457893372,-0.2750149965286255,0.5630098581314087,0.7780489921569824,2.2823448181152344,1.029834270477295,1.1820472478866577,615.2711,611.9261,259.0,259.0,518,518
776,0776.png,0.9249560236930847,-0.04956952482461929,0.37728390097618103,0.24812205135822296,0.8274013996124268,-0.5044809579849243,-0.28380730748176575,0.5596743226051331,0.7772625088691711,2.433743715286255,1.0627105236053467,1.1575262546539307,618.64734,618.64734,259.0,259.0,518,518
777,0777.png,0.9237498641014099,-0.045354265719652176,0.38078922033309937,0.24530865252017975,0.8303755521774292,-0.5009690523147583,-0.29008549451828003,0.5556097626686096,0.777836263179779,2.5993492603302,1.0592830181121826,1.138047218322754,622.05524,622.05524,259.0,259.0,518,518
778,0778.png,0.9238533973693848,-0.0413745753467083,0.38099411129951477,0.24226103723049164,0.8306524753570557,-0.5020038485527039,-0.29231151938438416,0.5555205941200256,0.7770569324493408,2.7657809257507324,1.0503240823745728,1.1401665210723877,628.9679,628.9679,259.0,259.0,518,518
779,0779.png,0.9231548309326172,-0.037996985018253326,0.38305532932281494,0.24010656774044037,0.8320075869560242,-0.5008015036582947,-0.2962830662727356,0.5537221431732178,0.7768204808235168,2.9326064586639404,1.046759009361267,1.1212666034698486,622.05524,622.05524,259.0,259.0,518,518
780,0780.png,0.9229790568351746,-0.03861195966601372,0.38342058658599854,0.24125069379806519,0.8311004042625427,-0.5017528533935547,-0.29589542746543884,0.5550415515899658,0.7760274410247803,3.096837282180786,1.0474941730499268,1.130942463874817,625.4953,625.4953,259.0,259.0,518,518
781,0781.png,-0.2210642695426941,0.1868073046207428,-0.95761638879776,-0.7435071468353271,0.5989037156105042,0.2866532504558563,0.6270408630371094,0.7741189002990723,0.011582508683204651,-1.3372936248779297,-0.6179109215736389,2.616330862045288,608.6117,611.9261,259.0,259.0,518,518
782,0782.png,0.5859555006027222,0.19750508666038513,-0.7843296527862549,-0.6141298413276672,0.7387694120407104,-0.2794360816478729,0.5256873965263367,0.6427587270736694,0.5555875301361084,0.5392420291900635,-0.7902934551239014,2.8673558235168457,602.0735,598.8487,259.0,259.0,518,518
783,0783.png,0.9561870098114014,0.09997162222862244,-0.26570796966552734,-0.2349041849374771,0.8091517090797424,-0.5406060814857483,0.16302794218063354,0.5791216492652893,0.7985528707504272,1.6050171852111816,-0.1497686505317688,2.227693557739258,602.0735,602.0735,259.0,259.0,518,518
784,0784.png,0.9782390594482422,0.04397646337747574,0.20032352209091187,0.0785640999674797,0.8150011301040649,-0.5754216909408569,-0.18542206287384033,0.5779759287834167,0.7937838435173035,2.0067622661590576,0.4772471785545349,1.4779644012451172,592.4857,589.3467,259.0,259.0,518,518
785,0785.png,0.9661318063735962,-0.04237492382526398,0.25328755378723145,0.1731376200914383,0.8308398127555847,-0.5297781825065613,-0.1843111664056778,0.5551310181617737,0.810224711894989,2.0912230014801025,0.7496081590652466,1.4991025924682617,611.9261,608.6117,259.0,259.0,518,518
786,0786.png,0.9268661737442017,-0.06369256973266602,0.3703407347202301,0.261071115732193,0.814612627029419,-0.5185076594352722,-0.26541322469711304,0.5768270492553711,0.7712680697441101,2.2289702892303467,0.9449170231819153,1.2959001064300537,595.6529,589.3467,259.0,259.0,518,518
787,0787.png,0.9243961572647095,-0.04587947204709053,0.37913790345191956,0.25119611620903015,0.8177717924118042,-0.5184562802314758,-0.28289490938186646,0.5739867091178894,0.7670906186103821,2.416444778442383,0.9308825135231018,1.267399787902832,608.6117,605.3277,259.0,259.0,518,518
788,0788.png,0.926015317440033,-0.05595683306455612,0.37373656034469604,0.2490653097629547,0.8312960267066956,-0.4975622296333313,-0.27945032715797424,0.5532634854316711,0.7834280133247375,2.582526683807373,0.9541946053504944,1.2797741889953613,625.4953,622.05524,259.0,259.0,518,518
789,0789.png,0.9291696548461914,-0.05403239279985428,0.366033673286438,0.24542374908924103,0.827350378036499,-0.5058932900428772,-0.27214860916137695,0.5593419671058655,0.7817069292068481,2.7521517276763916,0.9348690509796143,1.3151038885116577,632.4736,628.9679,259.0,259.0,518,518
790,0790.png,0.9282559752464294,-0.04501538723707199,0.36959540843963623,0.24007399380207062,0.8282244205474854,-0.5070496201515198,-0.2798897325992584,0.558858335018158,0.7792853116989136,2.9256911277770996,0.9181699752807617,1.2755730152130127,618.64734,615.2711,259.0,259.0,518,518
791,0791.png,0.9229158759117126,-0.04104743152856827,0.3833180069923401,0.2439097911119461,0.8294658064842224,-0.5031599998474121,-0.2939131259918213,0.5573098063468933,0.7751621007919312,3.0956168174743652,0.9318003058433533,1.22621750831604,618.64734,615.2711,259.0,259.0,518,518
792,0792.png,0.7777751684188843,-0.06547991186380386,0.6271207332611084,0.35236912965774536,0.8688823580741882,-0.34841376543045044,-0.5184286832809448,0.4912455379962921,0.6974005699157715,2.819613456726074,1.373595118522644,0.43029528856277466,812.47845,812.47845,259.0,259.0,518,518
793,0793.png,0.6776623725891113,-0.08446283638477325,0.7319868803024292,0.4604068398475647,0.823508083820343,-0.3314133584499359,-0.5715432167053223,0.5610602498054504,0.5953872203826904,2.5806703567504883,1.5961315631866455,0.264540433883667,812.47845,807.0281,259.0,259.0,518,518
794,0794.png,0.8204014897346497,-0.07722855359315872,0.5680914521217346,0.3531053364276886,0.8469693660736084,-0.39777734875679016,-0.4470156729221344,0.526387095451355,0.7211587429046631,2.7387948036193848,1.2740849256515503,0.7010383605957031,751.16876,746.43463,259.0,259.0,518,518
795,0795.png,0.8426848649978638,-0.0636688843369484,0.5357828736305237,0.30707862973213196,0.8722817897796631,-0.38129037618637085,-0.4399719834327698,0.4853512942790985,0.7535617351531982,2.723067283630371,1.176857352256775,0.7540351152420044,714.7298,714.7298,259.0,259.0,518,518
796,0796.png,0.7814414501190186,-0.07000657916069031,0.6220309138298035,0.3581306040287018,0.8638848066329956,-0.3548692762851715,-0.5088815093040466,0.4993748962879181,0.6986960768699646,2.794410467147827,1.3779693841934204,0.4705403447151184,636.01294,628.9679,259.0,259.0,518,518
797,0797.png,0.8073135018348694,-0.07427706569433212,0.5873396396636963,0.3563576340675354,0.8517288565635681,-0.3847472369670868,-0.46789366006851196,0.5193731188774109,0.7127974629402161,2.780940055847168,1.3300026655197144,0.6258682608604431,636.01294,625.4953,259.0,259.0,518,518
798,0798.png,0.8316353559494019,-0.07144348323345184,0.5525674819946289,0.35104140639305115,0.8357210755348206,-0.4228944182395935,-0.42819058895111084,0.5445842146873474,0.7190729379653931,2.8049402236938477,1.2197189331054688,0.7776623368263245,622.05524,615.2711,259.0,259.0,518,518
799,0799.png,0.8644499778747559,-0.05877809226512909,0.5009723901748657,0.31916242837905884,0.8311581611633301,-0.4559125006198883,-0.3859306573867798,0.5534064769744873,0.736221432685852,2.8440301418304443,1.0658049583435059,0.9320489764213562,625.4953,615.2711,259.0,259.0,518,518
800,0800.png,0.9068028330802917,-0.0697411522269249,0.41705822944641113,0.2918733060359955,0.8139322996139526,-0.5029767751693726,-0.30177968740463257,0.5769360065460205,0.7572784423828125,2.8575022220611572,0.8699955940246582,1.2714647054672241,628.9679,622.05524,259.0,259.0,518,518
801,0801.png,0.8616729974746704,-0.08437015861272812,0.5021440386772156,0.32657235860824585,0.8461006283760071,-0.42198464274406433,-0.3862345814704895,0.5270609855651855,0.7550866603851318,2.7683286666870117,1.183525562286377,0.9209019541740417,605.3277,598.8487,259.0,259.0,518,518
802,0802.png,0.8629776835441589,-0.07062650471925735,0.5020802021026611,0.3295942544937134,0.8284053206443787,-0.4534357488155365,-0.3803575932979584,0.5564961433410645,0.7369339466094971,2.790412425994873,1.1021778583526611,1.0272523164749146,598.8487,592.4857,259.0,259.0,518,518
803,0803.png,0.8231943249702454,-0.08844961225986481,0.5627046227455139,0.335006445646286,0.8729473352432251,-0.3553999066352844,-0.4561636745929718,0.48032617568969727,0.7469951510429382,2.778848886489868,1.3243064880371094,0.6502262353897095,673.37256,665.601,259.0,259.0,518,518
804,0804.png,0.8039180636405945,-0.07012619823217392,0.5925173759460449,0.34433215856552124,0.8642942905426025,-0.3673761487007141,-0.48252567648887634,0.4986635148525238,0.7177532911300659,2.820366382598877,1.3174140453338623,0.5640937089920044,646.8377,636.01294,259.0,259.0,518,518
805,0805.png,0.8038625717163086,-0.0728050097823143,0.5922703146934509,0.3472599387168884,0.8629607558250427,-0.3677407205104828,-0.4805231988430023,0.5005361437797546,0.7177984118461609,2.821115493774414,1.3229341506958008,0.5696104168891907,625.4953,618.64734,259.0,259.0,518,518
806,0806.png,0.8106886744499207,-0.0753382071852684,0.5825234651565552,0.3444388210773468,0.8630353212356567,-0.370219886302948,-0.47137144207954407,0.500058114528656,0.7241898775100708,2.8315916061401367,1.3101519346237183,0.6022005677223206,622.05524,611.9261,259.0,259.0,518,518
807,0807.png,0.778462290763855,-0.0714869424700737,0.6256057620048523,0.3972429633140564,0.8249321579933167,-0.40242284536361694,-0.48376643657684326,0.5611965656280518,0.6691111922264099,2.6147871017456055,1.4541151523590088,0.5450114011764526,646.8377,636.01294,259.0,259.0,518,518
808,0808.png,0.8705312609672546,-0.0733204185962677,0.4881763160228729,0.32437169551849365,0.828092098236084,-0.45781874656677246,-0.36705154180526733,0.5566346049308777,0.7435325384140015,2.737114429473877,1.1675746440887451,0.9758414030075073,605.3277,598.8487,259.0,259.0,518,518
809,0809.png,0.9012356996536255,-0.07028725743293762,0.42900168895721436,0.30050140619277954,0.8098585605621338,-0.5045722126960754,-0.30892038345336914,0.5830142498016357,0.7499532699584961,2.7819504737854004,0.9622389674186707,1.2145955562591553,611.9261,605.3277,259.0,259.0,518,518
810,0810.png,0.8965474963188171,-0.05505397170782089,0.44073396921157837,0.30870214104652405,0.7869762182235718,-0.5347792506217957,-0.31417062878608704,0.6142566204071045,0.7222697138786316,2.8006622791290283,0.8714090585708618,1.2276966571807861,598.8487,592.4857,259.0,259.0,518,518
811,0811.png,0.9109950661659241,-0.05811721831560135,0.40936052799224854,0.29679974913597107,0.7765836715698242,-0.5565836429595947,-0.28168785572052,0.6273927688598633,0.724635899066925,2.808354616165161,0.7194462418556213,1.4109342098236084,595.6529,589.3467,259.0,259.0,518,518
812,0812.png,0.9171090126037598,-0.06836166977882385,0.39380812644958496,0.29293757677078247,0.779904842376709,-0.5536798238754272,-0.2663082182407379,0.6223131418228149,0.7345370650291443,2.7735674381256104,0.6826183199882507,1.4696052074432373,592.4857,583.15155,259.0,259.0,518,518
813,0813.png,0.8963258862495422,-0.062199875712394714,0.44027140736579895,0.3154327869415283,0.7834979295730591,-0.5357890129089355,-0.3084232211112976,0.6188691258430481,0.7209765911102295,2.8178467750549316,0.7206888198852539,1.3368550539016724,586.23535,583.15155,259.0,259.0,518,518
814,0814.png,0.8278399109840393,-0.08039730787277222,0.5569995641708374,0.33019331097602844,0.8695563077926636,-0.36801427602767944,-0.4510122537612915,0.487837016582489,0.7452905774116516,2.806609630584717,1.2868010997772217,0.6770592927932739,685.3304,681.30347,259.0,259.0,518,518
815,0815.png,0.8441715240478516,-0.09946770966053009,0.5284880995750427,0.3339829444885254,0.8657451272010803,-0.37351641058921814,-0.4165579378604889,0.4911109507083893,0.7631381750106812,2.741182565689087,1.2860729694366455,0.7810906171798706,661.77356,657.9841,259.0,259.0,518,518
816,0816.png,0.8327221870422363,-0.08381000906229019,0.5491166710853577,0.3282333016395569,0.8704747557640076,-0.36760610342025757,-0.44344818592071533,0.4856517016887665,0.7512597441673279,2.8050785064697266,1.2735562324523926,0.7145844101905823,636.01294,632.4736,259.0,259.0,518,518
817,0817.png,0.8389937281608582,-0.0857207179069519,0.5391080975532532,0.3325415849685669,0.8619233965873718,-0.3835102915763855,-0.42786455154418945,0.5003135800361633,0.7507489323616028,2.7849087715148926,1.2571295499801636,0.7608620524406433,643.19446,643.19446,259.0,259.0,518,518
818,0818.png,0.8206546306610107,-0.08172307908535004,0.5674095153808594,0.39009958505630493,0.802452802658081,-0.4518301486968994,-0.4148395359516144,0.5914215445518494,0.6893783807754517,2.5861055850982666,1.3654839992523193,0.8083597421646118,615.2711,611.9261,259.0,259.0,518,518
819,0819.png,0.8982482552528381,-0.07402748614549637,0.4343263506889343,0.30713528394699097,0.8089116215705872,-0.5019504427909851,-0.31024283170700073,0.5832222104072571,0.7491812705993652,2.6495180130004883,1.0635044574737549,1.1721711158752441,598.8487,592.4857,259.0,259.0,518,518
820,0820.png,0.9226095676422119,-0.06687065958976746,0.3803914785385132,0.27068161964416504,0.8098301887512207,-0.5212149620056152,-0.26970118284225464,0.5830203890800476,0.7649644613265991,2.712763547897339,0.8857958316802979,1.2832388877868652,605.3277,598.8487,259.0,259.0,518,518
821,0821.png,0.9418760538101196,-0.05497688800096512,0.33171340823173523,0.23710432648658752,0.8023049235343933,-0.5487467050552368,-0.23327529430389404,0.5955119132995605,0.7675025463104248,2.7269251346588135,0.6821734309196472,1.4481760263442993,598.8487,592.4857,259.0,259.0,518,518
822,0822.png,0.9281989336013794,-0.06478483974933624,0.36740943789482117,0.2702023684978485,0.7901220321655273,-0.5507964491844177,-0.2515406608581543,0.6108530759811401,0.7495328187942505,2.756751298904419,0.6860002875328064,1.4252581596374512,583.15155,577.06445,259.0,259.0,518,518
823,0823.png,0.9689912796020508,-0.06200433522462845,0.2387370765209198,0.19131126999855042,0.7943159937858582,-0.577201783657074,-0.15030524134635925,0.6041953563690186,0.7819179892539978,2.715266227722168,0.4077204465866089,1.753082275390625,589.3467,589.3467,259.0,259.0,518,518
824,0824.png,0.9551920294761658,-0.0853162333369255,0.2846717834472656,0.23958587646484375,0.7809630036354065,-0.577262282371521,-0.1704857349395752,0.6193865537643433,0.7653967142105103,2.709817886352539,0.4071391820907593,1.7970311641693115,598.8487,592.4857,259.0,259.0,518,518
825,0825.png,0.8433715105056763,-0.07898726314306259,0.5332448482513428,0.31498491764068604,0.8737481832504272,-0.37147700786590576,-0.43279531598091125,0.48052677512168884,0.7607529759407043,2.8250527381896973,1.2278257608413696,0.753382682800293,701.86334,693.51044,259.0,259.0,518,518
826,0826.png,0.8534988760948181,-0.08546830713748932,0.5157341957092285,0.3196161091327667,0.8645263910293579,-0.38866662979125977,-0.4091187119483948,0.4958648383617401,0.7640957832336426,2.806541919708252,1.2148138284683228,0.8266403079032898,710.39496,706.10645,259.0,259.0,518,518
827,0827.png,0.8870540857315063,-0.11210121214389801,0.44925546646118164,0.3029215335845947,0.8725555539131165,-0.3841550052165985,-0.3451595902442932,0.4761269688606262,0.8072926998138428,2.7274270057678223,1.188988208770752,1.0266461372375488,677.3178,673.37256,259.0,259.0,518,518
828,0828.png,0.902836799621582,-0.09862075746059418,0.41981130838394165,0.29727256298065186,0.8453932404518127,-0.4445430040359497,-0.3076554536819458,0.5253206491470337,0.7919228076934814,2.693188190460205,1.0884424448013306,1.0931131839752197,605.3277,595.6529,259.0,259.0,518,518
829,0829.png,0.9416520595550537,-0.07755716890096664,0.3275131583213806,0.2462739199399948,0.8187570571899414,-0.5194849967956543,-0.22358545660972595,0.5693573355674744,0.7899757623672485,2.657836437225342,0.9205430150032043,1.3653442859649658,605.3277,595.6529,259.0,259.0,518,518
830,0830.png,0.9224344491958618,-0.0678306296467781,0.38101768493652344,0.27455422282218933,0.8040918111801147,-0.5278826355934143,-0.26793789863586426,0.5909891128540039,0.7594528198242188,2.5990118980407715,0.951544463634491,1.2384033203125,592.4857,586.23535,259.0,259.0,518,518
831,0831.png,0.933049738407135,-0.06947044283151627,0.35310569405555725,0.2611940801143646,0.8014715909957886,-0.5385624766349792,-0.24220503866672516,0.5944005250930786,0.7652762532234192,2.573676824569702,0.8361591100692749,1.3510632514953613,595.6529,586.23535,259.0,259.0,518,518
832,0832.png,0.8825375437736511,-0.11449892818927765,0.45756950974464417,0.33004194498062134,0.8408404588699341,-0.4296744465827942,-0.33217498660087585,0.5294037461280823,0.7790970802307129,2.681546211242676,0.5520143508911133,1.5956823825836182,605.3277,605.3277,259.0,259.0,518,518
833,0833.png,0.8749569058418274,-0.11893555521965027,0.4709078371524811,0.3438727557659149,0.8343603014945984,-0.43139684200286865,-0.3382192850112915,0.5386146903038025,0.7701048851013184,2.682159423828125,0.41485464572906494,1.6877375841140747,583.15155,583.15155,259.0,259.0,518,518
834,0834.png,0.8703131675720215,-0.11383006721735,0.48075297474861145,0.34366539120674133,0.8367710113525391,-0.42688676714897156,-0.3501240015029907,0.5358952879905701,0.7666208744049072,2.694108247756958,0.26395440101623535,1.8099677562713623,583.15155,586.23535,259.0,259.0,518,518
835,0835.png,0.8662163019180298,-0.13198454678058624,0.48347973823547363,0.348092257976532,0.8509896993637085,-0.39390966296195984,-0.3561723828315735,0.5087286233901978,0.7821767926216125,2.686774969100952,0.17774033546447754,1.9839816093444824,598.8487,602.0735,259.0,259.0,518,518
836,0836.png,0.8693568110466003,-0.12542927265167236,0.47958558797836304,0.3200284540653229,0.8794703483581543,-0.3531845808029175,-0.3736787438392639,0.45984718203544617,0.8039065599441528,2.7416839599609375,1.238539695739746,0.9845456480979919,701.86334,714.7298,259.0,259.0,518,518
837,0837.png,0.9025726914405823,-0.11674338579177856,0.41567525267601013,0.29354554414749146,0.8702512383460999,-0.39647501707077026,-0.3119186758995056,0.47911104559898376,0.8190931677818298,2.6614129543304443,1.150590181350708,1.0799657106399536,732.54663,737.1246,259.0,259.0,518,518
838,0838.png,0.920504629611969,-0.08608423173427582,0.3821934461593628,0.2743546664714813,0.8356854915618896,-0.476566880941391,-0.27493757009506226,0.5428091883659363,0.7922871708869934,2.518204927444458,1.1620259284973145,1.0582576990127563,636.01294,639.5864,259.0,259.0,518,518
839,0839.png,0.9015663266181946,-0.11940103769302368,0.4171120822429657,0.31431445479393005,0.8402041792869568,-0.44258439540863037,-0.2941962778568268,0.5293213129043579,0.7944207787513733,2.472892999649048,1.1178127527236938,1.1157469749450684,625.4953,625.4953,259.0,259.0,518,518
840,0840.png,0.8913904428482056,-0.10367651283740997,0.44263115525245667,0.31157395243644714,0.8464633822441101,-0.4324975609779358,-0.3263190984725952,0.5225954651832581,0.7861607670783997,2.465498685836792,0.978992223739624,1.1446744203567505,608.6117,608.6117,259.0,259.0,518,518
841,0841.png,0.886502742767334,-0.11686426401138306,0.44915610551834106,0.32339826226234436,0.848021388053894,-0.42055800557136536,-0.3284105658531189,0.5171999335289001,0.7888493537902832,2.453765630722046,0.8653138875961304,1.3001811504364014,611.9261,611.9261,259.0,259.0,518,518
842,0842.png,0.8841792345046997,-0.1204809918999672,0.4527982473373413,0.3293401300907135,0.8454042077064514,-0.42118924856185913,-0.3285556435585022,0.5207013487815857,0.7864786386489868,2.4499411582946777,0.7232625484466553,1.47185218334198,618.64734,618.64734,259.0,259.0,518,518
843,0843.png,0.8855912089347839,-0.12413340061903,0.44900643825531006,0.3318452537059784,0.8425211906433105,-0.424968421459198,-0.3222390115261078,0.5245322585105896,0.7865710258483887,2.448636054992676,0.565830409526825,1.624439001083374,605.3277,608.6117,259.0,259.0,518,518
844,0844.png,0.8827696442604065,-0.10800236463546753,0.45871227979660034,0.3208155930042267,0.8489655256271362,-0.4206416606903076,-0.34049439430236816,0.5176448822021484,0.7833637595176697,2.4623775482177734,0.36795681715011597,1.6766889095306396,605.3277,608.6117,259.0,259.0,518,518
845,0845.png,0.8744431138038635,-0.09843384474515915,0.47660383582115173,0.3301599323749542,0.8376451730728149,-0.4357870817184448,-0.35300350189208984,0.5376661419868469,0.7640525698661804,2.4777626991271973,0.1948298215866089,1.7638835906982422,595.6529,595.6529,259.0,259.0,518,518
846,0846.png,0.8669838309288025,-0.1040530726313591,0.4889855980873108,0.3403153717517853,0.837519645690918,-0.4281141757965088,-0.36134424805641174,0.5366973876953125,0.760783851146698,2.482274293899536,0.06423211097717285,1.903407096862793,598.8487,598.8487,259.0,259.0,518,518
847,0847.png,0.8874834775924683,-0.09911666810512543,0.4515117108821869,0.29947710037231445,0.8658846020698547,-0.40153709053993225,-0.3475702702999115,0.4906720221042633,0.7974705696105957,2.1925880908966064,1.6265647411346436,0.5648900270462036,669.46716,673.37256,259.0,259.0,518,518
848,0848.png,0.9119377732276917,-0.10733968019485474,0.3971865475177765,0.3033486306667328,0.8248832821846008,-0.47770535945892334,-0.2728518843650818,0.5552756786346436,0.7843404412269592,2.2668404579162598,1.424864649772644,0.9038386940956116,665.601,673.37256,259.0,259.0,518,518
849,0849.png,0.9025939702987671,-0.09849618375301361,0.4203672409057617,0.29964345693588257,0.841748833656311,-0.44982612133026123,-0.30605635046958923,0.5311896800994873,0.7886252999305725,2.25899076461792,1.2614161968231201,0.9012288451194763,643.19446,650.51666,259.0,259.0,518,518
850,0850.png,0.893381655216217,-0.1057717502117157,0.4380593001842499,0.3139539659023285,0.8414256572723389,-0.44051969051361084,-0.31849420070648193,0.5302497744560242,0.7842704057693481,2.2415404319763184,1.137046217918396,1.0060592889785767,636.01294,639.5864,259.0,259.0,518,518
851,0851.png,0.8913151621818542,-0.1075744554400444,0.44184449315071106,0.3134912848472595,0.8473273515701294,-0.42940279841423035,-0.324670672416687,0.5204089879989624,0.7882986068725586,2.23575496673584,0.9844412207603455,1.1319832801818848,625.4953,625.4953,259.0,259.0,518,518
852,0852.png,0.8906241059303284,-0.10813354700803757,0.4431098699569702,0.313833087682724,0.8484005331993103,-0.42702701687812805,-0.3262347877025604,0.5185407996177673,0.7888782620429993,2.235325574874878,0.8290976881980896,1.285822868347168,625.4953,628.9679,259.0,259.0,518,518
853,0853.png,0.8885044455528259,-0.11201192438602448,0.4464155435562134,0.318889319896698,0.8473678231239319,-0.4253084361553192,-0.3271215260028839,0.5194007754325867,0.7879408001899719,2.2330586910247803,0.6792200207710266,1.427560806274414,622.05524,625.4953,259.0,259.0,518,518
854,0854.png,0.8865354657173157,-0.11102398484945297,0.45059141516685486,0.3186672627925873,0.8497621417045593,-0.42067503929138184,-0.33270278573036194,0.5156405568122864,0.7880527377128601,2.236246109008789,0.5266539454460144,1.5808827877044678,625.4953,628.9679,259.0,259.0,518,518
855,0855.png,0.8839555382728577,-0.1092725321650505,0.45609962940216064,0.31975433230400085,0.8500834703445435,-0.41919341683387756,-0.3383919298648834,0.5155236124992371,0.7856799364089966,2.2381668090820312,0.3656778931617737,1.7089537382125854,618.64734,622.05524,259.0,259.0,518,518
856,0856.png,0.8782222867012024,-0.1108003556728363,0.466765820980072,0.32783043384552,0.8472477197647095,-0.4186667501926422,-0.34552690386772156,0.5198545455932617,0.7796666026115417,2.2400898933410645,0.246326744556427,1.8364496231079102,625.4953,628.9679,259.0,259.0,518,518
857,0857.png,0.866128146648407,-0.10494314134120941,0.490287721157074,0.3392811119556427,0.8410041928291321,-0.42206841707229614,-0.3647105097770691,0.5311175584793091,0.7630781531333923,2.255800247192383,0.10633742809295654,1.930661678314209,625.4953,625.4953,259.0,259.0,518,518
858,0858.png,0.9211937189102173,-0.08579863607883453,0.3805569112300873,0.2782573699951172,0.8254820108413696,-0.49185019731521606,-0.2685254216194153,0.5580529570579529,0.7838674187660217,2.1056149005889893,1.5190460681915283,0.7572425603866577,622.05524,622.05524,259.0,259.0,518,518
859,0859.png,0.9068197011947632,-0.09312379360198975,0.4123525023460388,0.28249773383140564,0.8573282957077026,-0.4311794340610504,-0.3099236488342285,0.5066978335380554,0.8030938506126404,2.0598604679107666,1.3771426677703857,0.7798736095428467,650.51666,657.9841,259.0,259.0,518,518
860,0860.png,0.8928373456001282,-0.07808901369571686,0.44499051570892334,0.29273340106010437,0.8483487367630005,-0.4419352114200592,-0.33938539028167725,0.5239841938018799,0.7796223759651184,2.0407557487487793,1.2411223649978638,0.8041800260543823,622.05524,625.4953,259.0,259.0,518,518
861,0861.png,0.8924456834793091,-0.09986329823732376,0.4413700997829437,0.30871766805648804,0.8455671072006226,-0.4362923502922058,-0.32612180709838867,0.5248103737831116,0.7847656607627869,2.0258426666259766,1.1181941032409668,0.9702727198600769,611.9261,615.2711,259.0,259.0,518,518
862,0862.png,0.8909945487976074,-0.10841018706560135,0.44229015707969666,0.3139294683933258,0.847942590713501,-0.42786410450935364,-0.32512912154197693,0.5192312598228455,0.788884699344635,2.01768159866333,0.9801900386810303,1.117611289024353,611.9261,615.2711,259.0,259.0,518,518
863,0863.png,0.8920668363571167,-0.10874080657958984,0.44002291560173035,0.3135443925857544,0.8472080230712891,-0.42959922552108765,-0.322554349899292,0.5203555822372437,0.789210855960846,2.019188165664673,0.8222430348396301,1.2891970872879028,622.05524,622.05524,259.0,259.0,518,518
864,0864.png,0.8883114457130432,-0.11424631625413895,0.4462314248085022,0.31960856914520264,0.8486494421958923,-0.42220014333724976,-0.32693251967430115,0.5168187022209167,0.7897170186042786,2.0150270462036133,0.6911401152610779,1.431335210800171,628.9679,628.9679,259.0,259.0,518,518
865,0865.png,0.8864750266075134,-0.11564259231090546,0.4495376944541931,0.3231601417064667,0.8471185564994812,-0.4225563406944275,-0.3284205496311188,0.5190151929855347,0.7876490950584412,2.0152173042297363,0.5420265197753906,1.5815094709396362,632.4736,632.4736,259.0,259.0,518,518
866,0866.png,0.882813572883606,-0.11132686585187912,0.4578242897987366,0.32204434275627136,0.8500534296035767,-0.4174896776676178,-0.33921968936920166,0.5151419639587402,0.7855702042579651,2.020871162414551,0.3934589624404907,1.729198694229126,643.19446,646.8377,259.0,259.0,518,518
867,0867.png,0.8807242512702942,-0.11206036806106567,0.4616853892803192,0.3249613046646118,0.849202573299408,-0.41694873571395874,-0.3417415916919708,0.5164026021957397,0.7836354970932007,2.023313522338867,0.24643898010253906,1.8843673467636108,643.19446,643.19446,259.0,259.0,518,518
868,0868.png,0.8794323205947876,-0.11360759288072586,0.46377602219581604,0.33199501037597656,0.8417625427246094,-0.4263564944267273,-0.3385498523712158,0.528057873249054,0.7772365212440491,2.0272436141967773,0.15649914741516113,1.9297864437103271,632.4736,636.01294,259.0,259.0,518,518
869,0869.png,0.8128533959388733,-0.1167464479804039,0.572551965713501,0.3982619345188141,0.8259265422821045,-0.399402916431427,-0.42282330989837646,0.5518736839294434,0.7167234420776367,1.6228923797607422,1.6979953050613403,0.4750993549823761,628.9679,632.4736,259.0,259.0,518,518
870,0870.png,0.8985490202903748,-0.07936999201774597,0.43300095200538635,0.2861641049385071,0.8509380221366882,-0.4412793219089508,-0.32993584871292114,0.5195768475532532,0.7866383790969849,1.866246223449707,1.304807186126709,0.746211051940918,615.2711,618.64734,259.0,259.0,518,518
871,0871.png,0.8815228939056396,-0.08407287299633026,0.46612367033958435,0.3156711161136627,0.8359956741333008,-0.44952914118766785,-0.34848353266716003,0.5426123142242432,0.7626411318778992,1.8371433019638062,1.20229971408844,0.8416491746902466,595.6529,602.0735,259.0,259.0,518,518
872,0872.png,0.8874410390853882,-0.1120433360338211,0.4485354423522949,0.3213833272457123,0.8450430035591125,-0.42803680896759033,-0.32755136489868164,0.5231728553771973,0.7852582335472107,1.8238191604614258,1.0941275358200073,1.0201555490493774,625.4953,628.9679,259.0,259.0,518,518
873,0873.png,0.8853912949562073,-0.12376280874013901,0.449509859085083,0.330951064825058,0.844012439250946,-0.4227096140384674,-0.32355839014053345,0.5222017168998718,0.7875735759735107,1.8120105266571045,0.9821697473526001,1.149965524673462,622.05524,625.4953,259.0,259.0,518,518
874,0874.png,0.8899145722389221,-0.11238314211368561,0.4434800148010254,0.3185803294181824,0.8460445404052734,-0.4281651973724365,-0.3235655426979065,0.5214719176292419,0.7880544662475586,1.8255610466003418,0.8192306160926819,1.3008968830108643,632.4736,632.4736,259.0,259.0,518,518
875,0875.png,0.8892101049423218,-0.11542347818613052,0.4441162049770355,0.3207027018070221,0.8466602563858032,-0.4253470003604889,-0.3233986496925354,0.5198110938072205,0.7892208695411682,1.8218520879745483,0.6890078783035278,1.4315329790115356,632.4736,632.4736,259.0,259.0,518,518
876,0876.png,0.8877382278442383,-0.11463578045368195,0.4472797214984894,0.3203834593296051,0.8486578464508057,-0.4215925931930542,-0.3277307450771332,0.5167174339294434,0.7894490957260132,1.8226163387298584,0.5579559206962585,1.5584306716918945,636.01294,636.01294,259.0,259.0,518,518
877,0877.png,0.885652482509613,-0.1174759641289711,0.4506915807723999,0.3241058588027954,0.8485797643661499,-0.41888192296028137,-0.32970482110977173,0.5162056088447571,0.7889540195465088,1.8237844705581665,0.4306181073188782,1.6951409578323364,639.5864,643.19446,259.0,259.0,518,518
878,0878.png,0.8829901218414307,-0.11774805933237076,0.4558565616607666,0.3272697925567627,0.8477591872215271,-0.4180700182914734,-0.3336985111236572,0.5174912214279175,0.7864113450050354,1.8279680013656616,0.29931318759918213,1.8339688777923584,646.8377,646.8377,259.0,259.0,518,518
879,0879.png,0.8805077075958252,-0.11722321808338165,0.4608054459095001,0.33124545216560364,0.8447275757789612,-0.42104780673980713,-0.33643296360969543,0.5225198268890381,0.7818949222564697,1.8347011804580688,0.16805076599121094,1.9384217262268066,632.4736,636.01294,259.0,259.0,518,518
880,0880.png,0.9549422860145569,-0.002510666847229004,0.2971145510673523,0.15857738256454468,0.8473495244979858,-0.5080552101135254,-0.2468862533569336,0.5313127040863037,0.809270441532135,1.7633687257766724,1.014513611793518,1.003720760345459,602.0735,605.3277,259.0,259.0,518,518
881,0881.png,0.9350423216819763,-0.10794371366500854,0.3383103609085083,0.27467355132102966,0.8194212317466736,-0.5037640333175659,-0.21952077746391296,0.5633695721626282,0.7954339385032654,1.682965636253357,1.0699068307876587,1.1421340703964233,595.6529,598.8487,259.0,259.0,518,518
882,0882.png,0.89327073097229,-0.11177533119916916,0.43678149580955505,0.3247127830982208,0.8292050361633301,-0.45558640360832214,-0.30783894658088684,0.5479373335838318,0.7763596773147583,1.6627442836761475,1.0753098726272583,1.0246143341064453,586.23535,592.4857,259.0,259.0,518,518
883,0883.png,0.8759617209434509,-0.11232869327068329,0.47066256403923035,0.3301549255847931,0.8481795191764832,-0.4149267375469208,-0.3490488827228546,0.5179942846298218,0.7793217301368713,1.662599802017212,1.0138485431671143,1.0287951231002808,586.23535,589.3467,259.0,259.0,518,518
884,0884.png,0.8839662671089172,-0.11096236854791641,0.45566728711128235,0.3327662944793701,0.8309123516082764,-0.4465440511703491,-0.3255426585674286,0.5455316305160522,0.7707451581954956,1.6682391166687012,0.8772245049476624,1.2190093994140625,636.01294,636.01294,259.0,259.0,518,518
885,0885.png,0.8863644003868103,-0.11615706980228424,0.449624627828598,0.32811614871025085,0.8398075103759766,-0.43317079544067383,-0.3237786293029785,0.5306448340415955,0.7818132638931274,1.6622886657714844,0.7760571241378784,1.3586935997009277,669.46716,665.601,259.0,259.0,518,518
886,0886.png,0.8869504928588867,-0.11105479300022125,0.44976043701171875,0.32067209482192993,0.8459864854812622,-0.4267076849937439,-0.3295736610889435,0.5218579769134521,0.7852793335914612,1.6662826538085938,0.6627364158630371,1.4464150667190552,654.232,654.232,259.0,259.0,518,518
887,0887.png,0.8877033591270447,-0.1125122457742691,0.44789350032806396,0.3191934823989868,0.8485662937164307,-0.42268237471580505,-0.328983336687088,0.5173348784446716,0.7885177135467529,1.6637842655181885,0.5547836422920227,1.5573159456253052,650.51666,646.8377,259.0,259.0,518,518
888,0888.png,0.886705756187439,-0.10999570041894913,0.4505084455013275,0.3168245255947113,0.8513360619544983,-0.41888898611068726,-0.3339303135871887,0.5133205652236938,0.7890432476997375,1.6674755811691284,0.444749653339386,1.6589808464050293,643.19446,643.19446,259.0,259.0,518,518
889,0889.png,0.8860874176025391,-0.11304504424333572,0.4509735405445099,0.3197581171989441,0.8505567312240601,-0.4182310700416565,-0.33276548981666565,0.5139349699020386,0.789139986038208,1.6666991710662842,0.3370528817176819,1.7718088626861572,639.5864,643.19446,259.0,259.0,518,518
890,0890.png,0.8841909766197205,-0.11425038427114487,0.454405814409256,0.3225494623184204,0.8501319289207458,-0.4169384241104126,-0.3351326882839203,0.5143416523933411,0.7878620624542236,1.669642686843872,0.22727322578430176,1.875935673713684,636.01294,636.01294,259.0,259.0,518,518
891,0891.png,0.9294896125793457,-0.08133982867002487,0.3605845272541046,0.2634555995464325,0.8263481855392456,-0.49852684140205383,-0.25398796796798706,0.5575133562088013,0.7891328930854797,1.53554368019104,1.1746927499771118,1.017270803451538,583.15155,583.15155,259.0,259.0,518,518
892,0892.png,0.8071717023849487,-0.1162126287817955,0.5805628299713135,0.45234280824661255,0.7515490055084229,-0.48016682267189026,-0.37671422958374023,0.6498745083808899,0.6580706238746643,1.4537353515625,1.1458898782730103,0.978610634803772,598.8487,602.0735,259.0,259.0,518,518
893,0893.png,0.8524982929229736,-0.11958178132772446,0.5105489492416382,0.3917906582355499,0.7900006175041199,-0.47190171480178833,-0.3434741199016571,0.6011767983436584,0.7197226881980896,1.4855390787124634,1.0132639408111572,1.0655066967010498,571.0824,571.0824,259.0,259.0,518,518
894,0894.png,0.8769424557685852,-0.11720279604196548,0.46761274337768555,0.3441275656223297,0.8293771147727966,-0.44071757793426514,-0.33277609944343567,0.5464247465133667,0.7669787406921387,1.527876853942871,0.9060312509536743,1.142929196357727,583.15155,586.23535,259.0,259.0,518,518
895,0895.png,0.8747240304946899,-0.10106328129768372,0.4755277633666992,0.3398010730743408,0.8245384693145752,-0.45298653841018677,-0.3430122137069702,0.5568751096725464,0.7548125386238098,1.549980640411377,0.7953621745109558,1.26444673538208,643.19446,643.19446,259.0,259.0,518,518
896,0896.png,0.8816059231758118,-0.10657745599746704,0.4612972140312195,0.3306857645511627,0.8338594436645508,-0.4425877332687378,-0.3340027332305908,0.5418940186500549,0.7696561813354492,1.5428366661071777,0.7074404954910278,1.3697857856750488,643.19446,643.19446,259.0,259.0,518,518
897,0897.png,0.8832657337188721,-0.10746674984693527,0.4578753113746643,0.325391948223114,0.8406230807304382,-0.4336545169353485,-0.3348361849784851,0.5311924815177917,0.7767219543457031,1.5396684408187866,0.6211444139480591,1.469219446182251,654.232,654.232,259.0,259.0,518,518
898,0898.png,0.8857373595237732,-0.10846007615327835,0.45279866456985474,0.3206459879875183,0.8453658223152161,-0.4279550611972809,-0.3328501284122467,0.5234151482582092,0.7828432321548462,1.5360970497131348,0.5287145376205444,1.5714757442474365,657.9841,657.9841,259.0,259.0,518,518
899,0899.png,0.8860403299331665,-0.10915893316268921,0.45203113555908203,0.3183317184448242,0.8491892218589783,-0.4220844805240631,-0.33426326513290405,0.5170416831970215,0.7864652872085571,1.5346555709838867,0.4406113624572754,1.6588337421417236,650.51666,650.51666,259.0,259.0,518,518
900,0900.png,0.8866426944732666,-0.1064954474568367,0.45148107409477234,0.31467899680137634,0.8514360189437866,-0.4203087091445923,-0.33611857891082764,0.5138920545578003,0.7877318263053894,1.5374560356140137,0.3447996973991394,1.7453107833862305,639.5864,639.5864,259.0,259.0,518,518
901,0901.png,0.8856369853019714,-0.10745187848806381,0.4532390236854553,0.31543052196502686,0.8526143431663513,-0.41734445095062256,-0.3380635380744934,0.5117375254631042,0.7882950305938721,1.5400664806365967,0.25618624687194824,1.8389118909835815,639.5864,639.5864,259.0,259.0,518,518
902,0902.png,0.7312995791435242,-0.15539178252220154,0.6661462783813477,0.4988253712654114,0.7859769463539124,-0.3654933273792267,-0.46273553371429443,0.5987535715103149,0.6513065099716187,1.2258012294769287,1.324903964996338,0.7697411775588989,618.64734,625.4953,259.0,259.0,518,518
903,0903.png,0.8434709310531616,-0.14626607298851013,0.5186012387275696,0.41843539476394653,0.781316876411438,-0.46321529150009155,-0.3341083824634552,0.6074329018592834,0.7190470099449158,1.336745262145996,1.1497297286987305,1.0306065082550049,611.9261,611.9261,259.0,259.0,518,518
904,0904.png,0.9373315572738647,-0.15341611206531525,0.31346428394317627,0.2950047552585602,0.8244672417640686,-0.48364630341529846,-0.18062666058540344,0.5450166463851929,0.8179410696029663,1.2475204467773438,0.7095367312431335,1.5294626951217651,611.9261,615.2711,259.0,259.0,518,518
905,0905.png,0.9463045597076416,-0.10242841392755508,0.3070840835571289,0.24829082190990448,0.8355078101158142,-0.49103525280952454,-0.20270471274852753,0.540249764919281,0.8158118724822998,1.364530086517334,0.6889901757240295,1.3902164697647095,592.4857,595.6529,259.0,259.0,518,518
906,0906.png,0.8755179047584534,-0.08616945147514343,0.47702303528785706,0.3333365023136139,0.8193017244338989,-0.46709126234054565,-0.34700900316238403,0.5672236084938049,0.745204746723175,1.440075159072876,0.7188085317611694,1.233514428138733,574.0605,577.06445,259.0,259.0,518,518
907,0907.png,0.8979322910308838,-0.08874030411243439,0.43245720863342285,0.30039340257644653,0.838623046875,-0.45511987805366516,-0.3187515139579773,0.5377627015113831,0.7790283560752869,1.425349473953247,0.6214609742164612,1.403937578201294,605.3277,608.6117,259.0,259.0,518,518
908,0908.png,0.8814322352409363,-0.09517579525709152,0.4641377925872803,0.3193970322608948,0.8410739898681641,-0.4372444450855255,-0.34520289301872253,0.5328562259674072,0.7709819078445435,1.4327704906463623,0.5832350254058838,1.4672791957855225,636.01294,639.5864,259.0,259.0,518,518
909,0909.png,0.8885113000869751,-0.10601583123207092,0.44787710905075073,0.3156413733959198,0.8467229008674622,-0.42901062965393066,-0.33023980259895325,0.5217129588127136,0.7850930094718933,1.4107086658477783,0.5078134536743164,1.5807578563690186,643.19446,643.19446,259.0,259.0,518,518
910,0910.png,0.8873021602630615,-0.1049821674823761,0.45053160190582275,0.3128425180912018,0.8518755435943604,-0.4207960367202759,-0.3360934257507324,0.5134747624397278,0.7880149483680725,1.4122850894927979,0.43121397495269775,1.6598689556121826,643.19446,643.19446,259.0,259.0,518,518
911,0911.png,0.8864212036132812,-0.10504280030727386,0.4522620439529419,0.31301677227020264,0.8529165983200073,-0.41855162382125854,-0.33824625611305237,0.5117329359054565,0.7882189154624939,1.4141532182693481,0.34742534160614014,1.736915946006775,628.9679,632.4736,259.0,259.0,518,518
912,0912.png,0.8855260014533997,-0.10817572474479675,0.4532834589481354,0.31604161858558655,0.8525148034095764,-0.41708290576934814,-0.3377828001976013,0.5117455720901489,0.7884113192558289,1.41396164894104,0.2640845775604248,1.8282191753387451,632.4736,632.4736,259.0,259.0,518,518
913,0913.png,0.7516331076622009,-0.14845500886440277,0.6445449590682983,0.46941542625427246,0.8048757314682007,-0.362998366355896,-0.46075767278671265,0.5748041868209839,0.6738297343254089,1.157669186592102,0.9841153621673584,1.0757434368133545,650.51666,657.9841,259.0,259.0,518,518
914,0914.png,0.7151086330413818,-0.18793681263923645,0.6747206449508667,0.502773642539978,0.8075264096260071,-0.3085862398147583,-0.4835512042045593,0.5594488382339478,0.670699954032898,1.0421439409255981,0.9352688193321228,1.1080217361450195,657.9841,669.46716,259.0,259.0,518,518
915,0915.png,0.9277788996696472,-0.07633554935455322,0.3661762475967407,0.24868306517601013,0.8555753827095032,-0.45490217208862305,-0.2751910388469696,0.5123197436332703,0.8122671246528625,1.30499267578125,0.7639901041984558,1.3880748748779297,636.01294,639.5864,259.0,259.0,518,518
916,0916.png,0.9155309796333313,-0.2194635272026062,0.33772915601730347,0.35442405939102173,0.8337288498878479,-0.4239853024482727,-0.18592138588428497,0.5071089267730713,0.840649425983429,1.0975947380065918,0.571418285369873,1.6310064792633057,643.19446,646.8377,259.0,259.0,518,518
917,0917.png,0.86439049243927,-0.19012722373008728,0.46703600883483887,0.3982401192188263,0.8229989409446716,-0.40549904108047485,-0.30373045802116394,0.5357427597045898,0.7864521145820618,1.2079706192016602,0.7999235987663269,1.323349118232727,598.8487,605.3277,259.0,259.0,518,518
918,0918.png,0.8330584764480591,-0.1050170511007309,0.5448856949806213,0.3602312207221985,0.8480690717697144,-0.38924452662467957,-0.41759899258613586,0.519686758518219,0.7433556914329529,1.3600926399230957,0.7092384696006775,1.2620415687561035,602.0735,605.3277,259.0,259.0,518,518
919,0919.png,0.8731468319892883,-0.09215883910655975,0.48025280237197876,0.32182204723358154,0.8460544943809509,-0.4257022738456726,-0.3636087477207184,0.5253717303276062,0.7675748467445374,1.3401312828063965,0.569173276424408,1.4628922939300537,639.5864,639.5864,259.0,259.0,518,518
920,0920.png,0.8790130615234375,-0.09561000019311905,0.46864834427833557,0.31691572070121765,0.8485835790634155,-0.4243662655353546,-0.35356366634368896,0.5207425951957703,0.7754263877868652,1.3280560970306396,0.4927210807800293,1.5557913780212402,643.19446,643.19446,259.0,259.0,518,518
921,0921.png,0.8803571462631226,-0.10156581550836563,0.4648269712924957,0.3200548589229584,0.8475590944290161,-0.4240454137325287,-0.34739235043525696,0.5212339758872986,0.7779074311256409,1.3163249492645264,0.4154750108718872,1.649263858795166,646.8377,646.8377,259.0,259.0,518,518
922,0922.png,0.8816733360290527,-0.09854062646627426,0.46296700835227966,0.31344375014305115,0.8528133034706116,-0.4184408187866211,-0.3500610888004303,0.5131921768188477,0.7820388078689575,1.3174775838851929,0.3406805992126465,1.7218376398086548,639.5864,639.5864,259.0,259.0,518,518
923,0923.png,0.8823326230049133,-0.10209140181541443,0.4609198570251465,0.314088374376297,0.8542167544364929,-0.41507986187934875,-0.3478151261806488,0.5101640820503235,0.785027027130127,1.3136335611343384,0.2671232223510742,1.8135350942611694,646.8377,646.8377,259.0,259.0,518,518
924,0924.png,0.313543438911438,-0.09862753748893738,0.9459958076477051,0.6804193258285522,0.7151448726654053,-0.15095828473567963,-0.6582180857658386,0.6925390958786011,0.2907628118991852,1.7043012380599976,0.8280060291290283,0.7378686666488647,661.77356,673.37256,259.0,259.0,518,518
925,0925.png,0.8453744649887085,-0.024009142071008682,0.535466730594635,0.3054475784301758,0.8409261107444763,-0.4474274516105652,-0.43556368350982666,0.5408895611763,0.7173557877540588,1.6536846160888672,0.23137205839157104,1.413520336151123,643.19446,657.9841,259.0,259.0,518,518
926,0926.png,0.8532326817512512,-0.08424524962902069,0.5164271593093872,0.3249233067035675,0.8576045036315918,-0.39941948652267456,-0.4055413007736206,0.507653534412384,0.7582738995552063,1.5651686191558838,0.3656572699546814,1.4740843772888184,632.4736,646.8377,259.0,259.0,518,518
927,0927.png,0.8222079277038574,-0.1100773811340332,0.5602560043334961,0.36427998542785645,0.8554705381393433,-0.3687010705471039,-0.43495357036590576,0.506354570388794,0.7425093650817871,1.334510326385498,0.6897856593132019,1.2577993869781494,628.9679,636.01294,259.0,259.0,518,518
928,0928.png,0.3043348491191864,-0.09549209475517273,0.9493220448493958,0.6847959756851196,0.7115821838378906,-0.1478682905435562,-0.6580014824867249,0.6966491937637329,0.2813250720500946,1.6940973997116089,0.20761650800704956,1.3118988275527954,611.9261,615.2711,259.0,259.0,518,518
929,0929.png,0.32213062047958374,-0.1303696632385254,0.9392303824424744,0.6702677011489868,0.7290728092193604,-0.12864038348197937,-0.6645145416259766,0.6724737882614136,0.3216512203216553,1.6877357959747314,0.072939932346344,1.5517246723175049,618.64734,628.9679,259.0,259.0,518,518
930,0930.png,0.24660183489322662,-0.1019037514925003,0.9652533531188965,0.721336305141449,0.6812549233436584,-0.11178234964609146,-0.642994225025177,0.7254586219787598,0.24068206548690796,1.6768290996551514,-0.035689204931259155,1.6210912466049194,636.01294,639.5864,259.0,259.0,518,518
931,0931.png,0.14527687430381775,-0.12234600633382797,0.9831509590148926,0.7091743350028992,0.7031235694885254,-0.01558407861739397,-0.6861437559127808,0.7010078430175781,0.18762831389904022,1.6356425285339355,-0.015233978629112244,1.7266781330108643,636.01294,636.01294,259.0,259.0,518,518
932,0932.png,0.04527813941240311,-0.13298189640045166,0.9915899634361267,0.6229104399681091,0.7774953246116638,0.07737421244382858,-0.777050793170929,0.6157677173614502,0.11729787290096283,1.5822463035583496,0.10487358272075653,1.680931568145752,625.4953,632.4736,259.0,259.0,518,518
933,0933.png,0.3678138852119446,-0.061362914741039276,0.9294431805610657,0.5981963872909546,0.7781426906585693,-0.1855812668800354,-0.7081364989280701,0.6256387233734131,0.32232433557510376,1.3263611793518066,-0.31634363532066345,2.088210344314575,646.8377,650.51666,259.0,259.0,518,518
934,0934.png,0.6562255024909973,-0.09175796061754227,0.7496286630630493,0.5064498782157898,0.7865564823150635,-0.3505890965461731,-0.5543055534362793,0.6109906435012817,0.5627429485321045,0.9824201464653015,-0.5513088703155518,2.4293088912963867,650.51666,654.232,259.0,259.0,518,518
935,0935.png,0.3097231388092041,-0.09779101610183716,0.9473415017127991,0.6815303564071655,0.7144865393638611,-0.14903756976127625,-0.6588769555091858,0.693337082862854,0.28735223412513733,1.4847344160079956,0.830818772315979,0.7303919792175293,632.4736,628.9679,259.0,259.0,518,518
936,0936.png,0.30994975566864014,-0.10113164782524109,0.9469154477119446,0.679056704044342,0.7175679206848145,-0.14559748768806458,-0.6613250970840454,0.6896626949310303,0.29049816727638245,1.4830330610275269,0.6813144683837891,0.8724195957183838,625.4953,622.05524,259.0,259.0,518,518
937,0937.png,0.3080684244632721,-0.10461687296628952,0.9471502900123596,0.6796108484268188,0.7178267240524292,-0.14170962572097778,-0.6616286039352417,0.688877284526825,0.2916583716869354,1.4810229539871216,0.5351125001907349,1.0131808519363403,618.64734,618.64734,259.0,259.0,518,518
938,0938.png,0.30923935770988464,-0.09863632917404175,0.9474117159843445,0.6825036406517029,0.7136759757995605,-0.1484420746564865,-0.6580928564071655,0.6940561532974243,0.2874261736869812,1.4848874807357788,0.370250940322876,1.1722208261489868,622.05524,622.05524,259.0,259.0,518,518
939,0939.png,0.3262840509414673,-0.11182334274053574,0.9401928782463074,0.6867838501930237,0.7082937955856323,-0.15417394042015076,-0.645292341709137,0.6975523829460144,0.3074236214160919,1.4797837734222412,0.1914093792438507,1.4270727634429932,625.4953,632.4736,259.0,259.0,518,518
940,0940.png,0.29160764813423157,-0.11495458334684372,0.9511518478393555,0.6677989959716797,0.7335283756256104,-0.11576180905103683,-0.6809374690055847,0.6703504323959351,0.2900640070438385,1.4746229648590088,0.05144035816192627,1.5261048078536987,643.19446,650.51666,259.0,259.0,518,518
941,0941.png,0.23793430626392365,-0.13291345536708832,0.9636604189872742,0.7085885405540466,0.6992143988609314,-0.07835745811462402,-0.6600366830825806,0.7030757665634155,0.2598080635070801,1.4518178701400757,-0.040365397930145264,1.641323208808899,622.05524,625.4953,259.0,259.0,518,518
942,0942.png,0.2019941210746765,-0.15218079090118408,0.968974232673645,0.6953235268592834,0.7162095904350281,-0.03174955025315285,-0.6855769753456116,0.6817368268966675,0.24987195432186127,1.4136033058166504,-0.1156446635723114,1.818242073059082,625.4953,628.9679,259.0,259.0,518,518
943,0943.png,0.13600701093673706,-0.09976088255643845,0.9869929552078247,0.6676934361457825,0.7427214980125427,-0.015528593212366104,-0.7280415892601013,0.6626808643341064,0.16654501855373383,1.4744750261306763,-0.11391930282115936,1.788367509841919,615.2711,622.05524,259.0,259.0,518,518
944,0944.png,0.7335851192474365,0.014172717928886414,0.6791964769363403,0.43309229612350464,0.7568444013595581,-0.4870406985282898,-0.5181195139884949,0.6539644598960876,0.549048662185669,1.1388435363769531,-0.7932010889053345,2.401057243347168,636.01294,646.8377,259.0,259.0,518,518
945,0945.png,0.9423288106918335,0.017101436853408813,0.3322126865386963,0.19627343118190765,0.7731767296791077,-0.6073591709136963,-0.26296719908714294,0.6361913084983826,0.7275711297988892,0.5774065256118774,-0.7902865409851074,2.4451663494110107,646.8377,646.8377,259.0,259.0,518,518
946,0946.png,0.3114672303199768,-0.09550322592258453,0.9470031261444092,0.6861750483512878,0.7088919281959534,-0.15415441989898682,-0.653211236000061,0.6993772387504578,0.28574851155281067,1.2568098306655884,0.8379237651824951,0.7235202193260193,636.01294,632.4736,259.0,259.0,518,518
947,0947.png,0.31279319524765015,-0.10167010873556137,0.9459214806556702,0.6788821220397949,0.7173694372177124,-0.14736579358577728,-0.6601647734642029,0.6897897124290466,0.2928359806537628,1.2537550926208496,0.6776770949363708,0.8702694177627563,625.4953,625.4953,259.0,259.0,518,518
948,0948.png,0.31412437558174133,-0.09849145263433456,0.9458170533180237,0.6770831346511841,0.7185185551643372,-0.15004761517047882,-0.6613786220550537,0.6890564560890198,0.29180556535720825,1.2551324367523193,0.5123920440673828,1.0143691301345825,618.64734,615.2711,259.0,259.0,518,518
949,0949.png,0.3106650710105896,-0.09818819165229797,0.9469916224479675,0.6836555004119873,0.7121443748474121,-0.15042689442634583,-0.6562232375144958,0.6956871151924133,0.2877871096134186,1.2541351318359375,0.3478453755378723,1.1412241458892822,605.3277,602.0735,259.0,259.0,518,518
950,0950.png,0.3042955994606018,-0.09512746334075928,0.949371337890625,0.6885422468185425,0.7075369954109192,-0.14973336458206177,-0.6541047692298889,0.7007907629013062,0.2801963686943054,1.2555934190750122,0.1871730387210846,1.303905963897705,611.9261,611.9261,259.0,259.0,518,518
951,0951.png,0.29574963450431824,-0.10898394137620926,0.9505789875984192,0.689734697341919,0.7097219824790955,-0.13312171399593353,-0.6567257642745972,0.6965869069099426,0.2844521105289459,1.2512849569320679,0.04451589286327362,1.4336111545562744,602.0735,608.6117,259.0,259.0,518,518
952,0952.png,0.3082283139228821,-0.07848969101905823,0.9496286511421204,0.6824091672897339,0.7106108665466309,-0.16273921728134155,-0.6586006879806519,0.6997711658477783,0.2720503509044647,1.2684824466705322,-0.19123166799545288,1.8009090423583984,654.232,654.232,259.0,259.0,518,518
953,0953.png,0.27488085627555847,-0.1101871132850647,0.9566861391067505,0.6927443742752075,0.7096148729324341,-0.11716977506875992,-0.6625795364379883,0.6965035796165466,0.2707090973854065,1.266667127609253,-0.3023296594619751,1.9508991241455078,650.51666,654.232,259.0,259.0,518,518
954,0954.png,0.12089798599481583,-0.12258703261613846,0.9864319562911987,0.7110835313796997,0.7012932896614075,0.0013645137660205364,-0.6886850595474243,0.7027965784072876,0.1709253489971161,1.2896302938461304,-0.2664678990840912,2.1771411895751953,650.51666,650.51666,259.0,259.0,518,518
955,0955.png,-0.6665202379226685,-0.047286659479141235,0.7457771301269531,0.5419831275939941,0.6534696221351624,0.5340681672096252,-0.512424886226654,0.7556933164596558,-0.409711629152298,0.9796361923217773,0.4942432641983032,1.4981935024261475,661.77356,661.77356,259.0,259.0,518,518
956,0956.png,-0.9841160774230957,0.08244156837463379,0.12238851189613342,0.14913618564605713,0.6589453220367432,0.7406482696533203,-0.023171305656433105,0.7477954626083374,-0.6625567078590393,0.33505505323410034,0.8317750692367554,1.109767198562622,654.232,665.601,259.0,259.0,518,518
957,0957.png,0.3274881839752197,-0.0974050909280777,0.941381573677063,0.6849395632743835,0.7075994610786438,-0.16512413322925568,-0.6467065215110779,0.7003359198570251,0.2979911267757416,1.0322391986846924,0.836892306804657,0.7356123328208923,654.232,654.232,259.0,259.0,518,518
958,0958.png,0.318828284740448,-0.09657231718301773,0.9444389939308167,0.6803025603294373,0.7140148878097534,-0.15666918456554413,-0.6558124423027039,0.693981945514679,0.29278311133384705,1.0260599851608276,0.6689454913139343,0.854573667049408,632.4736,636.01294,259.0,259.0,518,518
959,0959.png,0.31404241919517517,-0.09477707743644714,0.9462247490882874,0.6781309247016907,0.7168334722518921,-0.15327492356300354,-0.6603346467018127,0.6913332939147949,0.2887994647026062,1.023155927658081,0.5082488656044006,1.0321271419525146,643.19446,643.19446,259.0,259.0,518,518
960,0960.png,0.3054346442222595,-0.10109122842550278,0.9483870267868042,0.6810311079025269,0.7162254452705383,-0.1429266333580017,-0.661397397518158,0.6910669803619385,0.2869890332221985,1.0187151432037354,0.3516957759857178,1.1898765563964844,636.01294,636.01294,259.0,259.0,518,518
961,0961.png,0.3056966960430145,-0.09971179068088531,0.948448896408081,0.6784687638282776,0.718644380569458,-0.1430525779724121,-0.6639074683189392,0.6887422800064087,0.28673940896987915,1.0201575756072998,0.18467199802398682,1.3307113647460938,625.4953,625.4953,259.0,259.0,518,518
962,0962.png,0.2981204688549042,-0.10061751306056976,0.9507626891136169,0.6776286363601685,0.720822274684906,-0.1360097974538803,-0.668237566947937,0.6863240003585815,0.2823929786682129,1.0239351987838745,0.029621794819831848,1.4987351894378662,632.4736,628.9679,259.0,259.0,518,518
963,0963.png,0.321584016084671,-0.109611876308918,0.94207364320755,0.681735634803772,0.7141552567481995,-0.1496713012456894,-0.652980625629425,0.6918896436691284,0.30385640263557434,1.0188753604888916,-0.16617628931999207,1.7293424606323242,639.5864,639.5864,259.0,259.0,518,518
964,0964.png,0.3055076003074646,-0.0842687115073204,0.9500100016593933,0.6860246062278748,0.7082278728485107,-0.15780103206634521,-0.6561470627784729,0.7015033960342407,0.27355363965034485,1.0175203084945679,-0.2891753315925598,1.7952861785888672,632.4736,636.01294,259.0,259.0,518,518
965,0965.png,0.28872767090797424,-0.08312143385410309,0.9553463459014893,0.7049755454063416,0.6903597116470337,-0.1528479903936386,-0.6435703039169312,0.7192054390907288,0.25724831223487854,1.036860466003418,-0.45578062534332275,2.0379598140716553,639.5864,643.19446,259.0,259.0,518,518
966,0966.png,-0.10705207288265228,-0.08584198355674744,0.9918596148490906,0.6634131073951721,0.7347709536552429,0.1381588876247406,-0.7367638349533081,0.673545241355896,-0.021846473217010498,1.1701338291168213,-0.14402583241462708,1.922208309173584,661.77356,661.77356,259.0,259.0,518,518
967,0967.png,-0.050101250410079956,-0.06474485993385315,0.997773289680481,0.6630691885948181,0.7426241636276245,0.08356420695781708,-0.7428417801856995,0.6671350598335266,0.0055970847606658936,1.18193519115448,-0.21135132014751434,2.006126642227173,639.5864,646.8377,259.0,259.0,518,518
968,0968.png,0.32571548223495483,-0.0859147235751152,0.9431171417236328,0.6720519661903381,0.7195740342140198,-0.16666872799396515,-0.6608996987342834,0.6896345615386963,0.29153433442115784,0.8141528367996216,0.8067766427993774,0.7320104241371155,625.4953,625.4953,259.0,259.0,518,518
969,0969.png,0.3110538423061371,-0.09635989367961884,0.9470522403717041,0.6731947660446167,0.7227045297622681,-0.14756591618061066,-0.6667819023132324,0.6849680542945862,0.2890428304672241,0.8028465509414673,0.6626534461975098,0.8810471296310425,636.01294,632.4736,259.0,259.0,518,518
970,0970.png,0.309283584356308,-0.10032320022583008,0.9472199082374573,0.6777841448783875,0.7188703417778015,-0.14514687657356262,-0.6629485487937927,0.6884244084358215,0.2897099256515503,0.8006680011749268,0.5045628547668457,1.0269333124160767,622.05524,622.05524,259.0,259.0,518,518
971,0971.png,0.30934807658195496,-0.10154563933610916,0.9470682144165039,0.6798428893089294,0.7169065475463867,-0.1451653689146042,-0.6608008146286011,0.6902939677238464,0.29020196199417114,0.7973648309707642,0.3493245244026184,1.190139889717102,628.9679,628.9679,259.0,259.0,518,518
972,0972.png,0.3091483414173126,-0.1019250825047493,0.9470926523208618,0.6794289946556091,0.7174291014671326,-0.14454028010368347,-0.6613238453865051,0.6896906495094299,0.29043516516685486,0.7971227765083313,0.19302064180374146,1.3480274677276611,632.4736,628.9679,259.0,259.0,518,518
973,0973.png,0.30592676997184753,-0.09889382869005203,0.9484606981277466,0.6774011850357056,0.7195866107940674,-0.1434055119752884,-0.664887011051178,0.6878864169120789,0.2865089178085327,0.8006254434585571,0.03879788517951965,1.489688754081726,625.4953,625.4953,259.0,259.0,518,518
974,0974.png,0.30078205466270447,-0.09240401536226273,0.9507602453231812,0.6755982637405396,0.7212640047073364,-0.1435403972864151,-0.6690478324890137,0.6870511174201965,0.2786833643913269,0.8041873574256897,-0.11644247174263,1.6606531143188477,646.8377,646.8377,259.0,259.0,518,518
975,0975.png,0.32411375641822815,-0.09641169756650925,0.9426537156105042,0.6833724975585938,0.7097720503807068,-0.16233155131340027,-0.6500886082649231,0.6983069777488708,0.29533466696739197,0.7924767732620239,-0.29672396183013916,1.8063397407531738,628.9679,628.9679,259.0,259.0,518,518
976,0976.png,0.28204894065856934,-0.07318225502967834,0.9581530094146729,0.6788602471351624,0.7179130911827087,-0.14482466876506805,-0.6739013195037842,0.6928302645683289,0.2513926327228546,0.8204159140586853,-0.4116835594177246,2.024790048599243,636.01294,643.19446,259.0,259.0,518,518
977,0977.png,0.3099103569984436,-0.09362861514091492,0.947701632976532,0.6727675199508667,0.7228918671607971,-0.14859464764595032,-0.6677529215812683,0.6851293444633484,0.2864018678665161,0.7899813652038574,-0.5398513674736023,2.1851093769073486,639.5864,643.19446,259.0,259.0,518,518
978,0978.png,0.3190642297267914,0.0007818043231964111,0.9492801427841187,0.5492984652519226,0.8135025501251221,-0.1859852373600006,-0.7691574692726135,0.5813943147659302,0.2585670053958893,0.9275590181350708,-0.4957849383354187,2.205548048019409,639.5864,646.8377,259.0,259.0,518,518
979,0979.png,0.3216278851032257,-0.11938105523586273,0.9408683776855469,0.6822099089622498,0.7151799201965332,-0.1425061821937561,-0.6524453163146973,0.6892329454421997,0.3109419345855713,0.6067016124725342,0.7661445140838623,0.7911573648452759,605.3277,608.6117,259.0,259.0,518,518
980,0980.png,0.31992220878601074,-0.11217562109231949,0.9423381090164185,0.6722399592399597,0.7247263193130493,-0.14198186993598938,-0.6635501384735107,0.6804020404815674,0.3067026436328888,0.5948666930198669,0.6279866099357605,0.9212827682495117,615.2711,615.2711,259.0,259.0,518,518
981,0981.png,0.3128831684589386,-0.1135256439447403,0.9445390701293945,0.6707687973976135,0.7274960279464722,-0.13472189009189606,-0.6683430075645447,0.6772682666778564,0.30314743518829346,0.5850538015365601,0.4900304675102234,1.0428359508514404,618.64734,618.64734,259.0,259.0,518,518
982,0982.png,0.3124127984046936,-0.10391129553318024,0.9458033442497253,0.6746522188186646,0.7221633195877075,-0.14349961280822754,-0.6646748185157776,0.6844321489334106,0.2951110899448395,0.5893762707710266,0.34203043580055237,1.1953197717666626,622.05524,622.05524,259.0,259.0,518,518
983,0983.png,0.30946311354637146,-0.10344893485307693,0.9468240737915039,0.6781927943229675,0.7188990712165833,-0.1430901736021042,-0.6624420881271362,0.6879317164421082,0.29202795028686523,0.5876598358154297,0.19545313715934753,1.3502297401428223,628.9679,625.4953,259.0,259.0,518,518
984,0984.png,0.3061540126800537,-0.10128620266914368,0.9481340646743774,0.67854243516922,0.7187324166297913,-0.14226487278938293,-0.6636275053024292,0.6884216070175171,0.2881532311439514,0.5900744199752808,0.04886437952518463,1.4986695051193237,632.4736,632.4736,259.0,259.0,518,518
985,0985.png,0.3002702593803406,-0.10144481807947159,0.9499980807304382,0.6785293817520142,0.7196714282035828,-0.13755346834659576,-0.6662911176681519,0.6874334812164307,0.2843114137649536,0.5921478271484375,-0.09342584013938904,1.6403512954711914,632.4736,632.4736,259.0,259.0,518,518
986,0986.png,0.291088342666626,-0.09029828757047653,0.9539763331413269,0.6812604069709778,0.7166082859039307,-0.13990862667560577,-0.6676058769226074,0.6921603679656982,0.26941630244255066,0.6005522012710571,-0.24605856835842133,1.7785675525665283,628.9679,628.9679,259.0,259.0,518,518
987,0987.png,0.2946352958679199,-0.07459991425275803,0.954249382019043,0.6825999021530151,0.7121705412864685,-0.1550121158361435,-0.6646401882171631,0.6985862255096436,0.2600962221622467,0.6136196851730347,-0.4190571904182434,2.0042378902435303,632.4736,639.5864,259.0,259.0,518,518
988,0988.png,0.30471399426460266,-0.09870290756225586,0.9488711953163147,0.6804051995277405,0.7166284918785095,-0.14389479160308838,-0.6623793244361877,0.6909869909286499,0.2849019765853882,0.5890073776245117,-0.4920628070831299,1.9977129697799683,618.64734,618.64734,259.0,259.0,518,518
989,0989.png,0.32150813937187195,-0.09937134385108948,0.9432377815246582,0.6611891984939575,0.7336720824241638,-0.1480892449617386,-0.6737400889396667,0.6728435158729553,0.3009633421897888,0.5650479197502136,-0.603613555431366,2.1671700477600098,625.4953,628.9679,259.0,259.0,518,518
990,0990.png,0.23963378369808197,-0.09836656600236893,0.9673645496368408,0.7394721508026123,0.6607967019081116,-0.11524932831525803,-0.6251664757728577,0.7442716360092163,0.2303365021944046,0.41440272331237793,0.7302557229995728,0.8112313747406006,602.0735,608.6117,259.0,259.0,518,518
991,0991.png,0.31383582949638367,-0.08931931853294373,0.9468250870704651,0.682682454586029,0.7111455202102661,-0.15925660729408264,-0.6557087898254395,0.6979248523712158,0.2835378646850586,0.4154685139656067,0.5725188255310059,0.9616131782531738,605.3277,608.6117,259.0,259.0,518,518
992,0992.png,0.2976922392845154,-0.1263681948184967,0.9478094577789307,0.6879987716674805,0.71364825963974,-0.12074344605207443,-0.657710611820221,0.6895557045936584,0.2988637089729309,0.38811856508255005,0.4554409682750702,1.1251722574234009,643.19446,646.8377,259.0,259.0,518,518
993,0993.png,0.3080803453922272,-0.10727356374263763,0.9468486905097961,0.6754786372184753,0.7224928736686707,-0.13787709176540375,-0.6658403873443604,0.6835718750953674,0.29445987939834595,0.3971971571445465,0.3214467465877533,1.2376363277435303,643.19446,646.8377,259.0,259.0,518,518
994,0994.png,0.30707037448883057,-0.10493116080760956,0.9474399089813232,0.6804433465003967,0.7171645164489746,-0.14104492962360382,-0.6612523794174194,0.6895143389701843,0.2910146415233612,0.39706313610076904,0.1839379370212555,1.3837190866470337,646.8377,646.8377,259.0,259.0,518,518
995,0995.png,0.307974636554718,-0.10318953543901443,0.9473379254341125,0.6778547763824463,0.719447672367096,-0.14195291697978973,-0.6634876728057861,0.6873911619186401,0.2909124493598938,0.39705604314804077,0.04957611858844757,1.5110175609588623,639.5864,639.5864,259.0,259.0,518,518
996,0996.png,0.3058422803878784,-0.10359081625938416,0.9479851126670837,0.6775379180908203,0.7201676964759827,-0.1398327499628067,-0.6647923588752747,0.6865781545639038,0.28983452916145325,0.3980175256729126,-0.08235231786966324,1.627359390258789,628.9679,628.9679,259.0,259.0,518,518
997,0997.png,0.30360230803489685,-0.1059475764632225,0.9484443068504333,0.6782932281494141,0.7200776934623718,-0.1366078108549118,-0.665047287940979,0.6863166093826294,0.2898646891117096,0.39983928203582764,-0.21386519074440002,1.739836573600769,618.64734,618.64734,259.0,259.0,518,518
998,0998.png,0.3060126304626465,-0.10649443417787552,0.9476075768470764,0.6831666231155396,0.7147127389907837,-0.14024244248867035,-0.6589154005050659,0.6918221712112427,0.2908777892589569,0.3975932002067566,-0.3547951877117157,1.856034755706787,608.6117,608.6117,259.0,259.0,518,518
999,0999.png,0.3092480003833771,-0.10328289866447449,0.9469125866889954,0.6757616996765137,0.72142493724823,-0.14196516573429108,-0.6650320887565613,0.6852996945381165,0.2922852337360382,0.3947185277938843,-0.48544979095458984,2.048001289367676,646.8377,646.8377,259.0,259.0,518,518
1000,1000.png,0.30314335227012634,-0.10036105662584305,0.9492000341415405,0.680881679058075,0.7166339159011841,-0.14160524308681488,-0.6626079082489014,0.6907433867454529,0.28495699167251587,0.3972499370574951,-0.5721926093101501,2.1006150245666504,628.9679,628.9679,259.0,259.0,518,518
1001,1001.png,0.1771453619003296,-0.11507917195558548,0.9788845181465149,0.7132108211517334,0.6973677277565002,-0.046585872769355774,-0.6739044785499573,0.7080036997795105,0.20494918525218964,0.16916713118553162,0.6484425663948059,0.8826740384101868,608.6117,615.2711,259.0,259.0,518,518
1002,1002.png,0.22578707337379456,-0.11225247383117676,0.9691811800003052,0.7092565894126892,0.6978483200073242,-0.08395306020975113,-0.6636173129081726,0.7079383134841919,0.2364642471075058,0.20773716270923615,0.5396780967712402,1.0780353546142578,632.4736,639.5864,259.0,259.0,518,518
1003,1003.png,0.2731996774673462,-0.11118417978286743,0.9570513367652893,0.6964275240898132,0.706089437007904,-0.11652607470750809,-0.6594051718711853,0.6999266147613525,0.26969510316848755,0.2210599035024643,0.4245593249797821,1.2067872285842896,632.4736,636.01294,259.0,259.0,518,518
1004,1004.png,0.31292662024497986,-0.1076374426484108,0.94521564245224,0.6673168540000916,0.7301115393638611,-0.13775897026062012,-0.6718202829360962,0.675352156162262,0.29967746138572693,0.220651775598526,0.3011065721511841,1.2743468284606934,618.64734,622.05524,259.0,259.0,518,518
1005,1005.png,0.3108411133289337,-0.10985399782657623,0.945648193359375,0.6690389513969421,0.7290103435516357,-0.13518665730953217,-0.6710447072982788,0.6761974692344666,0.29951968789100647,0.21408569812774658,0.17812632024288177,1.3936312198638916,618.64734,618.64734,259.0,259.0,518,518
1006,1006.png,0.31013867259025574,-0.10763221234083176,0.9461351633071899,0.6749307513237,0.7227952480316162,-0.13897660374641418,-0.6654548645019531,0.6831861734390259,0.296220600605011,0.21654093265533447,0.04507553577423096,1.50861394405365,611.9261,615.2711,259.0,259.0,518,518
1007,1007.png,0.3127399981021881,-0.10792123526334763,0.945244550704956,0.676762580871582,0.7205463647842407,-0.14163069427013397,-0.6623680591583252,0.6855127215385437,0.2978035807609558,0.21383598446846008,-0.08262690901756287,1.6294901371002197,615.2711,611.9261,259.0,259.0,518,518
1008,1008.png,0.31101474165916443,-0.10754968225955963,0.9458565711975098,0.6773487329483032,0.7201545834541321,-0.14080940186977386,-0.6625813245773315,0.6859831809997559,0.2962450087070465,0.21458813548088074,-0.20572853088378906,1.753598690032959,618.64734,618.64734,259.0,259.0,518,518
1009,1009.png,0.3091415762901306,-0.1089455708861351,0.9463109374046326,0.6825025677680969,0.7152858376502991,-0.14057296514511108,-0.6581505537033081,0.6908472776412964,0.29489511251449585,0.2164897322654724,-0.3346173167228699,1.8707743883132935,618.64734,618.64734,259.0,259.0,518,518
1010,1010.png,0.30676448345184326,-0.10737492144107819,0.947264552116394,0.6835635900497437,0.7143107056617737,-0.1403443068265915,-0.6581558585166931,0.6920971274375916,0.2919500768184662,0.2203923463821411,-0.45974478125572205,1.9908326864242554,622.05524,622.05524,259.0,259.0,518,518
1011,1011.png,0.298697292804718,-0.10218571871519089,0.9504144787788391,0.6843841075897217,0.7139402031898499,-0.13821202516555786,-0.6610313057899475,0.6932370066642761,0.2825900912284851,0.23073327541351318,-0.5775541663169861,2.101411819458008,618.64734,622.05524,259.0,259.0,518,518
1012,1012.png,0.27084657549858093,-0.14164380729198456,0.9536744952201843,0.7346175312995911,0.6673405766487122,-0.10890939086675644,-0.6179250478744507,0.731513261795044,0.2843126654624939,0.14784923195838928,0.3063327968120575,1.2390447854995728,632.4736,636.01294,259.0,259.0,518,518
1013,1013.png,0.09307719022035599,-0.12947380542755127,0.9885985851287842,0.7228281497955322,0.6888089776039124,0.023426031693816185,-0.6808580160140991,0.7139782905578613,0.15587085485458374,0.12252935767173767,0.4388364553451538,1.2227362394332886,643.19446,650.51666,259.0,259.0,518,518
1014,1014.png,0.213552325963974,-0.09559796750545502,0.9737019538879395,0.7074989080429077,0.6994141340255737,-0.08601423352956772,-0.6695821285247803,0.7089250087738037,0.2158193290233612,0.11482775211334229,0.31675583124160767,1.3630602359771729,639.5864,646.8377,259.0,259.0,518,518
1015,1015.png,0.299748957157135,-0.10822726041078568,0.9494119882583618,0.7007767558097839,0.6970419883728027,-0.14169946312904358,-0.643183171749115,0.7093105316162109,0.28418272733688354,0.0649799108505249,0.20315295457839966,1.4400005340576172,646.8377,654.232,259.0,259.0,518,518
1016,1016.png,0.3327544629573822,-0.10809190571308136,0.9383564591407776,0.6663522720336914,0.7280154228210449,-0.15259522199630737,-0.6631397008895874,0.6775269508361816,0.31385570764541626,0.05280017852783203,0.12373114377260208,1.4578355550765991,625.4953,628.9679,259.0,259.0,518,518
1017,1017.png,0.31948989629745483,-0.11507008969783783,0.9421342611312866,0.6726293563842773,0.7248328328132629,-0.1395891010761261,-0.6633630394935608,0.6798017621040344,0.3084300458431244,0.05527132749557495,0.014533892273902893,1.5212730169296265,608.6117,611.9261,259.0,259.0,518,518
1018,1018.png,0.31723225116729736,-0.11408790200948715,0.9430175423622131,0.6736322641372681,0.7240047454833984,-0.13902251422405243,-0.6634206175804138,0.6808557510375977,0.3059803545475006,0.05393490195274353,-0.09384071081876755,1.644388198852539,625.4953,622.05524,259.0,259.0,518,518
1019,1019.png,0.3145311772823334,-0.11005860567092896,0.944402277469635,0.6750175356864929,0.7223927974700928,-0.14061686396598816,-0.6633033156394958,0.6832240223884583,0.3009366989135742,0.05665355920791626,-0.2019909769296646,1.7478309869766235,625.4953,622.05524,259.0,259.0,518,518
1020,1020.png,0.31407901644706726,-0.11087844520807266,0.9444567561149597,0.6760377287864685,0.7215341329574585,-0.1400957852602005,-0.6624740958213806,0.6840012073516846,0.30101123452186584,0.05644881725311279,-0.309339702129364,1.847968339920044,618.64734,618.64734,259.0,259.0,518,518
1021,1021.png,0.3106686770915985,-0.10951191931962967,0.9457446932792664,0.6795501112937927,0.7182188034057617,-0.14002364873886108,-0.6604871153831482,0.6877015233039856,0.2969682216644287,0.06309211254119873,-0.421398401260376,1.9481775760650635,622.05524,618.64734,259.0,259.0,518,518
1022,1022.png,0.30660438537597656,-0.1069868952035904,0.9473603367805481,0.6821401715278625,0.7157734036445618,-0.13986840844154358,-0.6597209572792053,0.6906306147575378,0.29186370968818665,0.07002025842666626,-0.5279645919799805,2.042482614517212,615.2711,615.2711,259.0,259.0,518,518
1023,1023.png,0.36824119091033936,-0.14733994007110596,0.9195295572280884,0.6760061383247375,0.718269944190979,-0.15595541894435883,-0.6339845061302185,0.6805194616317749,0.36389511823654175,0.05627471208572388,0.35354065895080566,1.2547872066497803,618.64734,622.05524,259.0,259.0,518,518
1024,1024.png,0.23466774821281433,-0.14180335402488708,0.963207483291626,0.7580223679542542,0.6433851718902588,-0.08957024663686752,-0.603771448135376,0.7529420256614685,0.25777217745780945,-0.09271527826786041,0.2715437114238739,1.2875961065292358,625.4953,628.9679,259.0,259.0,518,518
1025,1025.png,0.2757999897003174,-0.11142551153898239,0.9562752842903137,0.7171082496643066,0.6830543875694275,-0.12689614295959473,-0.6356867551803589,0.7224469184875488,0.26766952872276306,-0.06299647688865662,0.22625339031219482,1.3836308717727661,632.4736,636.01294,259.0,259.0,518,518
1026,1026.png,0.2756824493408203,-0.08903451263904572,0.9586543440818787,0.7091665863990784,0.688843309879303,-0.13975992798805237,-0.6447847485542297,0.7198865413665771,0.25226566195487976,-0.04991629719734192,0.13820473849773407,1.461350440979004,639.5864,643.19446,259.0,259.0,518,518
1027,1027.png,0.29717615246772766,-0.09491552412509918,0.9516474008560181,0.6657589077949524,0.7321044206619263,-0.13477319478988647,-0.6804476380348206,0.675096869468689,0.28008654713630676,-0.056098103523254395,0.08868375420570374,1.5382407903671265,657.9841,657.9841,259.0,259.0,518,518
1028,1028.png,0.3110257089138031,-0.11495765298604965,0.9449790716171265,0.6724727153778076,0.7262406945228577,-0.13294623792171478,-0.66752028465271,0.6783254146575928,0.3026133179664612,-0.07549089193344116,-0.009392928332090378,1.5746018886566162,615.2711,615.2711,259.0,259.0,518,518
1029,1029.png,0.31669434905052185,-0.11177627742290497,0.9434760212898254,0.6692682504653931,0.7281928062438965,-0.1383749097585678,-0.6680862307548523,0.6767586469650269,0.3048456609249115,-0.08319753408432007,-0.10727353394031525,1.6810475587844849,625.4953,625.4953,259.0,259.0,518,518
1030,1030.png,0.32352930307388306,-0.12052616477012634,0.9400684237480164,0.669428825378418,0.7282980680465698,-0.13704761862754822,-0.6646338105201721,0.6751440167427063,0.31578922271728516,-0.09635508060455322,-0.20317046344280243,1.7548089027404785,608.6117,605.3277,259.0,259.0,518,518
1031,1031.png,0.324048787355423,-0.11650313436985016,0.940397322177887,0.6751939654350281,0.7216933369636536,-0.14330057799816132,-0.6585216522216797,0.6828970909118652,0.3120095729827881,-0.09365689754486084,-0.3093571364879608,1.8427242040634155,608.6117,608.6117,259.0,259.0,518,518
1032,1032.png,0.3212641775608063,-0.11617765575647354,0.9413942098617554,0.6784958243370056,0.7186506390571594,-0.1428944170475006,-0.6564944982528687,0.6861439943313599,0.3091888427734375,-0.0886574387550354,-0.4074796140193939,1.930301308631897,608.6117,608.6117,259.0,259.0,518,518
1033,1033.png,0.31903377175331116,-0.11830389499664307,0.9418878555297852,0.6847074031829834,0.7127940058708191,-0.14240267872810364,-0.6511039733886719,0.691888153553009,0.3078753352165222,-0.0883030891418457,-0.5118345618247986,2.0121283531188965,608.6117,605.3277,259.0,259.0,518,518
1034,1034.png,0.285749226808548,-0.16213580965995789,0.9460131525993347,0.720690906047821,0.6838057637214661,-0.09996653348207474,-0.6273735165596008,0.7118881940841675,0.3118528127670288,-0.2919987440109253,0.30514416098594666,1.2086533308029175,632.4736,639.5864,259.0,259.0,518,518
1035,1035.png,0.2004941999912262,-0.11116393655538559,0.97491055727005,0.7634484171867371,0.6377487778663635,-0.0838312953710556,-0.6093972325325012,0.7626810669898987,0.21202623844146729,-0.1730954647064209,0.2541155517101288,1.294985055923462,622.05524,628.9679,259.0,259.0,518,518
1036,1036.png,0.4453926682472229,-0.12241625040769577,0.8884302377700806,0.6684264540672302,0.7020811438560486,-0.23940177261829376,-0.5910469889640808,0.7022420763969421,0.394046425819397,-0.3090558350086212,0.09103729575872421,1.4342221021652222,632.4736,636.01294,259.0,259.0,518,518
1037,1037.png,0.4191295802593231,-0.1314370334148407,0.8998911380767822,0.6664928197860718,0.7141999006271362,-0.2070985585451126,-0.6120223999023438,0.6880239248275757,0.3869194984436035,-0.27964580059051514,-0.0027100518345832825,1.5531896352767944,622.05524,628.9679,259.0,259.0,518,518
1038,1038.png,0.3839869201183319,-0.11254635453224182,0.9180108904838562,0.6667788624763489,0.7183024287223816,-0.19147838652133942,-0.6344501972198486,0.6871128678321838,0.35046857595443726,-0.2545469403266907,-0.046298958361148834,1.5900182723999023,639.5864,646.8377,259.0,259.0,518,518
1039,1039.png,0.37137874960899353,-0.09571778774261475,0.9250978231430054,0.6774648427963257,0.7059743404388428,-0.19926922023296356,-0.6305933594703674,0.7022708654403687,0.32673004269599915,-0.24010398983955383,-0.10976709425449371,1.5956648588180542,615.2711,622.05524,259.0,259.0,518,518
1040,1040.png,0.3465624153614044,-0.09496328234672546,0.9347749948501587,0.7006278038024902,0.6854251027107239,-0.19024354219436646,-0.6194493770599365,0.7223523259162903,0.3036656975746155,-0.2266165316104889,-0.2402670979499817,1.66426682472229,615.2711,622.05524,259.0,259.0,518,518
1041,1041.png,0.32034754753112793,-0.111249640583992,0.9423032402992249,0.6796316504478455,0.716840386390686,-0.14647069573402405,-0.6557530164718628,0.6888580918312073,0.3047240376472473,-0.21188867092132568,-0.22100278735160828,1.7564815282821655,669.46716,673.37256,259.0,259.0,518,518
1042,1042.png,0.32660600543022156,-0.11979253590106964,0.9390966892242432,0.6744164228439331,0.7225943207740784,-0.1424536406993866,-0.6580645442008972,0.6813607811927795,0.31629493832588196,-0.22709724307060242,-0.3068983554840088,1.8414101600646973,661.77356,661.77356,259.0,259.0,518,518
1043,1043.png,0.33142971992492676,-0.1157248243689537,0.9379151463508606,0.6778199076652527,0.7176017761230469,-0.15107379853725433,-0.652119517326355,0.6873186826705933,0.3158111870288849,-0.23014423251152039,-0.4097944498062134,1.9271833896636963,650.51666,650.51666,259.0,259.0,518,518
1044,1044.png,0.3289719820022583,-0.1158510223031044,0.9387655854225159,0.6744800806045532,0.721525251865387,-0.14742913842201233,-0.6568148732185364,0.6831812858581543,0.3149869441986084,-0.2268315553665161,-0.49249663949012756,2.007465124130249,639.5864,639.5864,259.0,259.0,518,518
1045,1045.png,0.47585275769233704,-0.11625757813453674,0.8732924461364746,0.6776816248893738,0.6775611639022827,-0.28007540106773376,-0.5554088950157166,0.7269691824913025,0.401597797870636,-0.481844037771225,0.256815642118454,1.306980013847351,650.51666,654.232,259.0,259.0,518,518
1046,1046.png,0.45000988245010376,-0.131795272231102,0.8847245573997498,0.6860408782958984,0.6813334226608276,-0.24891610443592072,-0.5666775703430176,0.7204974889755249,0.3972170948982239,-0.46313947439193726,0.16473649442195892,1.3852083683013916,615.2711,622.05524,259.0,259.0,518,518
1047,1047.png,0.4071807861328125,-0.09930326044559479,0.9094418883323669,0.668682336807251,0.7071363925933838,-0.22341859340667725,-0.6174412965774536,0.7006712555885315,0.35423317551612854,-0.41844987869262695,0.11711391806602478,1.4551373720169067,618.64734,618.64734,259.0,259.0,518,518
1048,1048.png,-0.8467208743095398,-0.12909632921218872,0.5066052675247192,0.3617033064365387,0.5582093000411987,0.7456203699111938,-0.37966787815093994,0.8219963312149048,-0.4305397570133209,1.5730241537094116,0.3675253093242645,1.2683919668197632,618.64734,611.9261,259.0,259.0,518,518
1049,1049.png,-0.87294602394104,-0.13797208666801453,0.45814773440361023,0.31526461243629456,0.5552600622177124,0.7708379626274109,-0.36312204599380493,0.8202782869338989,-0.44110530614852905,1.5980556011199951,0.3914507329463959,1.291075348854065,650.51666,646.8377,259.0,259.0,518,518
1050,1050.png,-0.8224823474884033,-0.14091220498085022,0.5435612797737122,0.3773497939109802,0.5764944553375244,0.7219110131263733,-0.41676074266433716,0.8044750094413757,-0.424315869808197,1.538663625717163,0.16765527427196503,1.4740757942199707,618.64734,611.9261,259.0,259.0,518,518
1051,1051.png,-0.8800066113471985,-0.12713786959648132,0.4553941488265991,0.30595484375953674,0.5844242572784424,0.7545704245567322,-0.36214590072631836,0.8030434250831604,-0.4750404953956604,1.7132309675216675,0.0274207666516304,1.5855884552001953,611.9261,608.6117,259.0,259.0,518,518
1052,1052.png,-0.936434268951416,-0.005228370428085327,0.3333815336227417,0.28106364607810974,0.5263321399688721,0.802930474281311,-0.18133115768432617,0.8492436408996582,-0.49288079142570496,1.5532684326171875,0.09009698033332825,1.371330976486206,628.9679,628.9679,259.0,259.0,518,518
1053,1053.png,0.34325724840164185,-0.14941006898880005,0.9288419485092163,0.6890800595283508,0.70887291431427,-0.14074541628360748,-0.634024441242218,0.6899104118347168,0.3457462787628174,-0.4374300241470337,-0.26731622219085693,1.7971059083938599,685.3304,677.3178,259.0,259.0,518,518
1054,1054.png,0.329100638628006,-0.1321105659008026,0.9365653991699219,0.676444947719574,0.7219442129135132,-0.1359875351190567,-0.6546966433525085,0.6797851920127869,0.32652169466018677,-0.4125223159790039,-0.3643989861011505,1.9127686023712158,665.601,657.9841,259.0,259.0,518,518
1055,1055.png,0.34785228967666626,-0.12511686980724335,0.9307221174240112,0.6722369194030762,0.722158670425415,-0.1544078141450882,-0.6493432521820068,0.6808749437332153,0.33488500118255615,-0.43276679515838623,-0.4941921830177307,2.018475294113159,643.19446,639.5864,259.0,259.0,518,518
