frame_id,image_name,tx,ty,tz,qx,qy,qz,qw
0,0000.png,-8.0701e-06,-0.00016308497,4.5043467e-05,5.2928924560546875e-05,-2.3603439331054688e-05,0.00011730194091796875,1.0
1,0001.png,0.14546096,-0.001960425,-0.008834439,-0.0003070814269629485,0.003097517123886403,0.0011978083098072745,0.9999944567526721
2,0002.png,0.2890228,0.0024101452,-0.0045100255,0.0017699659066300762,0.007507097045364211,0.0010909703282307116,0.9999697203820265
3,0003.png,0.4355765,0.0002631338,-0.002695044,-0.00017069978538700872,0.009154848726365005,0.002944809709349761,0.9999537159222239
4,0004.png,0.5818824,0.00021921287,-0.013300436,-0.00040051386947034974,0.011962014669496873,0.0018538070662826318,0.9999266239902621
5,0005.png,0.726677,-0.0016425335,-0.007891921,-0.0020444233638072253,0.015562027408498337,0.0016935147473954072,0.9998752396959184
6,0006.png,0.8667359,-0.0010119296,-0.030521225,-0.0025170904871882832,0.021113050977349244,0.005583364607457898,0.9997584528068468
7,0007.png,1.0152187,0.0069726375,-0.033111453,0.005064302133779883,0.023063929963913113,0.00884727451458035,0.9996813922205393
8,0008.png,1.1473432,0.022596505,-0.046932466,0.015315063951531507,0.019281115426512795,0.0037906307163061183,0.9996901866689523
9,0009.png,1.2243994,-0.0053086323,-0.07661857,-0.00043026260051423436,0.03909243230864715,-0.008789650238520604,0.999193343017735
10,0010.png,0.99494815,0.06627425,-0.18867765,0.009915539465177868,0.16868967867632975,0.105431056775724,0.9799504220839091
11,0011.png,0.002466944,-0.10253178,0.075037874,0.003204323166676536,-0.0019378526571453127,0.0003604863737135319,0.9999929368246498
12,0012.png,0.14703733,-0.1042319,0.09114198,0.0025634618140914912,0.002075183328963209,0.0008277845465590439,0.9999942183327429
13,0013.png,0.28851357,-0.10542305,0.09092271,0.0018538964496756264,0.006774732802721293,0.0006789991739585117,0.9999750551450386
14,0014.png,0.435877,-0.10807905,0.09970121,-0.00031851243283883776,0.009521042437630271,0.0014113725035983698,0.9999536861185218
15,0015.png,0.58092904,-0.10625325,0.086651266,0.0008200794804122164,0.013975679490648483,0.0007209070212702121,0.9999014686679746
16,0016.png,0.77641237,-0.10217075,0.10087658,0.001604992430639861,0.014346433776755875,0.004385834181160313,0.9998862678702699
17,0017.png,0.9247769,-0.10103192,0.08416793,0.0008926049917383229,0.02227403449084956,0.005444540203302906,0.9997364829471518
18,0018.png,1.0657681,-0.07848291,0.08139309,0.013059581832409635,0.031412211450307974,0.011479372823959649,0.9993555257210747
19,0019.png,1.1577742,-0.032550916,0.07866173,0.040109307577897574,0.0551822158601126,0.012405921577393857,0.9975890361754702
20,0020.png,1.2369294,-0.029756933,-0.0017873719,0.029894530354695192,0.07904098154062088,0.034404227329142834,0.9958056164053908
21,0021.png,1.1271104,-0.021366186,-0.1127006,0.018411277174473797,0.17630946708814085,0.08897728945886703,0.9801489623869273
22,0022.png,-0.011553124,-0.21725687,0.19484586,0.004580087370650269,0.0009012041725883559,-0.0022007987462062907,0.9999867080758774
23,0023.png,0.14714475,-0.22057891,0.20224164,0.0029154779711042995,0.0032824260902771397,-0.00012354674584726927,0.999990373803537
24,0024.png,0.30457938,-0.21872886,0.19668727,0.004612819450039922,0.005600961741038607,0.0007466044033499063,0.9999734159750749
25,0025.png,0.4638676,-0.21942447,0.20045,0.0031933459842945046,0.008922914852223877,0.0019350018963363153,0.999953149651729
26,0026.png,0.62093055,-0.21554649,0.18868741,0.005541404036376614,0.012706450024651013,0.002763559224186354,0.9999000380145124
27,0027.png,0.7793333,-0.21677303,0.17979796,0.004400809753371014,0.015209236383780701,0.0020323675039410666,0.9998724975363863
28,0028.png,0.97545797,-0.20771264,0.15970409,0.007208783352696307,0.01629460226044619,0.004770970677089936,0.9998300229093173
29,0029.png,1.122299,-0.18489058,0.1373403,0.016798574137692698,0.03135681551396277,0.006553500148740052,0.9993452670581089
30,0030.png,1.3030453,-0.18372986,0.15095742,0.0176020603172751,0.025013005506432956,0.007130846314137122,0.999506649867307
31,0031.png,1.4215691,-0.18421222,0.15088442,0.015278286097489858,0.044861143751467825,0.010494064117223794,0.9988196977208376
32,0032.png,1.5694422,-0.1693266,0.058462188,0.012286999291734955,0.055395281461489615,0.023894387380259483,0.9980938446877113
33,0033.png,-0.029368937,-0.34023073,0.32024145,0.005897908284808016,0.002716505393792753,-0.0023180493326773865,0.9999761876608985
34,0034.png,0.13903928,-0.33941573,0.30293563,0.006955439594378347,0.0040554104645056785,-0.0013107366951250492,0.9999667400551033
35,0035.png,0.30438477,-0.34025994,0.30811036,0.0062475600271604875,0.0064644119306630655,0.0006564715953978394,0.9999593786095369
36,0036.png,0.47117063,-0.33879757,0.3098108,0.008095524577817571,0.00978087540356973,0.0014175513808145051,0.9999183979118521
37,0037.png,0.6418743,-0.34011889,0.31419885,0.006211751611246707,0.012005239907369245,0.0018426826855900517,0.9999068932104237
38,0038.png,0.8122408,-0.34043503,0.306757,0.0037097916039348635,0.013985184286271237,0.002201506622375651,0.9998927654944295
39,0039.png,0.96657157,-0.33377346,0.27577156,0.007714549286194933,0.025389175119709104,0.0038785446189872168,0.9996404001266804
40,0040.png,1.1579759,-0.32839063,0.28098464,0.010017201705140463,0.021677584464516248,0.002821100621337558,0.9997108160545174
41,0041.png,1.3295856,-0.332227,0.27019334,0.008388622307566332,0.024923092336723105,0.0010587843092232504,0.9996538755313602
42,0042.png,1.5005475,-0.33584774,0.24825051,0.006537728609753553,0.028027997063407313,0.0014861847746988305,0.9995851550311563
43,0043.png,1.6544139,-0.3077215,0.21030554,0.01873208764430396,0.036336275321127535,0.0013722909548269443,0.9991632477450212
44,0044.png,-0.022875518,-0.46120197,0.48887974,0.00916996042894025,0.001697054176204683,-0.0019393133282073704,0.9999546994439005
45,0045.png,0.13432771,-0.46375525,0.44198197,0.009708031697038095,0.007062211374323486,-0.003030706795708196,0.999923285879646
46,0046.png,0.29960638,-0.46260655,0.43133545,0.010018699704943554,0.011386309001236085,-0.0018088734438607473,0.9998833469062024
47,0047.png,0.47327915,-0.463934,0.4286054,0.008944375077123269,0.010976454019778654,0.0005942518704944701,0.9998995611295701
48,0048.png,0.6442507,-0.46367335,0.4190153,0.00961445203659929,0.013287098241571316,0.0008274522360076436,0.9998651353969651
49,0049.png,0.8185799,-0.46359617,0.41441953,0.00957604180919255,0.0160819508828993,0.00047642844904184807,0.9998246873724569
50,0050.png,0.9910053,-0.46231556,0.40155768,0.009094206004468926,0.018080978452754578,0.0022329767778674656,0.9997927927873462
51,0051.png,1.1643089,-0.45810708,0.4002247,0.010725789634523544,0.022404164543035718,0.0036286139355327894,0.9996845522685354
52,0052.png,1.3037469,-0.46872026,0.39182857,0.005945703343694811,0.021590678271728808,0.0009276272257754006,0.9997488540944284
53,0053.png,1.4596562,-0.47300822,0.38142654,0.0049212234758676055,0.025709019114475113,-0.0023633794938982735,0.9996544419713839
54,0054.png,1.6151125,-0.45721236,0.36114067,0.011981867235982562,0.032969474121034154,-0.002021789512935173,0.9993820665406677
55,0055.png,0.033088803,-0.58004594,0.56251776,0.00933108254453471,-0.010277076447554843,-0.010239089595074278,0.9998511263179869
56,0056.png,0.16379702,-0.58521837,0.5801719,0.007896638122551187,0.006046419080389144,-0.007259570786002872,0.9999242098220925
57,0057.png,0.32325047,-0.58704346,0.5552971,0.007951678745428332,0.009886703200675603,-0.00514877590566583,0.9999062971082971
58,0058.png,0.4858262,-0.58736736,0.54418784,0.007834713820718766,0.012488222026584686,-0.0011394089395547376,0.9998906493003717
59,0059.png,0.64675444,-0.58731854,0.5331073,0.008765101568371856,0.014336306231277546,-0.0004627518703065192,0.9998586673997856
60,0060.png,0.813526,-0.5896182,0.5266237,0.007733757752781915,0.01568592545627825,-0.0004667223199439932,0.9998469235560179
61,0061.png,0.981957,-0.5929545,0.5248499,0.006281412318658001,0.015298915862148295,0.0016014966150941687,0.9998619461132624
62,0062.png,1.1483086,-0.5914922,0.5177017,0.005756319971283878,0.016527054617460284,0.002367941715729415,0.999844032283981
63,0063.png,1.3096182,-0.5902227,0.50975555,0.006459282077935131,0.02169479199587637,0.0028425571257656764,0.9997397024411787
64,0064.png,1.4379864,-0.5923515,0.5011214,0.006034581890712784,0.028296486189497257,-0.001062552278781057,0.9995805337433902
65,0065.png,1.5791516,-0.5920002,0.49819234,0.005156805297225485,0.038654193373322286,0.00021161488818063974,0.9992392149403573
66,0066.png,0.076210916,-0.69386244,0.65305984,0.01292870409647576,-0.030943612217322457,-0.022220241329743193,0.9991903007221347
67,0067.png,0.17746341,-0.70999205,0.69123435,0.0038568632101597857,0.009564692308288141,-0.009157447586101397,0.9999046578256167
68,0068.png,0.3367938,-0.70663404,0.65958184,0.008223164046490289,0.012848530586486193,-0.005935309903811083,0.9998659997805155
69,0069.png,0.49936017,-0.70805967,0.6418316,0.007548914635493498,0.012728925795002087,-0.00220963460883943,0.9998880562114059
70,0070.png,0.6553472,-0.7080155,0.6377281,0.007346877255853998,0.015177722122619398,-0.001191832719259813,0.9998570876521814
71,0071.png,0.81650114,-0.7088352,0.6333403,0.007223299126039004,0.01538834324195425,-0.0012912829755187766,0.9998546435094605
72,0072.png,0.97705245,-0.71053827,0.6355152,0.006396820294196874,0.016585048962578328,-0.0011050380601813786,0.9998413794600148
73,0073.png,1.1375831,-0.7084786,0.62652045,0.007340757104161538,0.018190912008956638,-0.00018706686384827994,0.9998075478854345
74,0074.png,1.2895148,-0.7079654,0.6243546,0.007082788103068473,0.02401402245594226,0.0004063882466479128,0.9996865496522107
75,0075.png,1.4364187,-0.7109333,0.593063,0.004732386388474722,0.032554943889440184,0.0004784602261692087,0.9994583749256774
76,0076.png,1.5852791,-0.7134696,0.59822035,0.0046476316297887794,0.03060208117851134,-0.00047326584714099754,0.9995207830408485
77,0077.png,0.15541244,-0.78624046,0.804455,-0.0022545529450230216,-0.08440439312744728,-0.073389864880277,0.9936956822647307
78,0078.png,0.22334933,-0.8169293,0.82487214,0.006640914236490416,-0.018556405811135965,-0.030646678323480496,0.9993360520646732
79,0079.png,0.35380757,-0.8174864,0.82222736,0.013319522419207735,0.01266722055581764,-0.012457378132318658,0.9997532957461026
80,0080.png,0.5001161,-0.8281106,0.7546596,0.005645448442864306,0.019713987282662465,-0.003434568965641498,0.999783790580143
81,0081.png,0.6618438,-0.82489884,0.74327165,0.007198700650585871,0.01770553464949445,-0.002153249202793825,0.999814999872416
82,0082.png,0.8214197,-0.82673025,0.7484653,0.0064885348623128685,0.01755716978950364,-0.0014899578356005094,0.9998237037228881
83,0083.png,0.9786017,-0.8266391,0.7439772,0.006259414787502017,0.01840673502270469,-0.0018927390138460873,0.9998091873273359
84,0084.png,1.1358247,-0.8280329,0.7356684,0.0056314316930515486,0.01906381679635531,-0.0019505467982814347,0.9998005131587593
85,0085.png,1.2898674,-0.82650936,0.7261318,0.0062144024136405,0.022427336846205553,-0.0008036116755502323,0.999728851512488
86,0086.png,1.4410257,-0.8282974,0.70874566,0.005100970805619323,0.028891805977495452,-0.00019226838979390546,0.9995692636746067
87,0087.png,1.5912083,-0.83022726,0.6975002,0.004925720588571389,0.0321984892986371,-0.002182299063498877,0.9994669626089555
88,0088.png,0.17560744,-0.89808357,0.97054833,0.016365623488420643,-0.01475204611775227,-0.020483572851016305,0.9995489295253428
89,0089.png,0.27714813,-0.9018869,0.9668822,0.02572313252776978,0.010301993655132458,-0.021991164581031362,0.9993741043687998
90,0090.png,0.40833288,-0.92784303,0.92370147,0.011151813065412063,0.013925654647028416,-0.00921873977791755,0.9997983073444389
91,0091.png,0.54159755,-0.93418586,0.86182415,0.00643024783729582,0.019212605561932754,-0.004261351031714841,0.999785638722009
92,0092.png,0.6882852,-0.93635225,0.8552417,0.005887655254077239,0.0196732444238507,-0.003050365954620337,0.999784446372809
93,0093.png,0.8390955,-0.93771005,0.85114676,0.00518629541791225,0.020862741988688656,-0.0020296453382584786,0.9997668590569337
94,0094.png,0.98697615,-0.93896616,0.8418662,0.00470903438853403,0.020000905601462383,-0.002564359828312271,0.9997855791045828
95,0095.png,1.1396317,-0.9401473,0.8422279,0.004117378006191091,0.0189591231312649,-0.003280077271382959,0.9998063853704572
96,0096.png,1.2880819,-0.9385352,0.8410005,0.005800511980338203,0.021043177193703598,-0.0031477539255023593,0.9997567834721767
97,0097.png,1.4348023,-0.9425849,0.8322166,0.00382635496999011,0.024470389386969802,-0.0042580962453482646,0.9996841647160166
98,0098.png,1.5759617,-0.94414556,0.81933683,0.0031391820880903886,0.02923088424522812,-0.0043246386578350785,0.9995584407111683
99,0099.png,0.23896521,-0.9838437,1.052959,0.014757846658559946,-0.05575324961012657,-0.05831485331818696,0.9966416890120054
100,0100.png,0.3958205,-1.0081929,1.0262086,0.008176953227492392,-0.04348419327715765,-0.0435297263114077,0.9980625517149577
101,0101.png,0.45546854,-1.0244224,0.99850667,0.017638383761630495,0.001432242427069834,-0.004549876151850972,0.9998324969195401
102,0102.png,0.5842161,-1.0385098,0.9823005,0.008402759397182017,0.016227038155375958,-0.00406788334251015,0.9998247469875512
103,0103.png,0.7106253,-1.0414928,0.9579926,0.006448511400097484,0.02752028309889419,-0.0037166486463831782,0.9995935329241795
104,0104.png,0.84829897,-1.0453845,0.95589864,0.005037439756228354,0.02952405939606264,-0.0012599596311048977,0.9995505097599781
105,0105.png,0.9942261,-1.0468649,0.9453925,0.003735006400850213,0.027571641369729307,-0.0005113152394876482,0.9996126139842869
106,0106.png,1.1426061,-1.046129,0.9381837,0.004332078090635611,0.024772749467215943,-0.0021923186333953756,0.9996813027850734
107,0107.png,1.2904049,-1.0466276,0.942801,0.003239524728545097,0.022283127094019202,-0.0037101053539016424,0.9997395533907582
108,0108.png,1.4328754,-1.0453991,0.92597425,0.004625630178663961,0.02374304934264344,-0.0036850596805467883,0.9997005908486957
109,0109.png,1.5769191,-1.0498366,0.9243658,0.0024929033669126117,0.024750159137884146,-0.0025562223704017023,0.9996872651319595
110,0110.png,0.2669741,-1.0854654,1.089572,-0.014745626164035791,-0.0605296939821927,-0.038922011443852406,0.9972925190748965
111,0111.png,0.38876122,-1.1138494,1.0544813,-0.005868044318838153,-0.05183434622873117,-0.031741296464136155,0.998117433207571
112,0112.png,0.58725035,-1.1065654,1.0567286,-0.0068875013505745155,-0.03190108718472692,-0.03847490619010709,0.9987237654237494
113,0113.png,0.66714555,-1.1220001,1.0621449,0.007376151976882825,0.0009482796533513123,-0.0010503757239732406,0.9999719854245473
114,0114.png,0.7840684,-1.1345128,1.0632972,0.006578623268180034,0.01744885143965323,-0.003738521119613481,0.9998190835377235
115,0115.png,0.8957707,-1.13847,1.039649,0.006317726598850189,0.031640996401922306,-0.000439089229216002,0.9994792178208479
116,0116.png,1.0286431,-1.1457382,1.0393145,0.0022923136243778956,0.029914040590304187,0.00028977339636455577,0.9995497345508465
117,0117.png,1.1633981,-1.146194,1.0338123,0.0021936208778149577,0.026617282811944122,-0.005889464425229118,0.9996259705096494
118,0118.png,1.299259,-1.1475365,1.026422,0.0017666307789087395,0.02582866886399351,-0.008309448009761342,0.9996302636406152
119,0119.png,1.4338343,-1.149929,1.0354774,7.669124596792238e-05,0.02666715229865918,-0.0050754057655485255,0.9996314561737226
120,0120.png,1.565997,-1.1486216,1.0335318,0.002702739247905414,0.02942138596497914,-0.005766137818591275,0.9995468126033317
121,0121.png,0.5570328,-1.0687813,1.1119363,-0.006998537361189347,-0.2546957276697817,-0.20366634891486116,0.945858852669589
122,0122.png,0.56682444,-1.1677482,1.1009443,-0.04396378458939044,-0.16343312474721405,-0.1302146518296466,0.9769438647441815
123,0123.png,0.6332972,-1.2074705,1.1062695,-0.021556260874106545,-0.09890097304083764,-0.08924687127418283,0.9908480877388668
124,0124.png,0.75496936,-1.2297337,1.1094983,-0.0013896287074249387,-0.00546017195884413,-0.008835493496758254,0.9999445661439027
125,0125.png,0.85338974,-1.2382191,1.1166571,-0.0024762899681439556,0.012082140910661157,0.0024920149685124333,0.999920603461254
126,0126.png,0.9521718,-1.2279208,1.1312066,0.006092363091475256,0.02893609456499409,-0.007724173934364259,0.999532828879112
127,0127.png,1.0754411,-1.2314148,1.1319653,0.004430060689781388,0.029253823777608608,-0.007858111174194035,0.9995313082491196
128,0128.png,1.2010202,-1.2318219,1.1304638,0.0057479637921173795,0.028841365281716637,-0.005012943258324599,0.9995548926618357
129,0129.png,1.323705,-1.2348404,1.1240641,0.005326806720664773,0.030176204904925574,-0.007133835235865618,0.9995049204779186
130,0130.png,1.4472178,-1.2346741,1.1208882,0.005265571803975495,0.029635330077097573,-0.0070343606248011795,0.9995221546040141
131,0131.png,1.5676062,-1.2365607,1.114518,0.003623312419359825,0.03162629202726794,-0.006678797827173197,0.9994708687876985
132,0132.png,0.6763938,-1.2183177,1.1726847,-0.011740490618575157,-0.2919420826612044,-0.29101303616216706,0.9109623167868092
133,0133.png,0.66580164,-1.319701,1.2933825,-0.022182839062008068,-0.22822578710056673,-0.2339782186651925,0.9447850103399673
134,0134.png,0.67580676,-1.3156878,1.2268801,-0.0324672522471299,-0.03997899258446998,-0.048273045436888574,0.9974789730045196
135,0135.png,0.74402785,-1.3344423,1.1955234,-0.011152679005222458,0.004350215972828407,-0.00777419223763303,0.9998981304733786
136,0136.png,1.0873727,-1.5412111,1.4432094,-0.013333131618965868,-0.2872881251508596,-0.29313210139095647,0.9117385469851674
137,0137.png,1.2131052,-1.674824,1.5225211,-0.037988107872695964,-0.3020374278029865,-0.2960178725688836,0.9053198546327147
138,0138.png,1.328982,-1.7390347,1.589228,-0.021949090777200433,-0.30919113946619114,-0.30660878975752665,0.8999036353231881
139,0139.png,1.419812,-1.8693262,1.7197206,-0.03784069030654286,-0.323508175151904,-0.31230284409320586,0.8923437365874415
140,0140.png,1.3891815,-1.6934321,1.5933568,0.004533597157907435,-0.19393691826097695,-0.24498693470798158,0.9498522493007578
141,0141.png,1.3072479,-1.6336286,1.5584819,0.00200359792463915,-0.10557706536127126,-0.1535155060291559,0.9822144488461704
142,0142.png,1.2899022,-1.6116383,1.4798169,0.012801021254922629,0.06388235217778704,-0.011353540417815843,0.9976768330218451
143,0143.png,0.5668005,-1.2887628,1.2333148,-0.013336746912475208,-0.28762772865928476,-0.2906628257756103,0.9124226654935127
144,0144.png,0.6659195,-1.366897,1.3112943,-0.012665667797568917,-0.2885333811155506,-0.29129251609474377,0.9119453364353141
145,0145.png,0.7653188,-1.4459531,1.3918852,-0.014164196139664431,-0.2898584655843077,-0.2907976859830247,0.9116609112094709
146,0146.png,0.8684517,-1.5249989,1.4640208,-0.014068227473195721,-0.2910952590325304,-0.29085841004160035,0.9112490531801347
147,0147.png,0.9640447,-1.5944529,1.5519818,-0.011265061740157676,-0.2933284373227673,-0.28787272401034353,0.9115204635516021
148,0148.png,1.0561881,-1.6797018,1.6471066,-0.012335748006481333,-0.29085164916933687,-0.2935401987215866,0.9104921105999838
149,0149.png,1.1776059,-1.7737455,1.7123533,-0.015267864936022977,-0.29791860669350473,-0.2977697237378635,0.9067829143691499
150,0150.png,1.2784762,-1.8491464,1.7294698,-0.018695169611568162,-0.27007722559775454,-0.28341968309920684,0.9199359026120806
151,0151.png,1.3347104,-1.8793144,1.7643255,-0.02915068990599392,-0.2234251736298246,-0.24837757905642574,0.9420233006156976
152,0152.png,1.4630895,-1.8657165,1.7829229,-0.019570330176080543,-0.2071527806232792,-0.22316203648779645,0.9522740677335595
153,0153.png,1.3880506,-1.7328994,1.7190561,-0.028023795688526205,-0.12077845742100134,-0.1182553281519962,0.9851684702660586
154,0154.png,0.45449346,-1.3524362,1.2943037,-0.008057321584359472,-0.2838090229924071,-0.29055108191689016,0.9137147747404603
155,0155.png,0.54883087,-1.435508,1.3881745,-0.013317049695627943,-0.28614609201745594,-0.2915202206075372,0.9126146701718755
156,0156.png,0.6473186,-1.5143445,1.4703243,-0.01305642900377552,-0.2870246611445783,-0.29300993034638556,0.911865234375
157,0157.png,0.7505148,-1.5939522,1.5506725,-0.01275761960801713,-0.2886677008181381,-0.29297675867559525,0.9113620089540413
158,0158.png,0.84355664,-1.668778,1.6340487,-0.011599941387312502,-0.2854375150299219,-0.29339305423187617,0.9122601206859172
159,0159.png,0.95638883,-1.7457521,1.6992054,-0.007212233191973287,-0.2888157556811163,-0.2919536617137348,0.9117048456983547
160,0160.png,1.0760467,-1.8406135,1.7745919,-0.010683424635965184,-0.2919028398579147,-0.29210895375907187,0.9106373968177296
161,0161.png,1.1791713,-1.9199042,1.8611106,-0.008556210517495416,-0.28822504114618064,-0.29239503296360786,0.9117384489230944
162,0162.png,1.270747,-1.9943079,1.9254106,-0.026519330231710013,-0.26545142612592343,-0.2630804706611116,0.9270946344836929
163,0163.png,1.301898,-1.9397625,1.8996689,-0.023862970450634985,-0.16860488877208932,-0.17918595841698504,0.9689056825136326
164,0164.png,1.3878905,-1.915557,1.8913202,-0.03444458865539578,-0.1150390628686465,-0.14190949316302387,0.9826789656076046
165,0165.png,0.31782207,-1.4174249,1.3871566,-0.011680841298623705,-0.28551487204961007,-0.2914249267201776,0.9128654336126416
166,0166.png,0.4218065,-1.5045253,1.4716487,-0.014969667890040613,-0.2863707248711908,-0.29278415843252714,0.9121133939013274
167,0167.png,0.52539885,-1.5847238,1.5536098,-0.01422677563679993,-0.2862677895630617,-0.2933562392812588,0.9119739309378841
168,0168.png,0.62939215,-1.6669413,1.633234,-0.014338439698116599,-0.2859072542546117,-0.2924397082944534,0.9123794841873054
169,0169.png,0.7347772,-1.7484856,1.7116765,-0.01433617553664868,-0.2857366156736953,-0.29219899427481705,0.9125100670873202
170,0170.png,0.843606,-1.8291092,1.7895236,-0.012849373452501187,-0.28881105853448,-0.2906718322474328,0.9120523569717681
171,0171.png,0.9550465,-1.9099319,1.8604271,-0.01727160790011407,-0.2908264732749992,-0.2822927678330256,0.9139682688599474
172,0172.png,1.0320449,-1.9930471,1.9701078,-0.015780606498732915,-0.28661535202180616,-0.28928122347182955,0.9131397904615335
173,0173.png,1.0882078,-2.027934,2.011786,-0.03141612377717665,-0.24445550566918287,-0.24217629683328387,0.9383340939800461
174,0174.png,1.1701536,-2.0646088,2.0422807,-0.04088654810701974,-0.1820195426806954,-0.199028384363868,0.9620121165224313
175,0175.png,1.2021604,-1.9752309,2.0257223,-0.01992352769995904,-0.09103540810650285,-0.09769405653017912,0.990708758546713
176,0176.png,0.2063871,-1.4944192,1.4464717,-0.013743019487345236,-0.28548311285484285,-0.29331516943564195,0.9122405192749438
177,0177.png,0.3095749,-1.5769472,1.5345786,-0.013714093575964871,-0.28574216514482553,-0.2916421486885486,0.9126961431942373
178,0178.png,0.40763214,-1.6563396,1.6296881,-0.0141085864498691,-0.2856962754355716,-0.29185936607015994,0.9126349493074033
179,0179.png,0.5093395,-1.73966,1.7121718,-0.016185696141781804,-0.28513410169943015,-0.2924738838056671,0.9125790744642986
180,0180.png,0.6118581,-1.8236383,1.7968442,-0.01794261463831228,-0.2857265935063312,-0.2935002913206932,0.9120309865460025
181,0181.png,0.7184412,-1.9049237,1.8792402,-0.016855764572325255,-0.28743352731637983,-0.2921264064332865,0.9119567743439322
182,0182.png,0.8103061,-1.9715037,1.9627898,-0.01173115442501904,-0.2833418045931705,-0.2902328015823053,0.9139209866000041
183,0183.png,0.9167222,-2.0541527,2.0379298,-0.014482027814113198,-0.28174072042206194,-0.28526486036113924,0.9159368224907735
184,0184.png,1.0371399,-2.1507895,2.1408782,-0.014442466198392342,-0.2927575028068712,-0.2879714646446936,0.9116287108533709
185,0185.png,1.1222993,-2.2136843,2.2158024,-0.014199761245651593,-0.28025045917995034,-0.2737027035505617,0.919914780121675
186,0186.png,1.215569,-2.274364,2.2936394,-0.02346815380706589,-0.26491750379219586,-0.25592556395385496,0.9293302602972544
187,0187.png,0.08449048,-1.5668375,1.5563349,-0.017597904325027655,-0.29580068790229047,-0.29540579791741794,0.9082052251319804
188,0188.png,0.16676342,-1.6350598,1.6350595,-0.014510352218856335,-0.2832448742532695,-0.29658082895319315,0.9118701367840105
189,0189.png,0.28006855,-1.726924,1.7179457,-0.01580936098172399,-0.2878278776622735,-0.2934479352566664,0.9114273429325057
190,0190.png,0.38541692,-1.8090813,1.801611,-0.015787871201137196,-0.28782551771576,-0.2925246235191502,0.911725047007228
191,0191.png,0.48648658,-1.8948404,1.8822341,-0.01899730647229367,-0.2855581492613193,-0.29352774597995773,0.9120533045784419
192,0192.png,0.5952205,-1.9783797,1.9700361,-0.019082120555126966,-0.28718610923334686,-0.2926255206281894,0.9118305899334107
193,0193.png,0.6997356,-2.0573974,2.0546703,-0.016551472131976695,-0.288439590890761,-0.2933029752238069,0.9112674331567302
194,0194.png,0.8059611,-2.1425855,2.138031,-0.01748899000538931,-0.2903692464971911,-0.2940774691174961,0.9103870017473006
195,0195.png,0.92081213,-2.223905,2.21876,-0.018090788925821562,-0.2972184509339735,-0.28892242729114914,0.9098160398476912
196,0196.png,0.9916899,-2.3005514,2.33959,-0.018003215537369804,-0.29243158484809184,-0.296296424451281,0.9089969898064924
197,0197.png,1.0995848,-2.3640947,2.414994,-0.015109790623023233,-0.2862325755555786,-0.2761943721622799,0.9173128097688563
198,0198.png,-0.07639694,-1.6564016,1.6055803,-0.04250428886953467,-0.28110938219762954,-0.29797965671351306,0.9111925046283443
199,0199.png,0.030608296,-1.7269557,1.7103536,-0.031473282160933244,-0.27824358354055495,-0.3011955374689584,0.9114631144080333
200,0200.png,0.14755666,-1.8097991,1.8129412,-0.025723213320759136,-0.2844535220470137,-0.29627144555161344,0.9113446773329041
201,0201.png,0.2549842,-1.8891948,1.8958781,-0.02314931921577594,-0.28560865352548814,-0.2923178313384279,0.9123293429656657
202,0202.png,0.3608512,-1.9685128,1.9738666,-0.022194849094819537,-0.2853830562829318,-0.29266946082364304,0.9123110823834893
203,0203.png,0.4650713,-2.0506914,2.0607386,-0.021915734978050487,-0.2856823524025291,-0.293725945040773,0.911884615078095
204,0204.png,0.57410985,-2.1344025,2.14578,-0.021907585600323506,-0.2894120634259503,-0.29386485023575226,0.9106641670135031
205,0205.png,0.6809407,-2.216807,2.2307155,-0.022235556044303606,-0.29270947217166476,-0.293986181701918,0.9095627974252366
206,0206.png,0.7734713,-2.2915955,2.3309839,-0.019969454702690716,-0.29317180777961527,-0.29398739565023035,0.9094666909991238
207,0207.png,0.87295246,-2.3668337,2.4186761,-0.016645007251503353,-0.2937659964026877,-0.29439038770655,0.909212597375307
208,0208.png,1.0036579,-2.4778872,2.5193324,-0.021748258565411734,-0.2973140542312157,-0.29346742937979703,0.9082498517885516
209,0209.png,-0.13414711,-1.6898332,1.6569091,-0.021596532602281567,-0.31614171653077705,-0.3263394305024935,0.8905118234568082
210,0210.png,-0.059499025,-1.7997713,1.779927,-0.027463907023765763,-0.30571576046704374,-0.30977375681239183,0.8998502818720213
211,0211.png,-0.0026561618,-1.8652635,1.9072001,-0.025950326186281444,-0.2941485751215711,-0.30505388097184755,0.905347572097645
212,0212.png,0.10257506,-1.942755,1.9987371,-0.0214804056375566,-0.2874202966574157,-0.28957139238380875,0.9126780205657334
213,0213.png,0.20870164,-2.0282397,2.0585046,-0.020959170013608967,-0.27956479510058996,-0.2894221019730591,0.9151721967415316
214,0214.png,0.33100036,-2.1176212,2.1409287,-0.021100974398395356,-0.28349588220664607,-0.29238193236360976,0.9130171316405117
215,0215.png,0.443912,-2.2095149,2.231744,-0.024716930787057067,-0.2884941274171372,-0.293713754214035,0.9109314331062042
216,0216.png,0.5564191,-2.298821,2.313558,-0.025431166198450223,-0.29092897028486164,-0.29464523442669377,0.9098364796283317
217,0217.png,0.6557063,-2.377743,2.4139307,-0.023242584504909312,-0.2907680668337229,-0.29607189624094093,0.909483304735055
218,0218.png,0.75648296,-2.4594243,2.5123544,-0.020550358777484807,-0.2904037593487764,-0.296498658646007,0.9095261648062485
219,0219.png,0.8828057,-2.54854,2.5877132,-0.016696777385349963,-0.29692061900171035,-0.2957861233120804,0.907733065466901
220,0220.png,0.012593389,-1.8632739,1.9023857,-0.034035027008025825,-0.4479071380043388,-0.43700138427740587,0.7792611556125105
221,0221.png,0.03428781,-1.9320647,1.946824,-0.04553187419332309,-0.44657791810709907,-0.4442742474345566,0.775216955150489
222,0222.png,-0.10977274,-1.9338611,1.9384692,-0.05085141722434368,-0.31415617751237773,-0.3206429758121157,0.8920851667142722
223,0223.png,-0.028138578,-2.0021405,2.0362234,-0.03213318156449537,-0.2975509540962582,-0.3074205181981281,0.903231427742676
224,0224.png,0.0828982,-2.1168952,2.1225774,-0.03229591250804111,-0.2904951576145199,-0.31343756944378204,0.9034532273941456
225,0225.png,0.18706468,-2.2001736,2.1995473,-0.031079446762099137,-0.2774226492314894,-0.2950205617270009,0.913742596326232
226,0226.png,0.31190264,-2.2939062,2.290808,-0.03143132299253204,-0.2841681137366909,-0.2931203293557734,0.9122713259699892
227,0227.png,0.4236697,-2.3807387,2.397853,-0.031613082910895915,-0.28872980445544955,-0.29449371952289605,0.9103906026873106
228,0228.png,0.53817105,-2.4600716,2.488115,-0.02510139444446251,-0.29149840715246694,-0.29506015398862767,0.9095291138194493
229,0229.png,0.6359679,-2.5469804,2.5823429,-0.02792093204093873,-0.28896213733780485,-0.2993052795234099,0.9088675744817482
230,0230.png,0.7555697,-2.6382608,2.6532128,-0.028002735246584257,-0.2872680875570186,-0.2986616809622029,0.9096127307479044
231,0231.png,-0.13465917,-1.8935142,1.9324739,-0.035351540691429414,-0.32895119724243493,-0.3578540940617374,0.8731906439667454
232,0232.png,0.46750885,-1.8624046,1.8948984,-0.05505817157874276,-0.052961425508800467,-0.09258756552890371,0.9925894035890566
233,0233.png,0.5273327,-1.7645265,1.8170166,-0.04727026221162888,-0.08943367337545695,-0.09363257423173688,0.9899640438505395
234,0234.png,0.40767998,-1.9703147,1.9122653,-0.1446413844912827,-0.1640625187600812,-0.18966293356436847,0.9570022578616398
235,0235.png,0.23364538,-2.1692758,2.16649,-0.05862366106086088,-0.30327707602835247,-0.29826831331307974,0.9030668325732781
236,0236.png,0.054239154,-2.2888837,2.2701423,-0.04496307611306521,-0.30225839777116836,-0.31581357769146445,0.8982021521106557
237,0237.png,0.12849987,-2.360973,2.3552942,-0.035228701997598505,-0.2685896036337085,-0.2845951200432281,0.919522338409152
238,0238.png,0.26082087,-2.4425218,2.4665103,-0.02531954982029796,-0.2795638464885573,-0.2928076997331915,0.9139832682382352
239,0239.png,0.38896823,-2.5445607,2.5925803,-0.028228615142755705,-0.29202574501564704,-0.29450595368840365,0.9094470949204907
240,0240.png,0.5079603,-2.634451,2.7031357,-0.02585421201372278,-0.2947725861842805,-0.29660996522085153,0.9079479884614987
241,0241.png,0.62741053,-2.7329378,2.7905428,-0.02840524075564347,-0.2909393219483669,-0.2960358753177325,0.9092931625404482
242,0242.png,0.09356871,-1.968213,2.011666,-0.029164087262578638,-0.12454146997956954,-0.12714469969704204,0.9833784054001007
243,0243.png,1.0938914,-1.9815162,2.2097306,-0.03112642784928591,-0.3420736729754095,-0.2205976164332468,0.9128468246301097
244,0244.png,1.3889955,-2.2390158,2.498275,-0.07353376791612118,-0.39872893752922683,-0.29289870484048075,0.8658187821450231
245,0245.png,1.0297092,-2.1624362,2.268625,-0.05345623238416308,-0.1219502660401868,-0.19033802335739824,0.9726118820672651
246,0246.png,0.7241224,-2.0687568,2.212405,-0.05188203644508508,-0.021344530734148014,-0.07216356325296974,0.9957667692967073
247,0247.png,0.69330573,-2.0886364,2.2272859,-0.05270153550953503,-0.07214045772113414,-0.11357399193544092,0.98940035818235
248,0248.png,0.16566628,-2.4391105,2.4427562,-0.05140023086367298,-0.26216458581077273,-0.26764052779384995,0.9256886625065625
249,0249.png,0.011796504,-2.481566,2.4877288,-0.023602454206648568,-0.21811559084190965,-0.22011679313172142,0.9504356589977732
250,0250.png,0.21874973,-2.630949,2.6630342,-0.03130870387338651,-0.28584689935575874,-0.29824991586595617,0.9100881395518402
251,0251.png,0.34000462,-2.7276802,2.8023927,-0.03150853890796482,-0.2908324386163434,-0.29837994171660587,0.9084581242737388
252,0252.png,0.47108614,-2.8203936,2.9248571,-0.025935881679740976,-0.2934712326483069,-0.2960426142719464,0.9085519756445761
253,0253.png,0.38933647,-2.2334816,2.2389219,-0.05173738657269821,-0.1824358049359298,-0.08330427972448738,0.9782107062769958
254,0254.png,0.711466,-2.4592636,2.4768612,-0.05004871426209807,-0.37180662718896745,-0.38453719375800005,0.8434220312395376
255,0255.png,1.0848808,-2.4487832,2.6116674,-0.05417990918400124,-0.362678222717041,-0.3283501160440489,0.8703799894453667
256,0256.png,0.85445523,-2.935645,2.8477492,-0.05277932850071656,-0.31147709934572104,-0.3142553085244868,0.8951823434540704
257,0257.png,1.1107868,-3.3280861,3.3016014,-0.019166908365847196,-0.4262789419442883,-0.4314996170332994,0.7945687449262435
258,0258.png,0.6854732,-2.9234586,2.9866445,0.028934864247369588,-0.1363153872128189,-0.15790981707314378,0.9776247884410907
259,0259.png,0.98471034,-2.7232945,2.807893,-0.03951414772001516,-0.3176851543305359,-0.3255408632220606,0.8896300128657784
260,0260.png,0.69252324,-2.7518654,2.8451786,-0.06616222837200685,-0.20409901361225188,-0.26404993737793614,0.9402535056627235
261,0261.png,0.048618764,-2.7123208,2.7684455,-0.03366471229085601,-0.2573338442576423,-0.2589140712770222,0.9303118108170852
262,0262.png,0.18618846,-2.8048677,2.8999655,-0.028750842775458623,-0.2857082773588281,-0.2896773614258063,0.9129799521230837
263,0263.png,0.30829722,-2.9044461,3.0312788,-0.024137909915111586,-0.29195371955385263,-0.29533038247163806,0.9093219387658712
264,0264.png,0.8152417,-2.917229,2.952885,-0.0274120077311918,-0.16511336373591404,-0.21835150753704335,0.9613812050237854
265,0265.png,0.7198965,-2.8765476,2.9628773,-0.02490759859840537,-0.2559621284455641,-0.37483544651652595,0.890677601114223
266,0266.png,0.5160015,-2.8820229,2.8790889,-0.03411014693222264,-0.1852770370678926,-0.2882044456149461,0.9387614664223207
267,0267.png,0.4178542,-2.865767,2.8434718,-0.02490737576488389,-0.20193872676052815,-0.27437653923707545,0.9397551750878852
268,0268.png,0.55016536,-3.2072067,3.269301,-0.022914319086641825,-0.16414921834615517,-0.2223277023792469,0.9607531983329509
269,0269.png,0.5199301,-3.2682285,3.36139,-0.009480648265755438,-0.18793150765180164,-0.21793369981017546,0.9576286475507102
270,0270.png,0.64351976,-2.9216683,3.037756,0.010664514373998487,0.0035350067192307234,-0.03185834593496849,0.9995393288008437
271,0271.png,0.60036486,-2.9320202,3.0428655,0.0045548173217082565,0.034330749266906546,0.002452283975550981,0.9993718976133096
272,0272.png,0.6297179,-2.916563,3.0561643,0.02048519422112855,0.012934040602646642,-0.011714621688743097,0.9995676536544076
273,0273.png,0.6247458,-2.9303837,3.0346663,0.002899698231568091,0.029244212085519646,0.009790561836531318,0.9994991955813538
274,0274.png,0.6303755,-2.9160004,3.044742,0.032325370539902316,0.024682536440786235,-0.003485572901157659,0.9990379951438118
275,0275.png,0.7092784,-2.863817,2.9068055,-0.027853730351620726,-0.16605563615385477,-0.21802485304045124,0.9612804514175173
276,0276.png,0.6404114,-2.9330976,2.9820487,-0.026712786392271134,-0.16462359240277016,-0.21694176942599083,0.9618040690006989
277,0277.png,0.5651041,-3.0173233,3.08507,-0.03431975029388956,-0.16546970520505813,-0.22084644161070344,0.9605268515865204
278,0278.png,0.493429,-3.088605,3.174248,-0.03320100262094345,-0.16679952973026577,-0.22273883409968648,0.9598997762139917
279,0279.png,0.428413,-3.1552052,3.2362952,-0.02574041885546351,-0.1630397442404939,-0.22398452997626742,0.9604846228322316
280,0280.png,0.31366646,-3.2964337,3.35564,-0.01485744759676445,-0.16418950723427875,-0.21669579511685838,0.9621915310573602
281,0281.png,0.5304419,-2.900164,3.0221746,-0.020568358347072335,0.003709910483662605,-0.04042014083500643,0.9987191998312347
282,0282.png,0.52186,-2.8568115,3.044361,0.031112389496563114,-0.017161923842609287,-0.07451578952269483,0.9964483789202905
283,0283.png,0.50377315,-2.8674161,3.058943,0.016106081070314672,0.03811503943953794,-0.009356249551240108,0.9989551807999547
284,0284.png,0.5263165,-2.8851304,3.0298254,-1.5310275155358866e-05,0.02588815674393046,-0.01273786664780719,0.9996786495292758
285,0285.png,0.471452,-2.8568964,3.0432606,0.020087650992914336,0.04865724411641781,-0.009872551353016755,0.9984219437940949
286,0286.png,0.55415225,-2.7589781,2.8710263,-0.02223636644430987,-0.1571559526310061,-0.2205709710144885,0.9623407492240131
287,0287.png,0.5027272,-2.8633852,2.9228451,-0.02370916512567941,-0.16609338866172252,-0.21752982588730663,0.9614979729931077
288,0288.png,0.41969708,-2.9573722,3.0284598,-0.024519439214628545,-0.1673907655668913,-0.21805855265383428,0.9611330531181432
289,0289.png,0.3401288,-3.0488303,3.118727,-0.02183300356529488,-0.16816101361765967,-0.21790583026305335,0.9610986341892818
290,0290.png,0.25182265,-3.1334853,3.2203212,-0.016518921241583925,-0.16680695775040302,-0.2163214584781593,0.961798925334848
291,0291.png,0.17945021,-3.2313006,3.320889,-0.017467239448196697,-0.17115277637197218,-0.21247263101920094,0.961876944973115
292,0292.png,0.40885207,-2.728231,3.06787,0.022196451649208197,-0.051212048149268094,-0.1065775573870613,0.992650502225933
293,0293.png,0.40891805,-2.746879,3.0687923,0.01751288381147751,-0.05083011552265861,-0.10705245798576596,0.9927826245513433
294,0294.png,0.38350612,-2.7723813,3.0667017,0.0009558970233548148,-0.011969005495457076,-0.07440366776801732,0.9970570413003297
295,0295.png,0.40557307,-2.7802515,3.0537562,0.013013497915781422,-0.04736498724068306,-0.10688631444199746,0.9930697746118445
296,0296.png,0.3526917,-2.7341318,3.086501,0.03294904934923343,-0.025494701343580513,-0.09173441019543539,0.9948279622165629
297,0297.png,0.4305668,-2.6647964,2.790135,-0.027779933034822433,-0.1669485776893999,-0.21978471243592432,0.9607273275145514
298,0298.png,0.3492149,-2.776517,2.8777032,-0.027648807319455973,-0.17016087634967866,-0.21805411161346236,0.9605624699887642
299,0299.png,0.2587469,-2.886591,2.9745448,-0.027203985544992638,-0.17080677335932037,-0.2174904565883829,0.9605884693474294
300,0300.png,0.16996853,-2.9910693,3.0711567,-0.023769703428345446,-0.17091705297126294,-0.2173590722362622,0.9606903812890626
301,0301.png,0.058335125,-3.0886807,3.2070832,-0.01842378678802167,-0.16555915028710239,-0.20912065240453076,0.9635704070607662
302,0302.png,-0.05044973,-3.2183816,3.3245335,-0.02820464234791782,-0.1561718712836053,-0.20404384936696113,0.9659836556728268
303,0303.png,0.38690367,-2.7175288,3.08932,0.022371154039784354,-0.06147985399568645,-0.10938536428441135,0.9918154522063828
304,0304.png,0.25281027,-2.6967597,3.2905438,0.021361118086035146,-0.03853050309567627,-0.11292938247517148,0.9925802459754186
305,0305.png,0.21456996,-2.723679,3.2810104,-0.004513896701630625,-0.06418895454173475,-0.13677140034511842,0.9884627707016134
306,0306.png,0.27389723,-2.7271056,3.267041,0.003569490895614714,-0.04050966143414311,-0.10638849896948,0.9935109480747543
307,0307.png,0.2523288,-2.7164855,3.2626476,-0.0055050895356307,-0.03688673483351733,-0.10243535030447455,0.9940088630699441
308,0308.png,0.3067621,-2.5609567,2.6695688,-0.028207410681927423,-0.17453670690125972,-0.2208843687866725,0.9591147650743461
309,0309.png,0.20639345,-2.6674905,2.780365,-0.023039881019053035,-0.17374771604747538,-0.21797767811572727,0.9600607741510307
310,0310.png,0.10197128,-2.7905416,2.9006727,-0.025340692070742285,-0.1757155956332798,-0.21762208406131003,0.9597251501619902
311,0311.png,0.001793772,-2.9111943,3.0109491,-0.025871779213693512,-0.17814161668949832,-0.21385879044022021,0.9601099746515738
312,0312.png,-0.088402435,-3.007769,3.11043,-0.013749518645959065,-0.17712991612703455,-0.21028227499242372,0.9613374327542661
313,0313.png,-0.21172939,-3.109988,3.1490798,-0.006399621958445561,-0.151381204340467,-0.18787212435631281,0.9704098786219979
314,0314.png,0.29730356,-2.6768417,3.2900882,0.02324125930141921,-0.10440822818884414,-0.14715745094151234,0.9832759655904867
315,0315.png,0.2652725,-2.698185,3.2968686,0.011987530484167647,-0.08660927998819096,-0.13838977686067996,0.9864964709752915
316,0316.png,-0.22426954,-2.9235842,3.3686705,0.028075274523936305,-0.1493878045397249,-0.16255831200157148,0.974907961193654
317,0317.png,-0.23349297,-2.937467,3.3222024,0.009974492585018641,-0.13642907909214222,-0.15333552461765848,0.9786427428619869
318,0318.png,-0.24152595,-2.9194236,3.367598,0.012745363513640307,-0.15740692395213846,-0.16704277951645755,0.9731968063194689
319,0319.png,0.103686966,-2.7196822,2.7588086,-0.09270317531203051,-0.19172472113307173,-0.24263576875317008,0.9464158798919423
320,0320.png,0.010847308,-2.8011806,2.8639526,-0.08278454287147506,-0.19355684108478288,-0.2382256469698384,0.9480704437834419
321,0321.png,-0.08569332,-2.884312,2.9677527,-0.07490245527763,-0.1950523670686006,-0.23857230841451846,0.9483352128352718
322,0322.png,-0.18247378,-2.9711428,3.0866003,-0.06857898017467727,-0.19996085989780807,-0.23644648246879504,0.9483311274546985
323,0323.png,-0.25778168,-3.016064,3.1666248,-0.04203583495681433,-0.2050175316967212,-0.2239490082431184,0.9518399565389524
324,0324.png,-0.32533208,-3.0944107,3.2177567,-0.025420212421945622,-0.2083028736894456,-0.21788225188484817,0.9531280017242691
325,0325.png,-0.42378935,-3.214369,3.3507662,-0.03487315526376566,-0.2098651200776277,-0.21030357305316402,0.9541844280261182
326,0326.png,-0.23157066,-2.9202793,3.3930185,0.01155925370708521,-0.17601232611750003,-0.1743171083704536,0.9687411400174479
327,0327.png,-0.27935436,-2.9137666,3.3928413,0.013118769948412885,-0.13884630818317742,-0.1509375940517146,0.9786335156477455
328,0328.png,-0.36296165,-3.0416842,3.245814,-0.013582355838102318,-0.061531007770269215,-0.11846061930552401,0.9909600903532455
329,0329.png,-0.36669287,-3.0423577,3.2507975,-0.013917569766266878,-0.08966150977268729,-0.12649516219359627,0.9877422204702127
330,0330.png,0.013180703,-2.670986,2.663048,-0.09506897852163945,-0.21991786523691453,-0.24825849407716155,0.9385598867145916
331,0331.png,-0.11032161,-2.7528296,2.7687294,-0.08903296538863839,-0.21298946693884352,-0.24336813345863825,0.9420066280314042
332,0332.png,-0.2285893,-2.8342025,2.890066,-0.08141265886871756,-0.20978255112592356,-0.24237100004075518,0.9436935243697868
333,0333.png,-0.3571647,-2.931414,3.0484385,-0.08449588049915811,-0.21350318863353118,-0.23458102876400777,0.9445667320130914
334,0334.png,-0.44301346,-3.0044003,3.1678987,-0.07019112946507351,-0.21857065060079595,-0.232990451510715,0.9449657403195393
335,0335.png,-0.47435462,-3.047883,3.2041526,-0.041055367363792325,-0.22938525890590247,-0.21399495186334638,0.9486118464345271
336,0336.png,-0.5801687,-3.157595,3.3184123,-0.049197168619238216,-0.2274413173947714,-0.20689131695905108,0.9502684201445106
337,0337.png,-0.37973434,-3.0405164,3.242358,-0.020990284185694912,-0.09112222378313976,-0.12306656659761442,0.987939556896525
338,0338.png,-0.37121928,-3.0519905,3.2314022,-0.022873121009040643,-0.08565361155892245,-0.12073206968422347,0.9886711467256429
339,0339.png,-0.37660718,-3.043189,3.2328665,-0.01805771643717708,-0.07802712390134083,-0.12237661554442891,0.9892004811731935
340,0340.png,-0.653821,-3.0759609,3.2671158,-0.014910759205798593,-0.10563032159512721,-0.09667080549548114,0.989582848130492
341,0341.png,-0.06894922,-2.4539964,2.6133409,-0.05833906750701564,-0.23311223329031192,-0.20592808017063324,0.9485847962078937
342,0342.png,-0.18167233,-2.5587542,2.6933234,-0.06002219434517967,-0.23091120351954367,-0.2037992254962145,0.9494743787875313
343,0343.png,-0.31102562,-2.662563,2.8598568,-0.05970624894853384,-0.2338455640064864,-0.2041911330282568,0.9486958197501492
344,0344.png,-0.4206957,-2.7720616,2.9864216,-0.06145815665351019,-0.23835436021463607,-0.2018609106255118,0.947957460692414
345,0345.png,-0.5342151,-2.908535,3.1248093,-0.06738911743994826,-0.24631422750904414,-0.20711032791442832,0.9443834641971638
346,0346.png,-0.6144195,-3.0198286,3.1887581,-0.0618695571617566,-0.24885230314209297,-0.20348888879039942,0.9448819401578626
347,0347.png,-0.7157023,-3.1367416,3.252649,-0.07213104660492707,-0.23822295499934643,-0.19084669151167943,0.9495225898883836
348,0348.png,-0.70766777,-3.1256788,3.2388148,-0.046173181739720445,-0.22912190891063658,-0.17012199132596922,0.9572822397381542
349,0349.png,-0.68917686,-3.1487153,3.2792053,-0.029211348220834776,-0.24376951379159334,-0.12024310006100612,0.961856805481829
350,0350.png,-0.7841281,-3.1498709,3.2621288,-0.015294419971902212,-0.18732548160116128,-0.07570868990331664,0.9792422948538526
351,0351.png,-0.6738528,-3.0698638,3.2428734,-0.019223053024063342,-0.13007609984925386,-0.10052061354113119,0.9861966187084364
352,0352.png,0.08215332,-2.4966586,2.6361148,-0.06969616328932766,-0.28191940830940593,-0.21503555437847147,0.9324149506674974
353,0353.png,-0.035317123,-2.6259274,2.737381,-0.08003899874846082,-0.28321069159590856,-0.21736970569150937,0.9306500364769736
354,0354.png,-0.17332661,-2.689217,2.8876398,-0.06891673177541147,-0.2849239649567989,-0.21407884754744627,0.9317815582073252
355,0355.png,-0.3050015,-2.781805,3.003276,-0.06624826057192412,-0.2863515468482108,-0.21692846331603094,0.9308875537085756
356,0356.png,-0.45132536,-2.8845701,3.120649,-0.06442372833725762,-0.28504103231438604,-0.2111234930371475,0.9327352878429657
357,0357.png,-0.5958184,-3.0274417,3.1982467,-0.07484496967005955,-0.2797490191482362,-0.21682085382177943,0.9322450544472147
358,0358.png,-0.7097884,-3.1733072,3.3080022,-0.10020777707851967,-0.2876025053178911,-0.21602128212025556,0.9276511707137939
359,0359.png,-0.7834582,-3.1194801,3.233585,-0.06143689331269154,-0.2678584948417543,-0.1699493008392551,0.946340648083591
360,0360.png,-0.89723265,-3.1909297,3.3098814,-0.050130600515241854,-0.26298278980278533,-0.17133277581349643,0.9481257043985505
361,0361.png,-1.0418887,-3.273347,3.3707664,-0.04106666453798077,-0.24615912927235928,-0.1722045013188159,0.9529065991931679
362,0362.png,-1.3684089,-3.357162,3.646804,-0.09779127561828713,-0.17817200506804828,-0.11768818961473645,0.9719711403349602
363,0363.png,-0.069675565,-2.3945918,2.487636,-0.05898779815583877,-0.2735226472112544,-0.2066039174728226,0.9375477778657989
364,0364.png,-0.3374477,-2.3710263,2.4226117,-0.04606085509523874,-0.23452901606790166,-0.15161643012077697,0.9590852765920903
365,0365.png,-0.46893686,-2.5065432,2.6069174,-0.058819619451656535,-0.24035410518456773,-0.16855998469990238,0.9541083719250673
366,0366.png,-0.5449277,-2.6200035,2.7604995,-0.05970773616840837,-0.25973933971507124,-0.1773429532980774,0.9473582743532165
367,0367.png,-0.6778884,-2.714255,2.8416781,-0.053390747775485824,-0.2481430634236455,-0.17094586606556167,0.9520068254065869
368,0368.png,-0.8179452,-2.8163767,2.9754174,-0.054862324637679136,-0.24039068984198794,-0.18207461593250182,0.9518484102619303
369,0369.png,-0.87028456,-2.9860609,3.0986543,-0.07458093494049794,-0.27156715963629346,-0.18766772711581836,0.940979350314448
370,0370.png,-0.9846079,-3.0477862,3.1764624,-0.06262656335935149,-0.26652066007669767,-0.17778372205246423,0.945203160039242
371,0371.png,-1.0906622,-3.1286855,3.256946,-0.051310899044988714,-0.2615654169419782,-0.1772460238717873,0.9473670511905069
372,0372.png,-1.2074634,-3.2311983,3.342822,-0.05152412520757241,-0.25545783152972346,-0.17967775470328268,0.9485631491875072
373,0373.png,-1.3461354,-3.3851705,3.532089,-0.08285454068479299,-0.27498103211283303,-0.19723514060776184,0.9373354449494815
374,0374.png,-0.35044003,-2.2308946,2.3196144,-0.04016024200853725,-0.26110436449051067,-0.16215805612430403,0.9507312106378063
375,0375.png,-0.4541527,-2.3584902,2.377709,-0.05652148237247062,-0.2583993190776687,-0.16934093342005915,0.9493824695948763
376,0376.png,-0.63819426,-2.496972,2.5713491,-0.057019383654507094,-0.25545639270332526,-0.19094713325865437,0.9460449533770156
377,0377.png,-0.75658226,-2.5863223,2.7119718,-0.06175612957437876,-0.25982725105253784,-0.1879772460910269,0.9451499988451979
378,0378.png,-0.8840393,-2.6675673,2.81144,-0.055741723497042636,-0.24671581530726533,-0.18099217772957807,0.9503852677890042
379,0379.png,-1.0084659,-2.755519,2.9515634,-0.05264379315095031,-0.24491147182246198,-0.18464719434763277,0.9503256854391046
380,0380.png,-1.1033132,-2.9008002,3.0441422,-0.06553431081035598,-0.25258275207126224,-0.1884971967604293,0.9467537037424671
381,0381.png,-1.1982646,-3.020336,3.1563885,-0.06990917810918595,-0.26054889332015263,-0.18377357201765931,0.9452100335696453
382,0382.png,-1.2867963,-3.1173,3.2361627,-0.06924240383037149,-0.25959515679282363,-0.18234546060257353,0.9457965273704835
383,0383.png,-1.3291965,-3.1897678,3.2756758,-0.0582090587231169,-0.2631488920913071,-0.17736411519782772,0.946507510391722
384,0384.png,-1.3672949,-3.2448592,3.358673,-0.04374155412387538,-0.27635756178845794,-0.16927504035475446,0.9450044366439738
385,0385.png,-0.56590116,-2.2375908,2.3487544,-0.04466994335287911,-0.2617686377476401,-0.1908305006965176,0.9450081895039443
386,0386.png,-0.66609114,-2.3433568,2.4196293,-0.05520355445262973,-0.26423334142105775,-0.1932590703914003,0.9432700926427464
387,0387.png,-0.80206645,-2.4497724,2.492249,-0.06583615493940581,-0.25354714217695284,-0.18754555232147976,0.9466635452194421
388,0388.png,-0.6992655,-2.9646306,2.8966565,-0.16009788488554985,-0.33415175323414803,-0.21102588414420184,0.9045515258013719
389,0389.png,-0.84465706,-2.9800396,3.0398602,-0.1458457817359722,-0.3380235962530431,-0.208969202938755,0.9059476348004778
390,0390.png,-1.0040348,-3.0555763,3.1685958,-0.14611017816250776,-0.332015344104303,-0.2062360823758071,0.9087722799726116
391,0391.png,-1.1945598,-3.1526623,3.2964778,-0.14699501211538318,-0.3468457236478543,-0.21447135150458452,0.9011414018827089
392,0392.png,-1.318846,-3.2160685,3.3385913,-0.15048615766613932,-0.34245306471527454,-0.2089097269765482,0.9035408039600515
393,0393.png,-1.3448213,-3.2305422,3.354045,-0.13449559389648733,-0.352855143908376,-0.18645817453562696,0.9070057841561298
394,0394.png,-1.3641768,-3.2391155,3.358346,-0.1107608805031991,-0.33549366223512855,-0.1662031766755494,0.9206036675410173
395,0395.png,-1.3803346,-3.243333,3.3521197,-0.06056615871230537,-0.3279808091832411,-0.15953577803449903,0.9291410362802774
396,0396.png,-0.38421428,-2.6762953,2.5438435,-0.1460612409916826,-0.35759181661419803,-0.21465116799496495,0.8970658488030718
397,0397.png,-0.5455255,-2.7681582,2.6197066,-0.1559012728992694,-0.34491622755499607,-0.22360513686957162,0.8981264654053351
398,0398.png,-0.6925752,-2.8516872,2.6775818,-0.16090984524697208,-0.33725305388431454,-0.2235523180389623,0.9001815784918807
399,0399.png,-0.836012,-2.8990545,2.7834744,-0.15747641137509782,-0.3419208325966221,-0.22507488866729083,0.8986488757058585
400,0400.png,-0.78453064,-2.8574262,2.844774,-0.14619202905846546,-0.3593811111675221,-0.21210223355389832,0.8969363400952384
401,0401.png,-0.8772074,-2.894915,2.9313574,-0.14144485424345268,-0.37037988639701824,-0.21451588510073621,0.8926375221172204
402,0402.png,-1.0003159,-2.935732,3.014291,-0.14854791508412324,-0.3735558864185557,-0.22623668354221324,0.8872572822175214
403,0403.png,-1.0767269,-2.9824116,3.0645475,-0.13391118156075785,-0.36279405959777633,-0.22122613064620597,0.8952765878661636
404,0404.png,-1.138936,-2.9875994,3.146033,-0.09641843122317376,-0.37107030443287153,-0.23398458627757412,0.8934582267350456
405,0405.png,-1.1090025,-2.9352362,3.0653858,-0.04230822302437408,-0.37364543524853594,-0.22479605104250777,0.8989504800912453
406,0406.png,-1.0758058,-2.9809735,3.135035,-0.026768340404815662,-0.4211995006543211,-0.23597722419431338,0.8752808120259565
407,0407.png,-0.47126478,-2.6368423,2.4523633,-0.14535415843763067,-0.35933993830997923,-0.21243695538990082,0.8970091702790941
408,0408.png,-0.57003176,-2.6851463,2.5233195,-0.14673156038201832,-0.35805408738939803,-0.2146451621625936,0.8967734807739338
409,0409.png,-0.67409617,-2.7312317,2.6003125,-0.14843826512185312,-0.3580382988014968,-0.2142602926189632,0.8965907812860149
410,0410.png,-0.77462876,-2.7761545,2.673797,-0.1483269869504015,-0.3581738679339829,-0.2148256940984201,0.8964197472109242
411,0411.png,-0.8729222,-2.822897,2.7552004,-0.1492426693782439,-0.3625250954737659,-0.21390472784851267,0.8947376196410577
412,0412.png,-1.0050585,-2.8541574,2.8648975,-0.14765444890090892,-0.36103265108960236,-0.21231961591850845,0.8959815915464652
413,0413.png,-1.1157188,-2.8858142,2.955378,-0.1424318447112706,-0.36874019760828425,-0.21004100975996046,0.8942248556810825
414,0414.png,-1.1963422,-2.9350107,3.0257947,-0.13702435741738542,-0.37612006982039675,-0.21265744103183604,0.8913748412152851
415,0415.png,-1.235176,-2.9871325,3.0801637,-0.12666892384092804,-0.39242342207319447,-0.19204543114013115,0.8905617540891673
416,0416.png,-1.2413464,-3.002123,2.9280467,-0.10223177422303739,-0.349891429626202,-0.166406737297844,0.9162135449244101
417,0417.png,-1.2593396,-2.9958842,2.9420629,-0.079973415618379,-0.3568338241817789,-0.13011866708891673,0.9216178600076613
418,0418.png,-0.5645446,-2.59489,2.3609078,-0.14673063575423514,-0.3595065848576042,-0.2132850721412643,0.8965170195709115
419,0419.png,-0.6586889,-2.6451335,2.426698,-0.1460692357315982,-0.35975998263117526,-0.21339295568059782,0.8964979050224068
420,0420.png,-0.76706076,-2.6900523,2.5001318,-0.1457656928839791,-0.3565511551224371,-0.21435768131874988,0.897598073483506
421,0421.png,-0.8799434,-2.7316852,2.5897586,-0.1456393606003533,-0.35703768931152674,-0.21457588831289984,0.8973730664825545
422,0422.png,-0.98664564,-2.7756042,2.6725335,-0.14797738115845843,-0.35836498040472287,-0.2132683717353763,0.8967731484455527
423,0423.png,-1.0738258,-2.8180978,2.7524083,-0.14450035354498614,-0.365165905129464,-0.20675117213985936,0.896123942471004
424,0424.png,-1.2176785,-2.8797035,2.843322,-0.14708048767327828,-0.35605263043002067,-0.21084753386653934,0.8984122231286321
425,0425.png,-1.335825,-2.9275758,2.9283705,-0.146914259932443,-0.3532166333455834,-0.2123329308047505,0.8992081363956398
426,0426.png,-1.4470091,-2.9931307,3.016775,-0.16205999365122833,-0.3453356133709561,-0.206455856515004,0.9010276278833554
427,0427.png,-1.4241972,-3.0460415,3.017139,-0.13535923626966767,-0.37436738232949324,-0.18984390899260006,0.89749178662168
428,0428.png,-1.4835684,-3.056796,2.989144,-0.11445686775957985,-0.35938758962217804,-0.16006615106368452,0.9122101035850969
429,0429.png,-0.6723757,-2.5395262,2.2691805,-0.15024988687901508,-0.35835045982624597,-0.21463255637676232,0.8960748871711179
430,0430.png,-0.7755122,-2.5878103,2.3390136,-0.14735893030571315,-0.3555838635827655,-0.213164904335836,0.8980053401333705
431,0431.png,-0.86469215,-2.6476107,2.3975885,-0.1459700567083177,-0.3563272235571272,-0.213383416588254,0.8978858249144009
432,0432.png,-0.977854,-2.6950135,2.4834373,-0.14692685629133467,-0.35563204532843923,-0.21358623383773656,0.8979569186388193
433,0433.png,-1.0884602,-2.7438586,2.5691118,-0.1474321141080641,-0.35685353136037756,-0.21445343046028548,0.8971825833187559
434,0434.png,-1.1997073,-2.7877896,2.660402,-0.14691670599628046,-0.35949784463830253,-0.21104924253193774,0.897019303572362
435,0435.png,-1.3159747,-2.8325949,2.7434964,-0.14539887172501534,-0.3570589155400491,-0.2108705129556591,0.8982812496815004
436,0436.png,-1.4518536,-2.8974044,2.8466403,-0.1499523338138503,-0.35783632167938,-0.21261731474254225,0.8968097702921684
437,0437.png,-1.5827844,-2.9348276,2.944687,-0.14706703490579393,-0.35282217379956543,-0.2121694314028404,0.899376718282218
438,0438.png,-1.648974,-3.0300238,3.0133235,-0.15623583738915653,-0.36863994819529394,-0.20969440633070296,0.8920389963743465
439,0439.png,-1.6998628,-3.0714555,3.0195985,-0.13521483626804523,-0.3650224707189712,-0.1982683528706945,0.8995469913559785
440,0440.png,-0.7339335,-2.5017421,2.1092203,-0.14930818448882874,-0.3549528790184641,-0.21443274148284044,0.8976307771552873
441,0441.png,-0.85958904,-2.5361319,2.2133605,-0.14392214534446185,-0.35601246681307647,-0.21004060296126514,0.8991286894691956
442,0442.png,-0.96292377,-2.597683,2.2863214,-0.14566903385213023,-0.35727667528659535,-0.21249153426404746,0.8977689494674898
443,0443.png,-1.0749274,-2.651311,2.371067,-0.1452735086563797,-0.35756080724568884,-0.21304918378158294,0.8975879799269203
444,0444.png,-1.188447,-2.7079165,2.4507198,-0.1464772185564931,-0.3558062988372255,-0.213511275732762,0.8979792545806707
445,0445.png,-1.3126935,-2.7586854,2.5491133,-0.14845768425619274,-0.3565982991586707,-0.21368183385355594,0.8972989705141812
446,0446.png,-1.435695,-2.8054042,2.6427436,-0.14865814996643364,-0.35663868047943487,-0.21351807629649466,0.8972887075242694
447,0447.png,-1.5565675,-2.8536692,2.7333913,-0.1487905681622037,-0.3568932211618603,-0.2134441517561339,0.8971831812367652
448,0448.png,-1.6911333,-2.925634,2.8230855,-0.14661521897663848,-0.3548926637772991,-0.21637138386332086,0.8976332672337647
449,0449.png,-1.812386,-2.9907029,2.9163728,-0.14974947454750576,-0.35425520787285913,-0.21491243387142514,0.8977180585838292
450,0450.png,-1.8962028,-3.05027,2.96911,-0.1387672060921258,-0.36008776463999564,-0.21715319354368978,0.8966248512326442
451,0451.png,-0.7562133,-2.4593852,1.9463503,-0.15407326457831996,-0.36957871483303156,-0.208454964631704,0.8923151810069995
452,0452.png,-0.93159866,-2.474694,2.0587516,-0.13591760850838697,-0.35611215040159067,-0.21254510445301164,0.8997456853561209
453,0453.png,-1.0632017,-2.539237,2.160908,-0.14580149858370006,-0.3556615285040853,-0.2124402976705445,0.8984005796061215
454,0454.png,-1.1673654,-2.6037319,2.230386,-0.14387314955531916,-0.35619848932479853,-0.21148445094630924,0.8987243857732787
455,0455.png,-1.2856778,-2.6659496,2.318313,-0.14414525235782957,-0.35617577926898697,-0.21305668392687258,0.8983183076825119
456,0456.png,-1.4191637,-2.7184741,2.4209344,-0.1453818701455943,-0.3556547816979561,-0.21424242006928654,0.8980431396088107
457,0457.png,-1.5509572,-2.7740293,2.5231087,-0.14792785652801294,-0.35619933194478465,-0.2143866716282693,0.8973768856965575
458,0458.png,-1.6761373,-2.8280084,2.619347,-0.14906885968195377,-0.358105930489014,-0.21547928675009015,0.8961677075092026
459,0459.png,-1.7924823,-2.8802114,2.708972,-0.14616340006838832,-0.3590118768668487,-0.21402678421287402,0.8966312329713695
460,0460.png,-1.9558272,-2.9565203,2.8217483,-0.148515540846939,-0.3526277117161585,-0.21525168060009808,0.8984819152468257
461,0461.png,-2.116928,-3.0033293,2.951531,-0.1535675818785344,-0.34990383103887535,-0.22161008697647733,0.897148933179636
462,0462.png,-0.8474777,-2.3744252,1.8322737,-0.1399610608548671,-0.37228165677786557,-0.22743974560741212,0.8888764868970463
463,0463.png,-1.0278919,-2.4367418,1.9241731,-0.14439491526835985,-0.35602754611486365,-0.21930419391817016,0.8968321680348393
464,0464.png,-1.1363076,-2.4945881,1.9965646,-0.14399180705802336,-0.35638765107233533,-0.21420365859047868,0.897985958573686
465,0465.png,-1.2701055,-2.550416,2.0916924,-0.14510636176951489,-0.35488934703242,-0.21553014133155182,0.898082364423539
466,0466.png,-1.4015504,-2.6114457,2.1934767,-0.1458680904784633,-0.35636279441381513,-0.21461592294353335,0.897594487627718
467,0467.png,-1.5323716,-2.668982,2.2925596,-0.145078074537694,-0.3556484509384396,-0.2134750061179355,0.89827750066697
468,0468.png,-1.6705536,-2.7290263,2.3966935,-0.14746261204552755,-0.35501550231799817,-0.21491364412745473,0.897796136565552
469,0469.png,-1.8087109,-2.78702,2.5048103,-0.14953700455325206,-0.3563501490219369,-0.21679681462034972,0.8964708780174412
470,0470.png,-1.946282,-2.8456206,2.6108003,-0.15241228631347561,-0.35681177312541634,-0.21744840347591488,0.8956444156669198
471,0471.png,-2.0846906,-2.9010336,2.7131279,-0.15099293365574729,-0.35526674648325607,-0.21917118682027442,0.8960797429341146
472,0472.png,-2.238657,-2.974078,2.8168542,-0.14628236532420272,-0.3507861229786192,-0.21872714420310843,0.8987294261843011
473,0473.png,-0.9706887,-2.340743,1.6207663,-0.15479638070991264,-0.3429253017378432,-0.22916993309980255,0.8977361512376129
474,0474.png,-1.0512662,-2.4147866,1.7175572,-0.1532952106117293,-0.35552761970744856,-0.21652351024548716,0.8962279640798053
475,0475.png,-1.2021563,-2.4561152,1.8826075,-0.14778635949049287,-0.3773481977435275,-0.22136951357029278,0.8870023030376963
476,0476.png,-1.3760998,-2.4999259,1.9645208,-0.14797211389342754,-0.35892555049930097,-0.2147853935825476,0.8961873611736343
477,0477.png,-1.5179458,-2.5532017,2.066366,-0.1478854525285537,-0.3575575807304884,-0.21508040291288844,0.8966775656915785
478,0478.png,-1.6535968,-2.614262,2.1666048,-0.14727631046508943,-0.3577432189556781,-0.21503053653229082,0.8967155208419829
479,0479.png,-1.7913759,-2.6764357,2.266821,-0.14722949959722487,-0.3564576122499152,-0.21517342539197568,0.8972007199877648
480,0480.png,-1.9353454,-2.7362766,2.3771908,-0.14850531854540205,-0.3557873852399129,-0.2158190999944505,0.8971015617431001
481,0481.png,-2.0832024,-2.7940166,2.4929864,-0.15093470405893789,-0.356380067082123,-0.21568838041732494,0.8964917882808104
482,0482.png,-2.2176657,-2.8508372,2.5997648,-0.1475317332524453,-0.35891368128445605,-0.2117093095515115,0.8969969437269625
483,0483.png,-2.3550434,-2.9153485,2.6950252,-0.1441605463974091,-0.3582841780199217,-0.21459082533783874,0.897111727213066
484,0484.png,-0.7808013,-2.4507935,1.7883778,-0.13045808674288845,-0.4819704414960016,-0.3038960473976809,0.8114524286926148
485,0485.png,-1.0173204,-2.4175913,1.7038896,-0.129769510483749,-0.4372189941397398,-0.273560965451542,0.8469317104031081
486,0486.png,-1.2011205,-2.3994083,1.6784213,-0.13639838459161882,-0.3903224939853067,-0.25843352999544544,0.8730889295310237
487,0487.png,-1.3774128,-2.4260807,1.7809602,-0.13773415064989816,-0.3872848536584005,-0.2256032637111484,0.8832725743924285
488,0488.png,-1.6307628,-2.4967222,1.9127688,-0.1521413824128759,-0.35581901938020183,-0.22133837618115482,0.8951333364336355
489,0489.png,-1.7753577,-2.551217,2.03013,-0.1499126676463441,-0.3583394509673941,-0.22051322606905727,0.8947076082251695
490,0490.png,-1.9138664,-2.6158574,2.1297143,-0.14831807208713918,-0.35876789192451397,-0.21694820330959114,0.8956724990952488
491,0491.png,-2.0629582,-2.6799104,2.2371128,-0.14794788430873596,-0.3573583683859479,-0.21690655969171507,0.8963069366182403
492,0492.png,-2.223969,-2.7375324,2.363863,-0.14894406109207406,-0.3585477743071583,-0.21652180076531,0.8957599713353143
493,0493.png,-2.3789825,-2.7965636,2.4843667,-0.14671850463959898,-0.3601525751953855,-0.21420069612827045,0.8960418938928663
494,0494.png,-2.5288258,-2.8648689,2.591837,-0.14516817329375986,-0.36099156970092094,-0.21079602668599773,0.8967634111693173
495,0495.png,-0.7654538,-2.490219,1.7168922,-0.1793647429521375,-0.5048883684332426,-0.296619838656462,0.7908494939717202
496,0496.png,-1.2227848,-2.2627735,1.4807396,-0.12498204305271796,-0.3786107741672872,-0.24034074359918603,0.885039870177636
497,0497.png,-1.3139437,-2.3690882,1.4937044,-0.16609531521857948,-0.3847363509831903,-0.24240059120461319,0.8750124317375971
498,0498.png,-1.4996054,-2.3857954,1.5431731,-0.15025907299535674,-0.3603769340468514,-0.22772274233573636,0.8920205877070776
499,0499.png,-1.7401791,-2.423531,1.7491416,-0.1577931413727052,-0.3568013874754688,-0.21833301665210342,0.8945005319976504
500,0500.png,-1.9016654,-2.4798086,1.8790269,-0.15561346374620572,-0.3600451970411004,-0.21660669845694078,0.8940024666229458
501,0501.png,-2.0445256,-2.5438635,1.9910853,-0.15224516574523525,-0.36353608023238904,-0.21482458332111612,0.8936010463341347
502,0502.png,-2.198874,-2.6166968,2.0943792,-0.15130752181970025,-0.36028084629286006,-0.21602642851159917,0.8947874809999159
503,0503.png,-2.365245,-2.679364,2.2246194,-0.15242997726039817,-0.3611994075660132,-0.21699776549254085,0.893991599073344
504,0504.png,-2.510234,-2.7419815,2.3382456,-0.14626770685306525,-0.36505827474715247,-0.21627174484390327,0.8936296275247554
505,0505.png,-2.6673303,-2.8209147,2.441668,-0.14490605801128797,-0.36396934881358295,-0.21361971581476452,0.8949333186856138
506,0506.png,-1.804227,-2.4406831,1.6872232,-0.17151573372913914,-0.3627355137981817,-0.24426638426956826,0.8828055119870862
507,0507.png,-1.5514851,-2.2919014,1.4141554,-0.16278068537676904,-0.37977410315685917,-0.24267609070540877,0.8777251381891007
508,0508.png,-1.9634982,-2.2127619,1.2521803,-0.17777425235758892,-0.076572878120838,-0.026153338172441518,0.9809913002662767
509,0509.png,-1.7370379,-2.3623672,1.4622191,-0.17398798717145927,-0.3622925493275045,-0.21989441503983623,0.8888878863713121
510,0510.png,-1.9230344,-2.3762927,1.5997685,-0.1565899349983186,-0.350543573480379,-0.22779190437178487,0.8948209534997346
511,0511.png,-2.0337992,-2.4499898,1.698163,-0.15930883500683304,-0.34865689075086176,-0.2090902309676124,0.8996328280427554
512,0512.png,-2.1803186,-2.511654,1.8282299,-0.1585302432716154,-0.3596291662378896,-0.2166303306827372,0.8936528386475346
513,0513.png,-2.325188,-2.5661144,1.9578487,-0.15127993833430933,-0.3634818054343598,-0.21113208011486842,0.894665570564944
514,0514.png,-2.4804673,-2.6220012,2.0827112,-0.1475398740174151,-0.36803398122043823,-0.21398603586565648,0.892750195501344
515,0515.png,-2.6398044,-2.686022,2.2024462,-0.14808774435544306,-0.3717681706933835,-0.2144112151201278,0.8910093314798558
516,0516.png,-2.773349,-2.763267,2.2814927,-0.14256586874478747,-0.37067925620557757,-0.21231985457915753,0.8928620202067538
517,0517.png,-2.0488546,-2.0658898,0.9145397,-0.15011148765730417,-0.05533528623066757,-0.01927650837875948,0.9868952867332574
518,0518.png,-1.8995256,-2.194377,1.1334622,-0.15687190136898613,-0.15357252630062518,-0.07482703181738119,0.9727468793079257
519,0519.png,-2.0021386,-2.2379196,1.3746417,-0.1588325845323505,-0.1510718327196326,-0.09173277155003094,0.9713367873095295
520,0520.png,-1.6293194,-2.437509,1.6546776,-0.15214698417212266,-0.5321240819825902,-0.34867243376594204,0.756438041197019
521,0521.png,-1.9965878,-2.3851447,1.3179054,-0.19317288459828127,-0.3101270156174239,-0.1994222430242519,0.9092429822284355
522,0522.png,-2.0142703,-2.4237878,1.4976525,-0.1738243029618336,-0.3683959460409296,-0.20506911557851737,0.8899597226362179
523,0523.png,-2.139838,-2.4494405,1.6010357,-0.1504374782813672,-0.3858965470249561,-0.2094858673474389,0.8857668502048976
524,0524.png,-2.335083,-2.5157306,1.7427597,-0.1507188556266133,-0.38896692321798954,-0.20988052340514826,0.8842826687227507
525,0525.png,-2.5601373,-2.5802855,1.8757014,-0.15399519191875727,-0.3774556510919115,-0.215602582297739,0.8873232490870288
526,0526.png,-2.7419481,-2.6438076,2.0082543,-0.15252589485047421,-0.37982552642402007,-0.21250832005280326,0.8873091425312576
527,0527.png,-2.905985,-2.709102,2.120767,-0.1453507377286207,-0.3810426323618215,-0.21105018886126903,0.8883416201459645
528,0528.png,-2.2252734,-2.3467584,1.4517496,-0.11371455260870957,-0.24201002075690276,-0.09734488337446551,0.9586414726335276
529,0529.png,-2.2051752,-2.3638806,1.4658654,-0.12469290980368589,-0.2630568845239633,-0.11171208385992981,0.9501382589118945
530,0530.png,-2.2144184,-2.3442662,1.4500414,-0.14780842518849302,-0.25228704161523563,-0.11567375127385723,0.9492497694182499
531,0531.png,-2.2415981,-2.35099,1.4651842,-0.13971511512579737,-0.26138457447631913,-0.12725339951473472,0.9465687813712581
532,0532.png,-2.354326,-2.3218603,1.3882823,-0.11553686841136251,-0.254109547252267,-0.0985498002650641,0.9551634955135279
533,0533.png,-2.3250139,-2.3285437,1.39222,-0.12269986105139384,-0.2511304865495238,-0.09720020255987717,0.9551956322899199
534,0534.png,-2.187516,-2.347302,1.474662,-0.11820789509206542,-0.23014293323532325,-0.09717419222389802,0.961033979085103
535,0535.png,-2.2933948,-2.3309476,1.4297583,-0.11935105215518117,-0.2432709822147298,-0.09614964417229546,0.9577570440222016
536,0536.png,-2.3254693,-2.3278875,1.4060906,-0.11870381381486873,-0.24489563993866448,-0.09362357903874605,0.9576746432242947
537,0537.png,-2.257152,-2.3363318,1.4458454,-0.11581221421900778,-0.24345246002484117,-0.09506720383077089,0.9582537258642042
538,0538.png,-2.2922883,-2.3318632,1.4275756,-0.11953882663843499,-0.24199241662882218,-0.09268682832671106,0.9583988305528922
539,0539.png,-2.2096834,-2.3422027,1.4744794,-0.11899047727553741,-0.24442710892813382,-0.09892255057114732,0.9572252660780314
540,0540.png,-2.3323095,-2.3253107,1.3908585,-0.12063901753765253,-0.25696478366461567,-0.10170582477787095,0.9534359721693852
541,0541.png,-2.4708164,-2.3070493,1.3195655,-0.12550465388939344,-0.2575756296179171,-0.09638217790746897,0.953194131063866
542,0542.png,-2.3683367,-2.3202484,1.3813429,-0.12317987377459216,-0.25424182212316,-0.10075793230098751,0.953941308329419
543,0543.png,-2.491481,-2.304591,1.2896494,-0.12426220032258742,-0.2607494627351574,-0.09932461543016785,0.9521921627079497
544,0544.png,-2.477549,-2.3018405,1.3096702,-0.1278653911797778,-0.2524515501729718,-0.09308070980311925,0.9545792288811996
545,0545.png,-2.308738,-2.3280835,1.4053835,-0.12438801122795422,-0.24622426101104122,-0.09406385606420113,0.9565664602980936
546,0546.png,-2.371196,-2.3168736,1.3700287,-0.12199582596390038,-0.2550666430288519,-0.09775074991237369,0.9541863644883565
547,0547.png,-2.3298502,-2.3271093,1.3926845,-0.12516989672758233,-0.25520218599047306,-0.09938636644396476,0.9535697462200756
548,0548.png,-2.3565574,-2.322024,1.3803635,-0.12418186646543188,-0.24942634541988518,-0.09409879801468571,0.9557609691404507
549,0549.png,-2.3101163,-2.3294017,1.3983036,-0.12191931509991684,-0.25802370528236235,-0.09920998753076243,0.9532501263642146
550,0550.png,-2.210411,-2.3328724,1.4399469,-0.12087536105237533,-0.24411658779982962,-0.09533796593847953,0.9574319117567458
551,0551.png,-2.3029504,-2.32557,1.4010059,-0.12241944015659541,-0.24868131748627798,-0.10030435850298042,0.955551373456581
552,0552.png,-2.3776908,-2.3125377,1.3575717,-0.12450376313567205,-0.2582766103358184,-0.09998082307760457,0.9527670078546255
553,0553.png,-2.3446276,-2.3213153,1.3822012,-0.12450882907867578,-0.25141664339978714,-0.09732833002717367,0.9548727801602125
554,0554.png,-2.4663777,-2.303299,1.3116974,-0.13268659982838424,-0.25957791738786445,-0.09926971159913754,0.9513805873227125
555,0555.png,-2.5000725,-2.296327,1.2910619,-0.12837606972162394,-0.2579316271162883,-0.09828226993219616,0.9525219932780425
556,0556.png,-2.497185,-2.2927098,1.2824613,-0.1264912940976663,-0.26808280973306126,-0.09696178412354028,0.9501048218469348
557,0557.png,-2.3163607,-2.3160915,1.3860613,-0.12337740135279737,-0.25707469121908555,-0.09368451980326627,0.9538781051795157
558,0558.png,-2.4366708,-2.300075,1.3186506,-0.1254034824147918,-0.2655382100106647,-0.09563898845985809,0.9510972387338534
559,0559.png,-2.404727,-2.3039446,1.332623,-0.12343299606371404,-0.26464429381059995,-0.0960566921484401,0.9515618811293721
560,0560.png,-2.4574237,-2.2959032,1.3100523,-0.12614720017053951,-0.2619238445922454,-0.09406722741375291,0.9521571388825161
561,0561.png,-2.3199503,-2.3162065,1.3755549,-0.12355610722110678,-0.26805847981316394,-0.09705516210637388,0.9504886813365251
562,0562.png,-2.372749,-2.3106275,1.349427,-0.13015376140563378,-0.266114534344263,-0.09757588812472026,0.9501004617676869
563,0563.png,-2.3471868,-2.3127096,1.3722165,-0.14632510079961486,-0.2577194286903078,-0.09883700433745328,0.9499307795453212
564,0564.png,-2.4635293,-2.2904875,1.2970297,-0.14070967733716044,-0.264254861598233,-0.10344039039542495,0.9484936491734026
565,0565.png,-2.6158204,-2.2725432,1.2019517,-0.1469850942945125,-0.2703136236530855,-0.10235289475716487,0.945945401771492
566,0566.png,-2.4804022,-2.2922297,1.2937701,-0.13245675595979278,-0.2611792104958747,-0.0964822879808623,0.9512629847198
567,0567.png,-2.4623024,-2.2964463,1.3047351,-0.12824168924168725,-0.2613654244870475,-0.09512684906029856,0.951925554842862
568,0568.png,-2.4634428,-2.2859318,1.2888297,-0.14361121363709073,-0.2729854059269018,-0.10156058156405674,0.9457853411515588
569,0569.png,-2.4485219,-2.2797608,1.3244398,-0.1484397623201791,-0.26139691505723006,-0.09971615128531477,0.9485059031623052
570,0570.png,-2.4294252,-2.28488,1.3201171,-0.1519107520918606,-0.2724689124963084,-0.10427124006059656,0.9443408922540809
571,0571.png,-2.479286,-2.2831972,1.2818165,-0.15412326602331092,-0.28876848846343695,-0.10366960798785434,0.9391918175846165
572,0572.png,-2.3945408,-2.2901723,1.3319148,-0.15846571942090198,-0.26147990362284457,-0.10472453411667063,0.9463176585188426
573,0573.png,-2.3904772,-2.2803183,1.358567,-0.15500325965789774,-0.24113769963255474,-0.10054223177252561,0.952725217180083
574,0574.png,-2.4042258,-2.2840488,1.3415031,-0.17160002747720182,-0.2260495133391211,-0.09990557619878541,0.9536373449864831
575,0575.png,-2.4472713,-2.2888288,1.3060046,-0.19137359770334506,-0.24885227060842977,-0.10813043607258517,0.9432492083241092
576,0576.png,-2.5302513,-2.2861075,1.2503933,-0.1932911994115785,-0.2762337924215029,-0.10828506010637692,0.9351776286321031
577,0577.png,-2.4504535,-2.411462,0.9624995,-0.19415098897632413,-0.33339723042786984,-0.14280694912578912,0.9114433977629066
578,0578.png,-2.4625843,-2.4697888,0.81919396,-0.19162147535720253,-0.3430110508482228,-0.14923332504383088,0.9073656384124018
579,0579.png,-2.647614,-2.4173992,0.6768731,-0.18018787443890685,-0.341263113761831,-0.15428887600644145,0.9095238055888033
580,0580.png,-2.9977536,-2.296971,0.9217887,-0.21989793192375412,-0.3133252273290232,-0.12273062893959692,0.9156067673882619
581,0581.png,-3.1102772,-2.2728317,0.8197087,-0.21652552035900519,-0.3296073262984057,-0.11831184539173423,0.9112689375512123
582,0582.png,-2.552813,-2.278771,1.2237415,-0.1968738897616208,-0.2991007384236037,-0.09814025970362118,0.9284936949660155
583,0583.png,-2.1203609,-2.2606254,1.2425889,-0.17683544187646183,-0.07509681625935721,-0.013962356972234101,0.9811686719004861
584,0584.png,-2.2010071,-2.2894099,1.2765158,-0.1983196256993329,-0.15173004810300705,-0.057819136632400674,0.9665766301372541
585,0585.png,-2.1630166,-2.291719,1.3444333,-0.19164936591858983,-0.2643361171681021,-0.09731797374594314,0.9401470326014122
586,0586.png,-2.2866404,-2.271621,1.3197287,-0.19778914418849855,-0.2798045198958881,-0.0894538340303118,0.9351665384719354
587,0587.png,-2.3937063,-2.2673018,1.2792493,-0.19914702651537103,-0.32010508369048757,-0.11402016004095843,0.9191379973458708
588,0588.png,-2.4892516,-2.2471497,1.1761425,-0.1941185398257996,-0.3314269293045777,-0.11233614111809652,0.9164003650056802
589,0589.png,-2.587957,-2.2160573,1.0297291,-0.18022376033542306,-0.3323054228581938,-0.12070260556986649,0.9178600490411676
590,0590.png,-2.7033179,-2.2090282,0.9157612,-0.18457433442939458,-0.3371544413146134,-0.12300819840117509,0.9149165931583728
591,0591.png,-2.8424277,-2.20602,0.7912536,-0.18950276533711713,-0.32529862266783877,-0.11700412450474869,0.9189743053634045
592,0592.png,-3.1048787,-2.1979382,0.6224552,-0.1955938709858892,-0.33735775881593066,-0.11284096848295609,0.9138569723048737
593,0593.png,-3.2454567,-2.1601727,0.51244825,-0.18855317375268624,-0.34575632742356943,-0.10057456217732118,0.9136330989781907
594,0594.png,-1.6858684,-2.2125087,1.4597794,-0.18017183456594824,-0.21648998413174766,-0.08316171160121581,0.9558539798461158
595,0595.png,-1.7523054,-2.228303,1.547754,-0.18485741007677273,-0.3124610472464891,-0.11798824140266015,0.9242353449127282
596,0596.png,-1.89063,-2.2054799,1.4383249,-0.1885731669734141,-0.3297452981592915,-0.10547006116135192,0.9189791698481898
597,0597.png,-2.0439055,-2.201923,1.3013091,-0.19077933337338435,-0.3314127877672519,-0.111702977131569,0.9171840479199304
598,0598.png,-2.2058249,-2.184223,1.1739161,-0.190302450982022,-0.3323217883795214,-0.11321993163684989,0.9167678444828851
599,0599.png,-2.3572884,-2.17298,1.0290942,-0.19013438559530826,-0.33129516306011453,-0.11355351877496304,0.917133129529419
600,0600.png,-2.5178576,-2.1560612,0.89594203,-0.1910451394029673,-0.3310705463477285,-0.11420651360485354,0.9169437610973313
601,0601.png,-2.6775656,-2.1452804,0.75855714,-0.1930095951572409,-0.33083376399223896,-0.1165390384987658,0.9163237421563697
602,0602.png,-2.8367355,-2.1350188,0.6186355,-0.19521293487853048,-0.32859570252091197,-0.1170096753590409,0.9166028188375352
603,0603.png,-3.007839,-2.1259818,0.48739636,-0.20122317113971136,-0.3280876160427542,-0.11760489927178948,0.9154074791325815
604,0604.png,-3.1022124,-2.100093,0.4024588,-0.1977691562507621,-0.3387390551783612,-0.11147991897203284,0.9130443869535888
605,0605.png,-1.5998144,-2.1136072,1.5112484,-0.1752293187900037,-0.2929573091400015,-0.10768281366782999,0.933710067078975
606,0606.png,-1.722451,-2.1357877,1.4200578,-0.18690162382542666,-0.3170229576370878,-0.11226566372094164,0.922982342853877
607,0607.png,-1.872747,-2.1060655,1.2982162,-0.18598537963633807,-0.3180641243620253,-0.11220580032643186,0.9228173305076306
608,0608.png,-2.0028005,-2.1058,1.1738956,-0.18845306402265732,-0.32352774363237685,-0.11373673683980981,0.920225639972186
609,0609.png,-2.1417184,-2.101773,1.0287429,-0.1885951129212916,-0.3217389246155453,-0.11664932743091691,0.9204584650369371
610,0610.png,-2.2806315,-2.0822148,0.9149354,-0.18833929746485467,-0.32736530162333255,-0.11606480844986856,0.9185990138129371
611,0611.png,-2.417293,-2.0746138,0.78613436,-0.19137421748745528,-0.33039108075635565,-0.11654794189256051,0.9168251868656201
612,0612.png,-2.5511534,-2.066516,0.64956635,-0.1917229553372384,-0.33269749845379326,-0.11612291014828877,0.9159723527850551
613,0613.png,-2.7066867,-2.0508196,0.52791655,-0.19375885252010283,-0.3315096916897496,-0.11671097578275304,0.9158997289547861
614,0614.png,-2.864382,-2.04987,0.38308752,-0.1983986455202376,-0.3242244467853965,-0.11831803851008589,0.9173067993352881
615,0615.png,-3.0146651,-2.025942,0.29342902,-0.20267075531240442,-0.33315875061492867,-0.11738566278797323,0.913281979654378
616,0616.png,-1.6382544,-2.0802133,1.2909595,-0.1909904917752386,-0.3010878559601408,-0.116534386339477,0.9269453367475966
617,0617.png,-1.7532946,-2.0701249,1.1988821,-0.1924945780177773,-0.3087266771715652,-0.1194390465131681,0.9237454399543503
618,0618.png,-1.8681709,-2.055909,1.0882232,-0.18793531526085006,-0.31354271759776264,-0.12003782793958374,0.9229834406845846
619,0619.png,-1.9891727,-2.0451574,0.9847629,-0.18917868683462316,-0.31868143428040835,-0.12108095807086064,0.920830571413573
620,0620.png,-2.1085954,-2.029447,0.8846096,-0.19008959309415546,-0.3218293780356506,-0.11779661584139847,0.9199739024358381
621,0621.png,-2.224374,-2.013057,0.784826,-0.19003233123044086,-0.32720427235840793,-0.11693209546480977,0.9181979278830228
622,0622.png,-2.3514035,-1.9980354,0.6924067,-0.1935088020554012,-0.3321304831429075,-0.11895074402231887,0.9154391884641376
623,0623.png,-2.47078,-1.9945376,0.5816093,-0.19787277784868823,-0.3359231363747733,-0.11919570082434323,0.9130878958451593
624,0624.png,-2.5927606,-1.9838406,0.46157873,-0.19863168771436113,-0.33725643129237304,-0.11920971873852806,0.9124295899909094
625,0625.png,-2.7367024,-1.977385,0.3315402,-0.2018303072339396,-0.3284445916221196,-0.11811446279898918,0.915081108698723
626,0626.png,-2.8593783,-1.9876138,0.23629284,-0.21274950629859923,-0.3344290353442966,-0.11619422369250516,0.9106724139079216
627,0627.png,-1.5485142,-2.027995,1.1804898,-0.19514250509464734,-0.29753385379701597,-0.11851538614849741,0.9269759440999218
628,0628.png,-1.8776562,-1.9693979,1.0916036,-0.20322788418345825,-0.31667959817963975,-0.12322856417726255,0.9182384987434615
629,0629.png,-1.9712876,-1.9580448,1.0138679,-0.20434727253274165,-0.327495605103639,-0.12419251498782034,0.9140565007982884
630,0630.png,-2.0489635,-1.953068,0.9174501,-0.2012496694302419,-0.3363934539357427,-0.12129996721578502,0.9118987336446237
631,0631.png,-2.1472542,-1.9413214,0.82343924,-0.19968151300719442,-0.3390800159051449,-0.12311803105455921,0.9110047801381227
632,0632.png,-2.2434025,-1.9298723,0.7403173,-0.20164964661370477,-0.34496308784045393,-0.12072152001912517,0.9086795008728595
633,0633.png,-2.3319044,-1.9256294,0.6512601,-0.20385775561854785,-0.351567019685956,-0.11867849687296879,0.9059204620517164
634,0634.png,-2.4346862,-1.9169453,0.56020564,-0.20544993568400086,-0.3540520793895444,-0.12089798801019397,0.9042989182912593
635,0635.png,-2.542792,-1.9187611,0.4606413,-0.21193100910763893,-0.35240509137580367,-0.1219977013090798,0.903296524971847
636,0636.png,-2.6277375,-1.9142936,0.3467574,-0.20908662926444666,-0.35293052852225154,-0.11949262270024613,0.9040908084344348
637,0637.png,-2.7221327,-1.884886,0.2522154,-0.1981317295133481,-0.3566663457201026,-0.10973863132780771,0.9063260934387856
638,0638.png,-1.7149324,-1.9451202,1.0458591,-0.20185481968212046,-0.2945961795084996,-0.12973598631541794,0.9249712784921819
639,0639.png,-1.7992887,-1.9287629,1.0001833,-0.2097482139647792,-0.31460879524688795,-0.1215588457895538,0.9177097685705617
640,0640.png,-1.9478738,-1.8800071,0.9475899,-0.21804210460718665,-0.34987998798704023,-0.1163127776251531,0.9035753044872417
641,0641.png,-2.029149,-1.8764194,0.85932124,-0.21380085698057094,-0.3576577641655498,-0.12162241561872235,0.9008408618533601
642,0642.png,-2.126565,-1.8646892,0.77519524,-0.2120520518552771,-0.35599644866172403,-0.1218282096111037,0.9018831935518307
643,0643.png,-2.213857,-1.854081,0.6958047,-0.2125613903647002,-0.3619791320176708,-0.11540638045567991,0.9002254442140932
644,0644.png,-2.2924528,-1.851967,0.6132846,-0.214804487847571,-0.3722929328793054,-0.11013352558721877,0.8961379435250054
645,0645.png,-2.3757958,-1.8505355,0.5301475,-0.217894658696164,-0.37988218683783337,-0.10552254407208109,0.8927551694948395
646,0646.png,-2.4676836,-1.8655622,0.4385933,-0.22645780033821314,-0.38081106952349825,-0.10598537929032167,0.8901646411427266
647,0647.png,-2.5699217,-1.8762758,0.33347675,-0.23484640763523373,-0.3662636471211274,-0.10373488619451524,0.8943580892951463
648,0648.png,-2.6149015,-1.8474638,0.20200273,-0.20224207841139685,-0.3771086927528699,-0.10637871813855444,0.8975011839367382
649,0649.png,-1.7533286,-1.8650908,1.0413643,-0.23230577308371622,-0.31778145992604906,-0.11812506013124972,0.9116071016517929
650,0650.png,-1.8142135,-1.866682,0.9465538,-0.22832489955691584,-0.331121186546962,-0.12309492745265797,0.9071964714718374
651,0651.png,-1.8776789,-1.8356243,0.87660396,-0.22016673674876602,-0.35371122652098624,-0.11481773862838658,0.9017566240520549
652,0652.png,-1.9955189,-1.8409109,0.69933987,-0.2585689538966639,-0.30568394087130085,-0.08826217504190988,0.9120664402660893
653,0653.png,-2.0977316,-1.834409,0.64513326,-0.2573553240678247,-0.3181132315283943,-0.09307245871801383,0.9076586331943477
654,0654.png,-2.199009,-1.8326436,0.5711604,-0.2581361915745666,-0.3194195976144766,-0.08758557258444091,0.9075192737897111
655,0655.png,-2.2982175,-1.8339908,0.50066894,-0.26169361946963343,-0.32293727322761473,-0.08294133528520882,0.9056791283310927
656,0656.png,-2.3873873,-1.8424625,0.4270256,-0.26608562947557457,-0.3303263308756041,-0.08293272241793768,0.9017344808255696
657,0657.png,-2.4838727,-1.8398194,0.34110427,-0.263646046910174,-0.3303401076262026,-0.07759917141562446,0.9029062342748864
658,0658.png,-2.5651262,-1.8460119,0.25445554,-0.2620537740171841,-0.34153115957067226,-0.07937078798232619,0.8990525503870972
659,0659.png,-2.6529863,-1.8410822,0.16148606,-0.25414151552245096,-0.34497145374807875,-0.07893846639581807,0.9000615906833643
660,0660.png,-1.8269014,-1.8085134,0.7228119,-0.28725296778686366,-0.1740101723369236,-0.0758973639215375,0.9387724823678648
661,0661.png,-1.792982,-1.8070712,0.7263232,-0.2641062558289289,-0.27640515266135857,-0.08916352683683365,0.9197458151379685
662,0662.png,-1.8453968,-1.8001708,0.6818475,-0.26143580193269705,-0.3029006507078417,-0.0887731354138089,0.912124731681986
663,0663.png,-1.937222,-1.8117524,0.6105342,-0.2615816071338797,-0.30523549858668936,-0.0951925801938707,0.9106610580458263
664,0664.png,-2.4077318,-1.7898284,0.4815464,-0.29109337310422256,-0.18367848316793456,-0.07480280794914493,0.935830505318132
665,0665.png,-2.5521042,-1.7883817,0.41144422,-0.2903268322545537,-0.18478437380877255,-0.07658388395595878,0.9357067441428395
666,0666.png,-2.7019105,-1.7813686,0.35449713,-0.29333397661680954,-0.18911539205715466,-0.07960436105369928,0.9336484948870492
667,0667.png,-2.8313608,-1.7759792,0.28899604,-0.2927867472336871,-0.20018625084469535,-0.07978909655974288,0.9314929837174042
668,0668.png,-2.9670472,-1.7851613,0.22693357,-0.29746518001635347,-0.20807160254880974,-0.0732453229405558,0.9288201012217893
669,0669.png,-3.079627,-1.7949222,0.13103068,-0.2977942331873301,-0.2236575311430396,-0.05027592364398318,0.926615278982675
670,0670.png,-3.181621,-1.8142462,0.085561395,-0.3011021615238729,-0.23485134726859816,-0.0389237693741378,0.9232990128775366
671,0671.png,-1.7754838,-1.7742525,0.5913291,-0.2911203043561385,-0.17296349163046046,-0.07636757934347384,0.9377359729064533
672,0672.png,-1.9167469,-1.7654293,0.53506196,-0.29079645474234944,-0.1747492196484983,-0.07470850111002414,0.9376392261121098
673,0673.png,-2.057957,-1.7614783,0.4645512,-0.28768553479458425,-0.177356486071951,-0.07580589399222581,0.9380207205092246
674,0674.png,-2.2048082,-1.7572674,0.39583158,-0.28671559391244106,-0.17830219924541363,-0.07525325721530553,0.9381828364487029
675,0675.png,-2.353829,-1.7500536,0.34588346,-0.29035086474203525,-0.18174101892439956,-0.07738072928997883,0.9362290350243598
676,0676.png,-2.539613,-1.7378803,0.28404337,-0.2897671751858037,-0.17741653021343987,-0.07693670990441302,0.9372756689610933
677,0677.png,-2.691281,-1.732059,0.22157958,-0.2913212030353866,-0.18031484127411535,-0.07707418182474078,0.936229257850425
678,0678.png,-2.8329465,-1.7252041,0.15525916,-0.29153099468207483,-0.1867976199355259,-0.07525084646392172,0.9350407133061152
679,0679.png,-2.9796991,-1.7182121,0.11689457,-0.2964038648124199,-0.20109903747093438,-0.06884920856261995,0.9310264882418015
680,0680.png,-3.1269848,-1.6692138,0.09198284,-0.28735065138822036,-0.2129529213358544,-0.058140913965813786,0.9319616760224886
681,0681.png,-3.2625701,-1.6792364,-0.001826644,-0.2838825576189934,-0.22209632192441126,-0.036793599461203114,0.9319776649131855
682,0682.png,-1.6968112,-1.7399004,0.44041854,-0.28924299096881817,-0.17778990034887798,-0.07078583364808148,0.9378537464318998
683,0683.png,-1.8577353,-1.727845,0.3881262,-0.28981177455772605,-0.1752859709964762,-0.07246774122362264,0.9380201168505897
684,0684.png,-2.0098348,-1.7255195,0.32031676,-0.28996200649923026,-0.17453159845228264,-0.07368903583861756,0.9380190366183789
685,0685.png,-2.164262,-1.7214947,0.25254983,-0.2894273226082351,-0.17552118088362872,-0.07425146620973895,0.9379548876575409
686,0686.png,-2.3210056,-1.7131357,0.19313926,-0.2903007903483423,-0.1764209426798379,-0.073857363909061,0.9375473010528192
687,0687.png,-2.4729457,-1.702073,0.13547745,-0.2901062340394115,-0.17909932666291226,-0.0770455548686166,0.9368416063746157
688,0688.png,-2.6500418,-1.6980853,0.07026672,-0.29177884109448027,-0.17698585631728722,-0.07429868575266795,0.9369467374325784
689,0689.png,-2.8081913,-1.6948699,0.002724737,-0.29262463613140804,-0.17889184086458576,-0.07432246210108563,0.9363188932916204
690,0690.png,-2.9630923,-1.6973583,-0.053243995,-0.29958362203657213,-0.18552483074537196,-0.07452750731147076,0.932803501871694
691,0691.png,-3.1331,-1.6814297,-0.092131585,-0.3003570196223701,-0.18722368727595434,-0.06783494262937563,0.9327285779968882
692,0692.png,-3.2599502,-1.69506,-0.17879197,-0.3058269202013817,-0.20187374664798352,-0.05950562928150437,0.9284534759328228
693,0693.png,-1.6426394,-1.677688,0.30641314,-0.2842199662037316,-0.1709364249763325,-0.06941836155467421,0.9407608225653826
694,0694.png,-1.7958776,-1.6837193,0.24348213,-0.2878125509535695,-0.17540256389038467,-0.07254120947497035,0.9386079598969407
695,0695.png,-1.9470184,-1.6869004,0.16876495,-0.28842712564790735,-0.17596850785324358,-0.07425920072002345,0.9381783574310485
696,0696.png,-2.1003659,-1.6851861,0.096280485,-0.2872792773347105,-0.1768999747772099,-0.07482828827567817,0.9383098283492215
697,0697.png,-2.2584605,-1.6773539,0.033030093,-0.2871582964046706,-0.17840632396089792,-0.074841182172459,0.9380611647528342
698,0698.png,-2.4227157,-1.670272,-0.030917197,-0.2885587825969751,-0.17615498875444532,-0.07559529477588897,0.9379959066419614
699,0699.png,-2.585031,-1.6663146,-0.09821984,-0.2902512101409386,-0.17609950861854287,-0.0763021183965337,0.9374266277847341
700,0700.png,-2.7629552,-1.658756,-0.17142218,-0.28887931520205384,-0.18172338846786648,-0.07339269109345133,0.9370093969303406
701,0701.png,-2.9268541,-1.6526388,-0.23510107,-0.29082584004175027,-0.18421012591626462,-0.07156056474512643,0.9360631103798903
702,0702.png,-3.0835564,-1.6573205,-0.3068109,-0.29291202443104886,-0.18772027933637597,-0.06567638573001687,0.9351461743008792
703,0703.png,-3.2589746,-1.6007644,-0.38408402,-0.26440841129519954,-0.16806265625221734,-0.03349631728224219,0.9489885843914873
704,0704.png,-1.5793353,-1.6437918,0.15923248,-0.28693676846499977,-0.16212521791715417,-0.07563200558645206,0.9410162786764152
705,0705.png,-1.7190242,-1.6450496,0.075695395,-0.2835467173058206,-0.171525576120831,-0.07458843199688531,0.940460141204813
706,0706.png,-1.8752819,-1.6482582,0.00017865002,-0.2833515903003968,-0.174469991274505,-0.07575030954212236,0.9398835082614588
707,0707.png,-2.0329022,-1.6492217,-0.07218769,-0.285239804297246,-0.1766014994932394,-0.07537760015591534,0.9389438954127718
708,0708.png,-2.1959863,-1.6434202,-0.13939264,-0.2852599998960807,-0.17812218177826517,-0.07557919557052728,0.9386339958634637
709,0709.png,-2.3584275,-1.6397928,-0.20870167,-0.28635724587012884,-0.17903785178663445,-0.0750078429786334,0.9381716865140503
710,0710.png,-2.526304,-1.6311179,-0.27233917,-0.2876421409574979,-0.17916823921591965,-0.07504525927614746,0.9377505921189329
711,0711.png,-2.6917906,-1.6236831,-0.34060887,-0.2872480521753088,-0.18107222325947395,-0.07465983663429279,0.9375362707115329
712,0712.png,-2.8598073,-1.6214108,-0.4147846,-0.2874623713857891,-0.18565317255085326,-0.07169377255906927,0.9368063903992137
713,0713.png,-3.0216715,-1.6171722,-0.4836176,-0.28861769545639954,-0.19094029382070843,-0.07146299006671161,0.9354040877098957
714,0714.png,-3.1803608,-1.60147,-0.52318144,-0.2903657935895333,-0.20271800735398204,-0.06705702765039381,0.932707042260065
715,0715.png,-1.4859669,-1.6312695,-0.015007131,-0.29375395449411473,-0.16764056187312754,-0.07132990369171043,0.9382795271909272
716,0716.png,-1.635833,-1.62785,-0.08572988,-0.29080883368620786,-0.17526903478027844,-0.07497978025400728,0.9375168163062922
717,0717.png,-1.7906923,-1.6196806,-0.16870177,-0.28321217357013106,-0.179292395451285,-0.07304330452692234,0.9392324335132428
718,0718.png,-1.9599049,-1.6125252,-0.2430169,-0.2816722654313764,-0.1776505118009986,-0.0744844670312129,0.9398935915192241
719,0719.png,-2.126259,-1.6037198,-0.30604112,-0.28235316795341825,-0.17895935561714857,-0.0748735840128777,0.9394098537575556
720,0720.png,-2.2926834,-1.598754,-0.37317476,-0.2844642144460383,-0.1803650715595238,-0.07462019019545782,0.938523941352495
721,0721.png,-2.4594336,-1.5931848,-0.4395575,-0.28536943504579904,-0.18123369770922768,-0.07406133582194688,0.9381261641808389
722,0722.png,-2.6286075,-1.5861418,-0.5106499,-0.28615720433005126,-0.18118681134396944,-0.07415576863774583,0.9378878109217271
723,0723.png,-2.7963634,-1.5773675,-0.57312167,-0.28768234538098497,-0.1833599961217636,-0.07402539196624303,0.9370085381736666
724,0724.png,-2.9721029,-1.5723352,-0.6514928,-0.2870222596049436,-0.1858034603274909,-0.07391598627708117,0.9367381178990828
725,0725.png,-3.1345675,-1.5760685,-0.72952557,-0.28885918234904073,-0.19297177558564307,-0.07154624020576668,0.9349063281193659
726,0726.png,-1.4702365,-1.5460774,-0.22010456,-0.2813627081350136,-0.13742266963482805,-0.06365498437717867,0.9475019966245364
727,0727.png,-1.5844982,-1.5471448,-0.27557144,-0.2706860163433788,-0.16761010573884105,-0.06532845575121385,0.9456318402594477
728,0728.png,-1.7575424,-1.552689,-0.30406606,-0.28710931294608993,-0.16570786960190417,-0.06963477662282859,0.9408022260521159
729,0729.png,-1.8977969,-1.5569701,-0.3892956,-0.2820400283500007,-0.17511418702820433,-0.071877251867109,0.940463310108084
730,0730.png,-2.05529,-1.5605384,-0.4705214,-0.2806618140616956,-0.17898826216410912,-0.07395851449340125,0.9399837652792986
731,0731.png,-2.2189481,-1.5629758,-0.5458793,-0.2834260504509148,-0.18107555951392817,-0.0740115447145044,0.9387494344493722
732,0732.png,-2.3892677,-1.5616242,-0.62313294,-0.2844248483502193,-0.18077069220221426,-0.07443989210482417,0.9384721483966334
733,0733.png,-2.5624578,-1.5526114,-0.68935573,-0.2850557304817664,-0.18083993007470342,-0.07440451196716635,0.9382702206639144
734,0734.png,-2.7310143,-1.5418983,-0.7488464,-0.28663828382365,-0.18408620961083205,-0.07386118299436222,0.9371991310529958
735,0735.png,-2.9004095,-1.530558,-0.81645155,-0.2874159886992468,-0.18672524732304005,-0.07494090117634439,0.936352536197971
736,0736.png,-3.0832033,-1.5323336,-0.907115,-0.286107937402085,-0.18771054528506198,-0.07226110877308353,0.9367669418448126
737,0737.png,-1.5386195,-1.458159,-0.45368576,-0.29917988438502324,-0.02683398187814025,-0.032741702614708636,0.9532098888679057
738,0738.png,-1.5665841,-1.4783452,-0.4526621,-0.28569136842924536,-0.1414373120944597,-0.04717949002260486,0.9465873885763167
739,0739.png,-1.6891332,-1.4999363,-0.51300466,-0.27177639681672144,-0.16421360806537835,-0.07021995299437173,0.9455642995369039
740,0740.png,-1.8161365,-1.5415713,-0.6010424,-0.27895659834878844,-0.1770602303107654,-0.0719067005560339,0.9410162786764152
741,0741.png,-1.9771937,-1.5359371,-0.6724953,-0.27751166567124896,-0.17980735517287164,-0.07477695513566604,0.9406970189807755
742,0742.png,-2.1420078,-1.5290028,-0.73269975,-0.2804019294934015,-0.1814460093588364,-0.07361015231507638,0.939617182311522
743,0743.png,-2.3170443,-1.5238847,-0.8036693,-0.28203138826825896,-0.17975432833970012,-0.07514032138543243,0.9393332359283681
744,0744.png,-2.4944026,-1.512503,-0.86415166,-0.2835355862896574,-0.1801606671357332,-0.07496029353508528,0.9388169892812434
745,0745.png,-2.6658058,-1.5058279,-0.9305153,-0.284897243008835,-0.18234434831841312,-0.07513524938447266,0.937968709126881
746,0746.png,-2.8372273,-1.4996856,-1.0063027,-0.2845069137989054,-0.18315288375746705,-0.07402622772524821,0.938017924613333
747,0747.png,-3.0129414,-1.492301,-1.0709481,-0.28789884612389616,-0.18501998054020907,-0.07300865842760408,0.936695612095891
748,0748.png,-1.5053549,-1.387779,-0.7256968,-0.31381599751986433,0.002072871606661994,0.028837034438816956,0.9490266142370202
749,0749.png,-1.5884678,-1.3916714,-0.7255087,-0.2936350490112193,-0.05637016560872709,0.015115140751317504,0.9540825708191707
750,0750.png,-1.6498053,-1.4625525,-0.7014396,-0.2969144258058117,-0.14768924714346093,-0.03812616111234488,0.9425792746254289
751,0751.png,-1.7613869,-1.4895177,-0.7528562,-0.2845489041794479,-0.18414625847123947,-0.06937226201796273,0.9381675251084701
752,0752.png,-1.9290192,-1.505013,-0.83314013,-0.2879526509092607,-0.1780195179797914,-0.07348327835899546,0.9379979082970793
753,0753.png,-2.078013,-1.4990424,-0.92156607,-0.2780477445466163,-0.18332575630149045,-0.07529060578352662,0.9398183132670961
754,0754.png,-2.2603421,-1.4815478,-0.96766657,-0.281988736097517,-0.17749565721692434,-0.07557747245537119,0.9397405870599955
755,0755.png,-2.4274147,-1.469464,-1.0262702,-0.28297737546843266,-0.17978653740552633,-0.07513163661965715,0.9390433641156495
756,0756.png,-2.5947568,-1.4624918,-1.095831,-0.2827596113294812,-0.1809880242349105,-0.07438054039337849,0.9389380234465035
757,0757.png,-2.758945,-1.4569013,-1.1648909,-0.2836901068762251,-0.18342005718969523,-0.07323102010322136,0.938275588603731
758,0758.png,-2.9258642,-1.4521166,-1.23557,-0.28415621698629695,-0.18536741425182815,-0.0718937549209325,0.937855367065324
759,0759.png,-1.5567372,-1.3164941,-0.8872058,-0.2865562860797047,0.03778317580884657,0.05756601117181038,0.9556248510047493
760,0760.png,-1.5877533,-1.4103425,-0.9732331,-0.30686723389289045,-0.04309450617488016,0.01143639991613585,0.950622337182082
761,0761.png,-1.688062,-1.4409125,-0.93214905,-0.30446462617488756,-0.09856622990645993,-0.02823220544338703,0.9468850541289197
762,0762.png,-1.7634768,-1.4511461,-0.941328,-0.2856335901998274,-0.17018693282237193,-0.05945070950362011,0.9411541296475918
763,0763.png,-1.9193068,-1.4506044,-0.98505074,-0.28806923262210593,-0.1744997630514708,-0.07194632180036624,0.9387436882548461
764,0764.png,-2.0608952,-1.4462907,-1.0562806,-0.28172911131875666,-0.18064574646071135,-0.07415828488914612,0.9393312688459186
765,0765.png,-2.2175226,-1.433553,-1.1158183,-0.28096348877268923,-0.18061089793356366,-0.0749289986099569,0.9395059106792101
766,0766.png,-2.3717883,-1.4321184,-1.1852449,-0.28181899347058326,-0.18053591798158808,-0.07496648289598379,0.9392610539955308
767,0767.png,-2.527803,-1.425141,-1.2526315,-0.28164643710749443,-0.18142744100017202,-0.07390118920676061,0.9392256431599523
768,0768.png,-2.6880848,-1.4183486,-1.314249,-0.2826772813756014,-0.1811136988115129,-0.0739513215283127,0.9389725881684657
769,0769.png,-2.8439758,-1.4137731,-1.383795,-0.2819611237285177,-0.18233844914646516,-0.07315591692960563,0.9390131501037725
770,0770.png,-1.6658642,-1.3563738,-1.1656604,-0.3022797713584985,0.1257579204571909,0.06386712993062152,0.9426532574717885
771,0771.png,-1.621063,-1.4137871,-1.1385124,-0.32800415247249476,-0.0009312888051952842,0.022346692491529214,0.9443222407833946
772,0772.png,-1.8099332,-1.3900259,-1.2245454,-0.28521031137529446,-0.0002445763411526625,-0.000523864223444856,0.9584335330051431
773,0773.png,-1.7609229,-1.4269462,-1.1174566,-0.2872418837061021,-0.14670916232122896,-0.06867660656109077,0.9439752120545913
774,0774.png,-1.8971696,-1.4233315,-1.1419926,-0.28499512652045605,-0.17117662363798247,-0.08719127935726836,0.938996677979838
775,0775.png,-2.0440433,-1.4103843,-1.2211692,-0.28588747629725175,-0.17044669427697448,-0.0760570692116026,0.9398289997214913
776,0776.png,-2.18646,-1.4061549,-1.2750787,-0.28321161559686076,-0.17594114518092824,-0.07922688649477061,0.9393641376184587
777,0777.png,-2.3311868,-1.3936199,-1.3370191,-0.2811020002351047,-0.17848570399007085,-0.07733064575615534,0.9396756993051669
778,0778.png,-2.4767876,-1.3909638,-1.404596,-0.28136945626702914,-0.17914256310545235,-0.07546529982351713,0.9396226377083224
779,0779.png,-2.62697,-1.3798684,-1.461766,-0.28055438156915485,-0.18073691685567647,-0.0739890169092342,0.9396785219840026
780,0780.png,-2.7771251,-1.3782245,-1.530499,-0.28123319039899586,-0.18077898350076538,-0.07447679831862188,0.9394289517217078
781,0781.png,-2.4031222,-1.416482,-1.1180451,-0.20677448408480928,0.6721841292408498,0.39462326142566556,0.5893687173259736
782,0782.png,-2.310377,-1.3745824,-1.3846512,-0.2716895229551297,0.38594655762169683,0.23911725493365987,0.8485741633439503
783,0783.png,-1.9363469,-1.3315669,-1.4286786,-0.29656521279629966,0.11355274450940846,0.08869345351043582,0.9439135832834006
784,0784.png,-1.7263838,-1.3331292,-1.2945054,-0.304496211163299,-0.10183658536832252,-0.009131113727739245,0.9469720129793918
785,0785.png,-1.8731267,-1.3664114,-1.3401263,-0.28561335209156413,-0.11520229804698026,-0.05673586328506681,0.9496310245332354
786,0786.png,-1.9682844,-1.3751367,-1.3291006,-0.2922089095472173,-0.16960383739055182,-0.08663912178914639,0.937116162878579
787,0787.png,-2.1086326,-1.3775878,-1.3990579,-0.29158226519843705,-0.17670215999698574,-0.07929198783101145,0.936650749837186
788,0788.png,-2.2712226,-1.3565881,-1.4856725,-0.2792246278337011,-0.17356434209363344,-0.08105025902146566,0.9408426140788402
789,0789.png,-2.4286146,-1.3601347,-1.5546333,-0.2831539898270223,-0.16963751274595873,-0.07959950902369166,0.9405087826940837
790,0790.png,-2.579277,-1.3413056,-1.6013216,-0.2834314064055679,-0.17270204019441313,-0.07580699788906795,0.9401815845739832
791,0791.png,-2.7240958,-1.3289016,-1.6593368,-0.28231381451337856,-0.18028961559971657,-0.0758601118189955,0.9390878264555272
792,0792.png,-2.453074,-1.2200698,-1.5811362,-0.22958114684970837,-0.3132181569534124,-0.11424902535548354,0.9143382903504861
793,0793.png,-2.3311543,-1.2429328,-1.5108416,-0.2535863013818991,-0.370383374948918,-0.15481856884959608,0.8798519218009784
794,0794.png,-2.3837163,-1.2369517,-1.5467905,-0.2510230534714768,-0.2757250697367132,-0.11688799474547662,0.9203979491378005
795,0795.png,-2.3236763,-1.2185138,-1.5725058,-0.2326681503529377,-0.2619618849806159,-0.09953495489425544,0.9311992631442311
796,0796.png,-2.4368281,-1.229584,-1.5694574,-0.23357020849158075,-0.30921773766562227,-0.1170626553287823,0.9143334011750492
797,0797.png,-2.42565,-1.25084,-1.5588746,-0.2461856720374545,-0.28733266678593233,-0.11725883352477973,0.9181284988679429
798,0798.png,-2.4262502,-1.2425145,-1.585244,-0.26286960916514407,-0.26647771022611916,-0.11479161411683811,0.9201126710687353
799,0799.png,-2.4370265,-1.2332015,-1.6165117,-0.2724178631886371,-0.2393774867704271,-0.10200715376527857,0.926259878829188
800,0800.png,-2.4598274,-1.244293,-1.7112771,-0.2895296551937176,-0.19272379930113973,-0.09695052539778452,0.9324716504366785
801,0801.png,-2.4151404,-1.2543405,-1.5794196,-0.2549996723248692,-0.23869900789478357,-0.11041640435309961,0.9304381153306831
802,0802.png,-2.3789117,-1.2870644,-1.649867,-0.27272290444525055,-0.23829428642565964,-0.1080759638017859,0.9257857568043651
803,0803.png,-2.4335465,-1.2225131,-1.5704474,-0.22519399911320728,-0.2745433438194413,-0.11410409283740688,0.9277845830883507
804,0804.png,-2.4481728,-1.2217597,-1.5829296,-0.2353241436049167,-0.29211549080054094,-0.11261847128658276,0.9200497030225048
805,0805.png,-2.4528694,-1.2210362,-1.5841471,-0.23597888304106954,-0.2915620893820374,-0.11416457882143995,0.9198670907523545
806,0806.png,-2.461823,-1.2186714,-1.5924375,-0.23605968466120544,-0.28586508241659625,-0.11386296629787686,0.9216715701376892
807,0807.png,-2.348972,-1.3180969,-1.4073204,-0.2663393492403388,-0.30662463851412075,-0.1295544886667841,0.9045034218001708
808,0808.png,-2.4026372,-1.3085555,-1.5188924,-0.2733926577373283,-0.23048176122828767,-0.10717703035851668,0.9276523915256047
809,0809.png,-2.420821,-1.2936515,-1.6110594,-0.2923007868805597,-0.19832465894054993,-0.0996535244058624,0.9301945561794512
810,0810.png,-2.393562,-1.2871017,-1.6463002,-0.31131099687684805,-0.204528079550813,-0.09855329792743034,0.9227395933334903
811,0811.png,-2.3733728,-1.2811173,-1.7604991,-0.3204755423902425,-0.18705111299296773,-0.09606796564892896,0.9236090240996706
812,0812.png,-2.3513339,-1.2598845,-1.7858078,-0.31741650155631934,-0.17817437468054065,-0.0975195823442854,0.926222297779299
813,0813.png,-2.3388233,-1.2164059,-1.8106086,-0.3130637818236294,-0.20299444951287246,-0.10238798507596304,0.9220629678250661
814,0814.png,-2.442283,-1.2234783,-1.5855572,-0.23063199637915363,-0.27163571516548374,-0.1106446119054748,0.9277239347171596
815,0815.png,-2.4175968,-1.223963,-1.5554956,-0.231976053519786,-0.25355206981100004,-0.11629306819235079,0.9318066974786479
816,0816.png,-2.4361067,-1.2202817,-1.6002983,-0.22954105609185674,-0.26701706343659415,-0.11084675431158657,0.9293084533919378
817,0817.png,-2.428536,-1.2250712,-1.5811235,-0.2378599603357404,-0.26023745606737,-0.11256524966947247,0.9289330057537085
818,0818.png,-2.3192482,-1.3622153,-1.3995683,-0.2866039170785892,-0.26984514173801144,-0.12961993843799294,0.9100117711993144
819,0819.png,-2.3423035,-1.3473125,-1.485717,-0.2918505639649766,-0.20024733866335065,-0.10251139937191811,0.9295618950118492
820,0820.png,-2.3973386,-1.2855599,-1.5429429,-0.29522883109895626,-0.1738090398726409,-0.09024811545458718,0.9350673904204367
821,0821.png,-2.3929164,-1.2615777,-1.6353037,-0.30530682662804814,-0.15074819117265206,-0.07793202079295834,0.9369743144892357
822,0822.png,-2.384975,-1.234681,-1.6956797,-0.3118995242346769,-0.1661863206971592,-0.08994310127299407,0.9311087187543081
823,0823.png,-2.4428337,-1.2138125,-1.773681,-0.3137213075584651,-0.10331060941658533,-0.06726823170311677,0.941438444861266
824,0824.png,-2.376313,-1.200762,-1.9054469,-0.31974698644456634,-0.12161900840661995,-0.08681450208597623,0.9356216687466138
825,0825.png,-2.4422634,-1.2112726,-1.6146291,-0.22843082457422406,-0.25900511378818925,-0.10562792145610958,0.9324527615504395
826,0826.png,-2.4444008,-1.2202438,-1.5987712,-0.2370071120464944,-0.2478110923335464,-0.10854095234467716,0.9330221046086172
827,0827.png,-2.4244008,-1.2203536,-1.5885293,-0.227753573219115,-0.21031577959739378,-0.1098743389212351,0.9443122363740595
828,0828.png,-2.417607,-1.2285519,-1.5045905,-0.2577327960388826,-0.19331793907036926,-0.10520519654086552,0.9407646873902942
829,0829.png,-2.423274,-1.3224419,-1.4610716,-0.2889331020952753,-0.14623845006053873,-0.08593118672749066,0.9421232666590839
830,0830.png,-2.3272452,-1.3226069,-1.4224904,-0.29963179842287024,-0.17378912214989653,-0.09169003728363267,0.9335388422824455
831,0831.png,-2.2925098,-1.2944465,-1.4856086,-0.3028058392453624,-0.15910809069187096,-0.08837636466339845,0.9353872971430528
832,0832.png,-2.0146883,-1.0029838,-2.225561,-0.2562338470667849,-0.21099350609407116,-0.11876655642707047,0.935745027140093
833,0833.png,-1.9137926,-0.93724203,-2.3765683,-0.26001197107207036,-0.21688683394559977,-0.12405594898623136,0.9326604543505831
834,0834.png,-1.7958667,-0.8851216,-2.5624287,-0.258286381335542,-0.2229000897252347,-0.12273270730000606,0.9318939120588603
835,0835.png,-1.6761687,-0.8075241,-2.774534,-0.24126151294798814,-0.22442625961377174,-0.12831723468743056,0.9353318574573821
836,0836.png,-2.4106836,-1.1977472,-1.660126,-0.21567320536908335,-0.22634570398841208,-0.11816671457021174,0.9424348648796427
837,0837.png,-2.4017494,-1.2075691,-1.5267572,-0.23099664960530775,-0.19195344213001858,-0.10824221107746668,0.947617675801252
838,0838.png,-2.345053,-1.3276819,-1.2398572,-0.27057235253135703,-0.1744218797565805,-0.09567107016450623,0.9418701042144244
839,0839.png,-2.251246,-1.2340758,-1.4159153,-0.25842008569061936,-0.1891298361530426,-0.11532064661743271,0.9402381646492393
840,0840.png,-2.1271658,-1.1709577,-1.5605868,-0.2543881263570713,-0.20480916661257204,-0.11060157359244376,0.9386179298523742
841,0841.png,-2.025162,-1.1195666,-1.7572759,-0.24979366469491263,-0.20712298357091122,-0.11727417256123424,0.9385325785262866
842,0842.png,-1.9170581,-1.0828865,-1.9553641,-0.251155207593142,-0.20834808121574094,-0.11994483830790692,0.9375582994771675
843,0843.png,-1.828682,-1.025845,-2.1302881,-0.2532340927427442,-0.20569300625518835,-0.12161059508505676,0.9373744562648281
844,0844.png,-1.7159119,-0.91534346,-2.2813468,-0.2502284630546243,-0.2131377234786843,-0.11436001004514292,0.9374298705255906
845,0845.png,-1.6027845,-0.8690064,-2.4375768,-0.26105763631169204,-0.22248150517805,-0.11493893862924981,0.9322205983500027
846,0846.png,-1.4795556,-0.81846344,-2.6272492,-0.25914502251278204,-0.22839564033396553,-0.1193558170443683,0.9307641278776955
847,0847.png,-2.2371316,-1.4668628,-0.78084624,-0.23673975081530635,-0.21202929495463724,-0.1057633144699916,0.9421834626119219
848,0848.png,-2.2528925,-1.4326906,-0.9218018,-0.27524496166708023,-0.1785363950555904,-0.10943074868909305,0.9382379170876511
849,0849.png,-2.1405592,-1.317115,-1.0863495,-0.2609613271856542,-0.19323692034853496,-0.10590966300093886,0.9398095610655658
850,0850.png,-2.0377855,-1.2524972,-1.2635257,-0.25874482882102734,-0.20164861056815503,-0.11187193508513214,0.937960257402006
851,0851.png,-1.9317904,-1.182435,-1.4510099,-0.25287649969776704,-0.2040758613321458,-0.11210392481200625,0.9390075959516911
852,0852.png,-1.8287086,-1.1284779,-1.6444227,-0.25171227334655866,-0.2048012747326915,-0.11232846292905002,0.9391356187431069
853,0853.png,-1.7301123,-1.0672371,-1.8265257,-0.25162959198957024,-0.20603675020382614,-0.11477341665310055,0.9385910996357899
854,0854.png,-1.6199648,-1.0151235,-2.0257664,-0.24937488985053,-0.20861972809398246,-0.11444240580244941,0.9386626663423048
855,0855.png,-1.511966,-0.94832814,-2.2040849,-0.24911287234668034,-0.21174115206919147,-0.11434060749534784,0.9380457243440125
856,0856.png,-1.4076176,-0.9163515,-2.3682556,-0.25064649755032936,-0.2169352217986149,-0.11714307932627607,0.9361005192134474
857,0857.png,-1.2793127,-0.87967926,-2.5292656,-0.25584075919563454,-0.2294865872177039,-0.1192324156243349,0.9314250576691042
858,0858.png,-2.1597903,-1.4946029,-0.6418606,-0.27938204165422537,-0.17272253947576305,-0.09687627441316903,0.9394869728890556
859,0859.png,-2.015123,-1.3829782,-0.87618124,-0.24828457938226028,-0.19120841381969614,-0.09943841609570951,0.944357176485644
860,0860.png,-1.9119017,-1.3140857,-0.9805919,-0.25738882219953235,-0.2090128801038974,-0.09881316271672881,0.9381908732140074
861,0861.png,-1.8354125,-1.2518462,-1.1619505,-0.2560337064448823,-0.20445661040523483,-0.10884424178079692,0.9384533167727849
862,0862.png,-1.7399908,-1.1924492,-1.3489628,-0.25212180657207006,-0.20429107365804547,-0.11242904959978338,0.9391248291961909
863,0863.png,-1.6403211,-1.1479394,-1.5470556,-0.2528592025423327,-0.20298301055216864,-0.11240397736219848,0.9392132046284667
864,0864.png,-1.5392681,-1.0964394,-1.7321543,-0.25001232440944987,-0.20585370397318914,-0.11551319444272953,0.9389725564291761
865,0865.png,-1.4377964,-1.0476209,-1.9170722,-0.2508853774022242,-0.207289991430245,-0.11692068191603995,0.9382487168337603
866,0866.png,-1.3190521,-1.0014378,-2.114088,-0.24860235456247654,-0.2124601047175102,-0.11551946486254382,0.9378748780008588
867,0867.png,-1.2120378,-0.9569461,-2.3026032,-0.24896674160649707,-0.21431007750992126,-0.11657331751793087,0.9372249199703363
868,0868.png,-1.1752794,-0.92199147,-2.3684068,-0.25513514614252514,-0.2144786673281799,-0.11911899825999273,0.9352047161140831
869,0869.png,-1.7949581,-1.4740827,-0.58675635,-0.25965577244688937,-0.2716927295021149,-0.14057415189053818,0.9159016487448269
870,0870.png,-1.803781,-1.3489803,-0.8141532,-0.2554845079694859,-0.20285922170930448,-0.09719279427912461,0.9402294163559296
871,0871.png,-1.7048464,-1.3067815,-0.95285225,-0.2659157269103171,-0.21833263678833525,-0.10714017210640836,0.9327593150863577
872,0872.png,-1.6343381,-1.2535253,-1.1457057,-0.2535795588659015,-0.20689418705591914,-0.11554565725473419,0.9377822768906705
873,0873.png,-1.5550079,-1.2050241,-1.2999873,-0.2519279145899299,-0.2061118957342608,-0.12123372047257978,0.9376802906882313
874,0874.png,-1.4616278,-1.166438,-1.4790407,-0.252934983792395,-0.2043018881519579,-0.11478672557760095,0.9386178028472384
875,0875.png,-1.3743461,-1.1175886,-1.6409345,-0.25170352575981186,-0.20439562713649845,-0.11614405306490078,0.9387613076901722
876,0876.png,-1.2816712,-1.0705131,-1.8054628,-0.24985310471457176,-0.20636971327487302,-0.11583688573258599,0.9388616845430119
877,0877.png,-1.1908631,-1.0271418,-1.9742062,-0.2490889637603303,-0.20788227653566324,-0.11762872414273394,0.9385076194173422
878,0878.png,-1.0942863,-0.988793,-2.145746,-0.24942852698466175,-0.2105020499106558,-0.11864551534166871,0.937704731521068
879,0879.png,-1.0126933,-0.9412126,-2.2858863,-0.25192258174838944,-0.21285422606394466,-0.11973639723294202,0.9363666677678424
880,0880.png,-1.5963051,-1.387854,-0.8160957,-0.27345870800050287,-0.1431271401557798,-0.042382422301710146,0.9502055372450581
881,0881.png,-1.6163702,-1.338181,-0.9341699,-0.2831919622076468,-0.14803516022843335,-0.1015375464115875,0.9420585746554285
882,0882.png,-1.5176098,-1.2669526,-1.0273372,-0.26824761850549955,-0.19904129707237198,-0.11667576789927071,0.9352587293978694
883,0883.png,-1.4298599,-1.2057712,-1.1590894,-0.24921038044130525,-0.2189687981274712,-0.11820025611660144,0.9358769991111879
884,0884.png,-1.3670479,-1.208751,-1.3034527,-0.2656895969561361,-0.20921725976860694,-0.11883578020747197,0.9334912742652357
885,0885.png,-1.2847854,-1.1798878,-1.469121,-0.2572972224792142,-0.20646533579381815,-0.1186018004715357,0.9364807946577535
886,0886.png,-1.209862,-1.1308814,-1.5981501,-0.25285766949121813,-0.20774586744877097,-0.11508475936609767,0.9378454525581833
887,0887.png,-1.1372972,-1.0899214,-1.7344105,-0.2503452467998755,-0.20689771549078717,-0.11497180120586069,0.9387208618640145
888,0888.png,-1.0605367,-1.0477196,-1.8697456,-0.24818503196941247,-0.20884354899310184,-0.11363366684844514,0.9390267655718971
889,0889.png,-0.98952174,-1.0100211,-2.004717,-0.24821923283793845,-0.20869576076076676,-0.11524778017031037,0.9388535582900452
890,0890.png,-0.9148376,-0.96869785,-2.137793,-0.2481099858447314,-0.21034744720675316,-0.11637144220860449,0.9383742388814551
891,0891.png,-1.4782207,-1.412823,-0.766732,-0.28044268320144555,-0.16320626164949334,-0.09156409015647127,0.9414046354794409
892,0892.png,-1.3206136,-1.3262013,-0.9333955,-0.3150307120919939,-0.26686781934491255,-0.15850076232060625,0.8967707889105053
893,0893.png,-1.2950747,-1.2634509,-1.0431435,-0.29260943706435266,-0.23287691921994522,-0.1394421768937826,0.9168181005295534
894,0894.png,-1.2688841,-1.1971296,-1.1878325,-0.26483704578513234,-0.21473358346576754,-0.12376874652734068,0.9318393519316407
895,0895.png,-1.1893548,-1.2037969,-1.3275421,-0.27168522521255944,-0.2202135364910645,-0.11860666712479423,0.9292571089367194
896,0896.png,-1.1330644,-1.1681339,-1.4489946,-0.2636748538691602,-0.213006078546092,-0.11711269970804772,0.9334240044817744
897,0897.png,-1.0661198,-1.1377355,-1.5730704,-0.25784370032795706,-0.21184257416284585,-0.11567626160102576,0.9354959685107759
898,0898.png,-1.0025123,-1.1036266,-1.6957511,-0.2537593139258242,-0.20955638302490623,-0.11445560734806312,0.9372761777089937
899,0899.png,-0.9405558,-1.0652598,-1.8086536,-0.25021773076643256,-0.20949773789653686,-0.11389922706415552,0.9383089390209879
900,0900.png,-0.87960964,-1.0278653,-1.9203897,-0.24876010998396492,-0.20972299673804354,-0.11215083876347381,0.9388570817911794
901,0901.png,-0.8171712,-0.9952916,-2.0371048,-0.2473712556007538,-0.21068701495882283,-0.11259388823620681,0.9389550679174542
902,0902.png,-1.1991864,-1.310248,-0.82930493,-0.27084804399367146,-0.31709247964224346,-0.18376355066241182,0.8900256901151458
903,0903.png,-1.2627532,-1.327838,-0.89831483,-0.2927482996043111,-0.23315716771652656,-0.15440682267935352,0.9143077814683302
904,0904.png,-1.0987247,-1.22707,-1.2948953,-0.27184249301283875,-0.13057232989010278,-0.11850320272386942,0.9460100485003891
905,0905.png,-1.1774101,-1.1864318,-1.2109576,-0.2718571885325617,-0.13438549632017152,-0.09245314636608869,0.9483702206826193
906,0906.png,-1.0692407,-1.1645185,-1.2667769,-0.27883161431734016,-0.2221433707655904,-0.11309082524966242,0.9273651351969632
907,0907.png,-1.0153278,-1.1500237,-1.4237416,-0.2647702490196205,-0.20032350115686542,-0.10376959320720351,0.9374945004619781
908,0908.png,-0.9384497,-1.1365232,-1.5378196,-0.25951182313290533,-0.2165069021298023,-0.11090246480548051,0.9345437806448099
909,0909.png,-0.88709515,-1.1059192,-1.6517019,-0.2533569079169695,-0.20735922057224904,-0.11236679815398173,0.9381267677712352
910,0910.png,-0.8251109,-1.0723418,-1.759564,-0.248730012988067,-0.20942242176643816,-0.11123706270482794,0.9390410790562959
911,0911.png,-0.76933414,-1.0377535,-1.8600006,-0.24765597952539553,-0.21044539323815856,-0.11129385686828956,0.939089540165252
912,0912.png,-0.7121295,-1.0090777,-1.9689889,-0.24730707125480703,-0.21062692601652455,-0.11295083134865075,0.938942498840339
913,0913.png,-0.8327319,-1.2376783,-1.1100852,-0.2608899763739486,-0.3074872860855545,-0.17188714891185922,0.8986571333739874
914,0914.png,-0.6762679,-1.1789652,-1.1561968,-0.24287624270982577,-0.3240844839073369,-0.19326079919852282,0.8934952512891341
915,0915.png,-1.0153561,-1.2650826,-1.2549627,-0.2550405038112579,-0.16911800777526576,-0.08570206056181448,0.9481061843785442
916,0916.png,-0.9013753,-1.0638695,-1.4977632,-0.24570947292440276,-0.13818783421465464,-0.1514450546403896,0.9473528005855649
917,0917.png,-0.95762205,-1.1379362,-1.2773403,-0.2525028098358319,-0.20677014766154617,-0.15783872665486126,0.9319122046572726
918,0918.png,-0.8573923,-1.1147254,-1.4001099,-0.2455859492318934,-0.2600556659785093,-0.12570636277749664,0.925267974596464
919,0919.png,-0.8170817,-1.1273854,-1.5212771,-0.25466677257855724,-0.22595876252733021,-0.11085065890317079,0.9336455582165712
920,0920.png,-0.768733,-1.1020746,-1.6167753,-0.2524819579024829,-0.21965055329345715,-0.11020454982347043,0.9358182445837183
921,0921.png,-0.7137649,-1.0791175,-1.7158179,-0.25242661798045635,-0.2168943755227015,-0.1125892339986777,0.9361922361637506
922,0922.png,-0.6601185,-1.0455059,-1.81113,-0.24840366237424463,-0.21677973826446859,-0.10984843852054449,0.9376200281236914
923,0923.png,-0.6062609,-1.0205826,-1.9155228,-0.2465231519469258,-0.21548035994487777,-0.11088745575884755,0.9382931850668443
924,0924.png,-0.6113262,-0.9342587,-1.6963792,-0.2769243470785916,-0.5266713375474738,-0.2557649298833665,0.7614872115921754
925,0925.png,-0.8476981,-0.9202971,-1.791256,-0.2678510972880132,-0.26316612843130704,-0.08928849949521199,0.9224500317467004
926,0926.png,-0.85135496,-0.93098587,-1.7760412,-0.24350235084412658,-0.24750100846668743,-0.10984066269252218,0.9312774782159128
927,0927.png,-0.7973343,-1.0805933,-1.424143,-0.23658145674227532,-0.26906645922037675,-0.12824801958367524,0.9246875080445119
928,0928.png,0.21142197,-0.89893544,-1.9427356,-0.2785962411290087,-0.5302368621325921,-0.2574077382652071,0.7578327923446927
929,0929.png,0.44618654,-0.87575054,-2.0715232,-0.2600332364896211,-0.5205587390710014,-0.25987846016773486,0.7702036596941818
930,0930.png,0.6633179,-0.9797784,-2.0100915,-0.2842738357532484,-0.5460586548257674,-0.2795200021173195,0.7362979710726208
931,0931.png,0.9686793,-0.9981485,-1.9310246,-0.25110186800804396,-0.5849396627528145,-0.29137408188599234,0.7134473951859068
932,0932.png,1.1797006,-0.9038145,-1.7707438,-0.19326844829206416,-0.6348933562974047,-0.2713445456030197,0.6964322193106107
933,0933.png,1.191552,-0.9776609,-1.9631354,-0.2581733241532583,-0.521164905326666,-0.2099068334745342,0.7855381582450862
934,0934.png,0.99175787,-0.961221,-2.2963858,-0.27732891047780117,-0.3760672573848508,-0.17252893255475552,0.866822483807025
935,0935.png,-0.5442482,-0.95402277,-1.4878088,-0.2770272827402751,-0.5282285234520128,-0.25629127597438245,0.7601910848761193
936,0936.png,-0.34349144,-0.93975526,-1.554106,-0.2743049030306676,-0.5281567444016108,-0.25621895323104876,0.7612515704134072
937,0937.png,-0.14646918,-0.92627347,-1.6183326,-0.27279738361090256,-0.5283862337854601,-0.25757120650968585,0.7611756565016115
938,0938.png,0.06397194,-0.9304587,-1.6850616,-0.27714108276111765,-0.5281331597128966,-0.2569571852065381,0.7599903941174838
939,0939.png,0.3126467,-0.9645744,-1.797139,-0.2782764665052581,-0.5180105722219809,-0.2609213584629253,0.7651799523871605
940,0940.png,0.5824704,-0.8902352,-1.8365232,-0.25832135703537024,-0.5363146842180958,-0.2572176798441537,0.7607890593323217
941,0941.png,0.77482724,-0.9321661,-1.8264456,-0.26360346991278216,-0.5477271262138845,-0.28386667342271593,0.7411067321463849
942,0942.png,1.0515804,-0.940383,-1.8257706,-0.2422805040205857,-0.5618404639233379,-0.28778934106489723,0.7362193424402688
943,0943.png,1.1887182,-0.9519262,-1.7539275,-0.23711452718851142,-0.5996076445549952,-0.2683161679076711,0.7150653016340841
944,0944.png,0.7629857,-0.984672,-2.4802883,-0.32723374940279953,-0.3433833567997653,-0.12014373325358363,0.8717049819179011
945,0945.png,0.26180845,-0.9544111,-2.431558,-0.33508894592382005,-0.1603780499774034,-0.048279947484947315,0.9277764561796642
946,0946.png,-0.49346748,-0.9791428,-1.2635884,-0.2810281674006197,-0.5268759571884976,-0.257370194183555,0.7592936915756673
947,0947.png,-0.27601427,-0.9581471,-1.3371454,-0.27463234367262934,-0.5268832625349202,-0.25606339204891543,0.7620693084805604
948,0948.png,-0.06731579,-0.9426428,-1.4028392,-0.2751856940251667,-0.5270827111465753,-0.25435108232681997,0.7623071207706009
949,0949.png,0.12566704,-0.9176339,-1.460706,-0.2783151463869007,-0.5273508742927853,-0.25717447433326107,0.7600323324164806
950,0950.png,0.34752297,-0.9258268,-1.52671,-0.28089667432166415,-0.5295688558940524,-0.25881713197451295,0.7569724076809506
951,0951.png,0.5475603,-0.89292353,-1.5890737,-0.2741480188471908,-0.53107730923104,-0.26390846247532923,0.7566246869993926
952,0952.png,0.9349208,-1.0234845,-1.7238153,-0.2849261207693056,-0.5312707798648705,-0.2513592366479397,0.7567842330498924
953,0953.png,1.1644568,-1.0036755,-1.7741933,-0.27091129101734157,-0.53913199945083,-0.26733479554846434,0.7508669848915263
954,0954.png,1.5453223,-1.1837305,-1.6438707,-0.2484215428964049,-0.5932650982188495,-0.29525557912345424,0.7058889107364484
955,0955.png,1.1508209,-1.4050366,-0.37414706,0.14971014663124382,0.8260904141209557,0.39032093861250144,-0.38077008716325167
956,0956.png,0.23273873,-1.4054817,0.08053863,0.06368549115227135,0.9090679440117331,0.4093323667571889,-0.04002996104730314
957,0957.png,-0.4354327,-1.0060557,-1.0491337,-0.28330375156154985,-0.5198521924065795,-0.25609636672874014,0.7637209474060671
958,0958.png,-0.22034228,-0.97078264,-1.1113045,-0.2789019395497624,-0.5246724605802876,-0.25471301324633333,0.7625002055871405
959,0959.png,0.018487625,-0.98001665,-1.1856009,-0.2772756160170276,-0.5274158510843169,-0.25373722073865185,0.7615240386154334
960,0960.png,0.24062017,-0.970294,-1.2550753,-0.27444401793784406,-0.5297350984395336,-0.2573746211425748,0.75971196237626
961,0961.png,0.45194468,-0.9465661,-1.3207874,-0.2735764458878454,-0.5303023165410372,-0.2559427534841331,0.7601119088298823
962,0962.png,0.683288,-0.9459624,-1.3913227,-0.2710367404079444,-0.5336136361941338,-0.25650569191206346,0.7585076948201812
963,0963.png,0.9234967,-0.9651513,-1.5090638,-0.2750965726264692,-0.5214048458310376,-0.25868237288664336,0.7647868453805355
964,0964.png,1.0749846,-0.9677719,-1.5026044,-0.2840903748897831,-0.5310036206570269,-0.25466284579061454,0.7561893186578085
965,0965.png,1.3446752,-1.0636979,-1.5842648,-0.29157119314060254,-0.534598009240623,-0.26350033210480195,0.7477191376421433
966,0966.png,1.648421,-1.0862691,-1.095835,-0.2112427251910192,-0.6820478959840808,-0.29562705266532646,0.6336151025374985
967,0967.png,1.70139,-1.1027911,-1.1707003,-0.22391304574453258,-0.6678648241943588,-0.2792584145919063,0.6515596668721543
968,0968.png,-0.3234228,-1.0146086,-0.8439872,-0.2800816289558073,-0.5246454686830039,-0.24791747683305018,0.7643336674953894
969,0969.png,-0.10681625,-1.0042031,-0.91482365,-0.2731278185448052,-0.5294474729030613,-0.25246632659741464,0.7620369466662938
970,0970.png,0.09399071,-0.98850805,-0.9806678,-0.27375925288967967,-0.5288072010047206,-0.2555439248912014,0.7612266124458829
971,0971.png,0.30643487,-0.99010396,-1.0481828,-0.2744626479895025,-0.5282124025768432,-0.2566994578975206,0.7609954921548797
972,0972.png,0.51937896,-0.98601633,-1.1173012,-0.27402618990527877,-0.5283288608474471,-0.2566573340044295,0.761086832703067
973,0973.png,0.7260315,-0.9724886,-1.1797127,-0.2733553313215551,-0.5305202738686114,-0.2552705915615834,0.7602667835004976
974,0974.png,0.956059,-0.981596,-1.2436954,-0.273794490593875,-0.5339502362211912,-0.25316270488105347,0.7584077915554954
975,0975.png,1.129518,-0.9733139,-1.328598,-0.2819586801544511,-0.5218073835323576,-0.25546954354539264,0.7630892040533288
976,0976.png,1.423576,-1.0460763,-1.3551992,-0.2791342972429412,-0.543854410607968,-0.2506054122880615,0.75022574841951
977,0977.png,1.5895789,-1.0317144,-1.455317,-0.2737302757662165,-0.530389924105812,-0.25162503184401724,0.7614466645842236
978,0978.png,1.6837605,-0.8800856,-1.5423253,-0.24812942675618557,-0.5556506812879983,-0.17736089286760143,0.773164566125447
979,0979.png,-0.2011224,-1.019988,-0.70549965,-0.27141337100552143,-0.5199306205384434,-0.26157541779154503,0.7661184161216541
980,0980.png,0.0005635619,-1.014405,-0.7522125,-0.26815496876571293,-0.5236324823447789,-0.2557746405239731,0.766705801127399
981,0981.png,0.18811801,-0.99543566,-0.80136466,-0.26520750946922766,-0.5267902067333069,-0.2561616955698545,0.7654290629756917
982,0982.png,0.3836941,-1.0029751,-0.8600812,-0.27121626925757797,-0.5275650714344267,-0.2550440718169143,0.7631656500622199
983,0983.png,0.5853691,-1.0076338,-0.9220812,-0.27277337262114937,-0.5282230899322625,-0.25656489600051147,0.7616413370556212
984,0984.png,0.7873384,-1.006083,-0.9840629,-0.27309616542208837,-0.529882128609327,-0.2563761799867013,0.7604340111483222
985,0985.png,0.9863748,-0.99929,-1.0417912,-0.27173900738220547,-0.5323827417927819,-0.25691245765807075,0.7589883235842428
986,0986.png,1.1892384,-0.9994348,-1.0870006,-0.2757001790573673,-0.5372998308908242,-0.25565052594426313,0.7545052950137974
987,0987.png,1.4480482,-1.054729,-1.1725954,-0.2834700583404495,-0.537614344689342,-0.2514572300580225,0.7528117442493438
988,0988.png,1.489536,-0.96852815,-1.1998324,-0.27487947698493836,-0.5304939087522142,-0.25651635174286747,0.7593162207754459
989,0989.png,1.6900156,-0.9578815,-1.2760172,-0.2674094294608762,-0.5267120210180786,-0.2477438666406766,0.767486722129259
990,0990.png,-0.13173693,-1.0452523,-0.50203615,-0.29441403012655143,-0.5454939147973475,-0.28698714646559415,0.7298573469864844
991,0991.png,0.11116302,-1.0402745,-0.5737829,-0.2820824120363452,-0.5273639731364593,-0.2540513667985496,0.7596906021851972
992,0992.png,0.3143362,-1.0509182,-0.64833355,-0.2665570670213151,-0.5281539547857952,-0.26789520876649625,0.7599678064730491
993,0993.png,0.48881364,-1.0346957,-0.69576746,-0.26936181003328963,-0.5288177873746416,-0.25667273117800987,0.7624029754444513
994,0994.png,0.67328906,-1.0433594,-0.7528616,-0.27292399530820666,-0.5286205946406449,-0.25807617152132234,0.7607972072542539
995,0995.png,0.8531567,-1.0323519,-0.8089348,-0.2723432912920407,-0.5289692567524445,-0.2564824155468928,0.7613039501221494
996,0996.png,1.0234914,-1.0157431,-0.8610537,-0.2715259455943812,-0.5298949148555794,-0.2566480294246694,0.7608949559281551
997,0997.png,1.1893582,-0.9966663,-0.91362834,-0.27051479429129244,-0.5303929645231925,-0.2577985594174159,0.7605170331761698
998,0998.png,1.3533434,-0.9870455,-0.96754,-0.2736342288705118,-0.5283239754097818,-0.2596893138049972,0.7601978670903237
999,0999.png,1.5790133,-1.01138,-1.0428455,-0.2713900271269821,-0.528809741697709,-0.25557104710531114,0.7620626797978957
1000,1000.png,1.6726667,-0.99991715,-1.0584286,-0.27413523211197577,-0.5308512811342889,-0.2573034244665933,0.7590675579356398
1001,1001.png,0.103496134,-1.0567856,-0.3157829,-0.2616406809531707,-0.5730755669553864,-0.2871950104232669,0.7210170403343774
1002,1002.png,0.28809428,-1.115554,-0.41066504,-0.2694007111834833,-0.5554764975953257,-0.2794766138219373,0.7348638692961206
1003,1003.png,0.44316256,-1.1188273,-0.4874636,-0.2722123472760082,-0.538940504669276,-0.2692646891125488,0.7498306838286457
1004,1004.png,0.5905473,-1.055788,-0.5491785,-0.2656196019430505,-0.528238280155716,-0.2531548899625289,0.7652966125945169
1005,1005.png,0.7549124,-1.0477172,-0.5962465,-0.26524485015073274,-0.5285036325838468,-0.2546233394207418,0.7647501365097837
1006,1006.png,0.91275346,-1.038932,-0.646254,-0.2693572386192617,-0.527989672432492,-0.25638354646470823,0.7630783857875547
1007,1007.png,1.0758114,-1.0333884,-0.7001466,-0.270876488610651,-0.5264678925543332,-0.2569716338314071,0.7633953715882922
1008,1008.png,1.2430037,-1.0306363,-0.7527835,-0.2709753196816705,-0.5271539369980937,-0.2572447981685109,0.7627932672447526
1009,1009.png,1.4022031,-1.0283787,-0.80523884,-0.2729669202658998,-0.5267671787435481,-0.2598435108258954,0.7614661164588301
1010,1010.png,1.5674748,-1.0246495,-0.8564235,-0.2736739775118144,-0.527799010350695,-0.2600294405641888,0.760431679268271
1011,1011.png,1.7269015,-1.0197341,-0.89514244,-0.27440546997136933,-0.5318299990978632,-0.2595938616008299,0.7575004170986324
1012,1012.png,0.50419354,-1.0891275,-0.45998558,-0.2818687131128805,-0.5270975672998716,-0.29388863549334204,0.7454025502056103
1013,1013.png,0.5071744,-1.158319,-0.32339486,-0.24803723444033976,-0.5996467429806109,-0.30613559593921236,0.6960167051206946
1014,1014.png,0.66839826,-1.175739,-0.3799561,-0.2724193431213071,-0.5631403748324461,-0.275214911867521,0.7295179656145477
1015,1015.png,0.7693727,-1.1550038,-0.44301262,-0.2817374071992966,-0.5272483669869674,-0.26783081424901795,0.7551446339719996
1016,1016.png,0.8725547,-1.0711179,-0.4890741,-0.2693484236438406,-0.5196349360942855,-0.25128266812929945,0.770491025715227
1017,1017.png,0.9882274,-1.0373409,-0.52048516,-0.26709944595149343,-0.5233490621710513,-0.2567688894358031,0.7669342873995406
1018,1018.png,1.1445175,-1.0444508,-0.5685705,-0.26757327548321896,-0.5242728472227931,-0.257078232390165,0.7660315465755758
1019,1019.png,1.2862314,-1.040941,-0.60967445,-0.26940398459230236,-0.5257353885647297,-0.25672754514167195,0.7645032216198181
1020,1020.png,1.4248663,-1.033461,-0.65493524,-0.26955902292698314,-0.525621039847126,-0.25739732913688823,0.764301050621807
1021,1021.png,1.5636147,-1.0290787,-0.6995066,-0.2713718408514814,-0.5266072574247633,-0.2586960273821543,0.7625378239740163
1022,1022.png,1.6970688,-1.0240802,-0.7388025,-0.27296364935731093,-0.5282062312474166,-0.2593657381013391,0.7606315483369326
1023,1023.png,0.5397228,-1.0986164,-0.45337635,-0.2671799500531273,-0.4962107006127164,-0.2629864509881287,0.7826886853887861
1024,1024.png,0.59713364,-1.1561328,-0.21942961,-0.2882460599848459,-0.5361055617787498,-0.30785452728971724,0.7307231276560102
1025,1025.png,0.73936594,-1.1599512,-0.282522,-0.28460299710521747,-0.5334442644445438,-0.2776300937338578,0.7460770530230416
1026,1026.png,0.8631291,-1.1507063,-0.30301416,-0.2886871546043077,-0.5384681980134757,-0.2680525262241284,0.744444657340739
1027,1027.png,1.0105495,-1.1076853,-0.3670999,-0.26646419879611694,-0.5369934412599985,-0.2502778013670675,0.7598300896682948
1028,1028.png,1.087652,-1.0689058,-0.4081315,-0.2651792536084658,-0.5270754457230705,-0.25738627366667627,0.7648332745124006
1029,1029.png,1.2288681,-1.0677804,-0.45081228,-0.2658823678650759,-0.5256635261403089,-0.25476312063927037,0.7664419214500168
1030,1030.png,1.341866,-1.0473163,-0.49358845,-0.26392030705602315,-0.5214453135173702,-0.25669456566236554,0.76935308107565
1031,1031.png,1.4618347,-1.0449435,-0.5335915,-0.26903262035042463,-0.5206518413254722,-0.25779827933300653,0.7677486123569659
1032,1032.png,1.5820642,-1.0408263,-0.5741738,-0.2704540866810774,-0.5212732495561184,-0.259243360849914,0.766339299722017
1033,1033.png,1.6993704,-1.0366186,-0.61205745,-0.2727138016356524,-0.5207187054092857,-0.26248910761897515,0.7648044003270265
1034,1034.png,0.62518287,-1.1155844,-0.07137632,-0.2687490020000844,-0.5208396115951137,-0.2922429160014395,0.7552164976182931
1035,1035.png,0.6333865,-1.167973,-0.08588618,-0.2955955339553055,-0.5532279499455275,-0.30540781924229576,0.7159380640288271
1036,1036.png,0.93003225,-1.1075215,-0.27098617,-0.29533157750354005,-0.4640144286187684,-0.24803520950134847,0.7971073073813005
1037,1037.png,1.0762086,-1.1024565,-0.35151878,-0.2819231482160185,-0.4761844769524433,-0.25131187362108637,0.7937646076029696
1038,1038.png,1.1442218,-1.086879,-0.33457503,-0.280497850156494,-0.49563664502608246,-0.24880632367720393,0.7830641473385471
1039,1039.png,1.1768749,-1.0650672,-0.32310984,-0.290723616568171,-0.5016706233176383,-0.24933161650239777,0.7752553019399215
1040,1040.png,1.2853364,-1.0581195,-0.3415959,-0.29856872484272035,-0.5084866204811784,-0.2602889551512246,0.764142215993481
1041,1041.png,1.3781695,-1.0740286,-0.37046444,-0.27292428393682777,-0.5221277738412579,-0.25840208248440294,0.765165346701892
1042,1042.png,1.5019425,-1.0590218,-0.41562188,-0.26781712472425145,-0.5192275703450631,-0.258192570817997,0.7690083232523457
1043,1043.png,1.6206107,-1.056043,-0.4575944,-0.27259398086214937,-0.5169820781316878,-0.2580122226861105,0.7689022456194506
1044,1044.png,1.7358409,-1.0412594,-0.4951635,-0.2700270903669532,-0.5187148530257221,-0.25693251083667745,0.7690065405558815
1045,1045.png,0.7859297,-1.1789207,-0.033438087,-0.31500847528681836,-0.446904804969809,-0.24834808576244738,0.7992202057736619
1046,1046.png,0.8854525,-1.170342,-0.10123879,-0.3048192827458537,-0.4563742282245201,-0.25715776926966866,0.7950723866430583
1047,1047.png,0.9963524,-1.1427816,-0.11075762,-0.29407845719594267,-0.4859088478209151,-0.24440049358001548,0.785581046811849
1048,1048.png,1.6956041,-1.0407766,-0.53627795,0.06906853093861812,0.8419426838217758,0.465476074336295,-0.26316314717905054
1049,1049.png,1.7512227,-1.0501614,-0.4675907,0.05233251302050131,0.8469520931415309,0.4696594420278444,-0.24241918676557705
1050,1050.png,1.8289913,-1.063592,-0.33891976,0.07035720458063689,0.8401328276877004,0.45420973096862105,-0.2857649382304064
1051,1051.png,2.0751724,-1.0683838,-0.05028078,0.05214877717563724,0.8572443298181245,0.4542502631572846,-0.23842095570534985
1052,1052.png,1.6952418,-1.2041961,0.08374235,0.08022200524306355,0.8595997906505668,0.4805067815135699,-0.14969544458518316
1053,1053.png,1.4821125,-1.1144673,-0.25604835,-0.26821169285119584,-0.5046362758344332,-0.27074132658818434,0.7742539152441165
1054,1054.png,1.644088,-1.0905555,-0.29108697,-0.2645287227120271,-0.5159948660512433,-0.2621884088171274,0.7709679915541288
1055,1055.png,1.8039554,-1.07043,-0.3531366,-0.26931179351175943,-0.509444546929976,-0.25708274815221854,0.775386339459239
